"","prediction.score.0","prediction.score.1","prediction.score.2","prediction.score.3","prediction.score.4","prediction.score.max"
"0",0,0.636830129541848,0.343461135802128,0,0.019708734656024,0.636830129541848
"1",0,0.863463709310827,0.0657814228585299,0,0.0707548678306429,0.863463709310827
"2",0,0.865159012040834,0.134840987959166,0,0,0.865159012040834
"3",0,0.69350857553151,0,0,0.306491424468489,0.69350857553151
"4",0,0.554480314625224,0.0288150141184372,0,0.416704671256338,0.554480314625224
"5",0,0.530809221078004,0.0468538851752779,0,0.422336893746718,0.530809221078004
"6",0,0.508456875396714,0,0,0.491543124603286,0.508456875396714
"7",0,0.581941505600335,0,0,0.418058494399665,0.581941505600335
"8",0,0.457992003103154,0,0,0.542007996896846,0.542007996896846
"9",0,0.460953475486959,0,0,0.539046524513041,0.539046524513041
"10",0,0.70658385622207,0,0,0.29341614377793,0.70658385622207
"11",0,0.765813569346625,0.0184767487516665,0,0.215709681901708,0.765813569346625
"12",0,0.699088036160795,0,0,0.300911963839204,0.699088036160795
"13",0,0.779499449701288,0.0182927349307649,0,0.202207815367947,0.779499449701288
"14",0,0.784513491535612,0.0180914587107209,0,0.197395049753667,0.784513491535612
"15",0,0.781783804921336,0.0181032089224994,0,0.200112986156165,0.781783804921336
"16",0,0.781587950321999,0.0188301802535581,0,0.199581869424443,0.781587950321999
"17",0,0.703925616514485,0,0,0.296074383485515,0.703925616514485
"18",0,0.696938830263231,0,0,0.303061169736769,0.696938830263231
"19",0,0.477091004266537,0,0,0.522908995733463,0.522908995733463
"20",0,0.560100177384741,0,0,0.439899822615259,0.560100177384741
"21",0,0.178279578766835,0,0.461537237156423,0.360183184076742,0.461537237156423
"22",0,0.014970105438568,0,0.832163412384407,0.152866482177025,0.832163412384407
"23",0,0,0,1,0,1
"24",0,0,0,1,0,1
"25",0,0,0,1,0,1
"26",0,0,0,1,0,1
"27",0,0,0.0355930017070025,0.964406998292998,0,0.964406998292998
"28",0,0,0,0.999999999999999,0,0.999999999999999
"29",1,0,0,0,0,1
"30",1,0,0,0,0,1
"31",1,0,0,0,0,1
"32",1,0,0,0,0,1
"33",1,0,0,0,0,1
"34",1,0,0,0,0,1
"35",1,0,0,0,0,1
"36",1,0,0,0,0,1
"37",1,0,0,0,0,1
"38",1,0,0,0,0,1
"39",0.049009243493311,0,0,0.950990756506689,0,0.950990756506689
"40",0,0.717886966342225,0.154192376921533,0,0.127920656736242,0.717886966342225
"41",0,0.945685272467518,0.0543147275324823,0,0,0.945685272467518
"42",0,0.947515689873217,0.0524843101267832,0,0,0.947515689873217
"43",0,0.857253935287998,0.0379424968264832,0,0.104803567885519,0.857253935287998
"44",0,0.882895590308214,0.017983678511391,0,0.0991207311803951,0.882895590308214
"45",0,0.695993383124689,0,0,0.304006616875311,0.695993383124689
"46",0,0.601436713185986,0.0130586869887857,0,0.385504599825228,0.601436713185986
"47",0,0.901819378872602,0.0367991413111302,0,0.0613814798162681,0.901819378872602
"48",0,0.82967833076269,0.0345698940038726,0,0.135751775233437,0.82967833076269
"49",0,0.792856670008514,0.0190738076315699,0,0.188069522359916,0.792856670008514
"50",0,0.794926607186091,0.0190497776402957,0,0.186023615173613,0.794926607186091
"51",0,0.766459293689002,0.0191333512571907,0,0.214407355053807,0.766459293689002
"52",0,0.775906088565273,0.0188263516499866,0,0.205267559784741,0.775906088565273
"53",0,0.705949578537577,0,0,0.294050421462423,0.705949578537577
"54",0,0.703091876024326,0,0,0.296908123975674,0.703091876024326
"55",0,0.782056487363627,0.0183780014471511,0,0.199565511189222,0.782056487363627
"56",0,0.706233295058154,0,0,0.293766704941846,0.706233295058154
"57",0,0.708593978562219,0,0,0.291406021437781,0.708593978562219
"58",0,0.711650069070522,0,0,0.288349930929478,0.711650069070522
"59",0,0.658179828690626,0,0,0.341820171309374,0.658179828690626
"60",0,0.387276043772197,0,0,0.612723956227803,0.612723956227803
"61",0,0.483718623836366,0,0,0.516281376163634,0.516281376163634
"62",0,0,0,1,0,1
"63",0,0,0,1,0,1
"64",0,0,0,0.931348180871635,0.0686518191283654,0.931348180871635
"65",0,0,0,1,0,1
"66",0,0,0,1,0,1
"67",0,0,0.0524330260751472,0.633549059590383,0.31401791433447,0.633549059590383
"68",0.110025390048511,0.226760063527807,0.187486940625862,0,0.475727605797819,0.475727605797819
"69",0.897779590939627,0,0.102220409060374,0,0,0.897779590939627
"70",0.550826402592968,0.0954105403387771,0.110431196530376,0,0.243331860537878,0.550826402592968
"71",1,0,0,0,0,1
"72",1,0,0,0,0,1
"73",1,0,0,0,0,1
"74",1,0,0,0,0,1
"75",1,0,0,0,0,1
"76",1,0,0,0,0,1
"77",1,0,0,0,0,1
"78",1,0,0,0,0,1
"79",1,0,0,0,0,1
"80",0,0.786602941969521,0.0797940200097971,0,0.133603038020682,0.786602941969521
"81",0,0.630121586672682,0.369878413327318,0,0,0.630121586672682
"82",0,0.891692263923858,0.108307736076142,0,0,0.891692263923858
"83",0,0.938468385847515,0.0615316141524845,0,0,0.938468385847515
"84",0,0.867462998998842,0.0632650225650201,0,0.0692719784361374,0.867462998998842
"85",0,0.982338016774226,0.017661983225773,0,0,0.982338016774226
"86",0,0.901264634738006,0.0987353652619945,0,0,0.901264634738006
"87",0,0.779528843366992,0.220471156633007,0,0,0.779528843366992
"88",0,0.760051736426227,0.239948263573773,0,0,0.760051736426227
"89",0,0.883939148879611,0.0908798673056381,0,0.025180983814751,0.883939148879611
"90",0,0.851600957904465,0.0632669963104509,0,0.0851320457850838,0.851600957904465
"91",0,0.77714661376927,0.195641108127991,0,0.0272122781027389,0.77714661376927
"92",0,0.778978807898421,0.0188966307926047,0,0.202124561308975,0.778978807898421
"93",0,0.885752807794025,0.0891197802848679,0,0.0251274119211074,0.885752807794025
"94",0,0.768734447801214,0.0187284769811785,0,0.212537075217608,0.768734447801214
"95",0,0.696827862153207,0.018711932501377,0,0.284460205345415,0.696827862153207
"96",0,0.715918221901093,0,0,0.284081778098907,0.715918221901093
"97",0,0.726337382935521,0,0,0.273662617064478,0.726337382935521
"98",0,0.483686474283384,0,0,0.516313525716616,0.516313525716616
"99",0,0.622713789163469,0,0,0.377286210836531,0.622713789163469
"100",0,0.346957863392332,0.0128850923634126,0,0.640157044244255,0.640157044244255
"101",0,0.108646614338272,0.015404109372345,0.452074366618828,0.423874909670555,0.452074366618828
"102",0,0,0,1,0,1
"103",0,0,0,1,0,1
"104",0,0,0,1,0,1
"105",0,0.330785637955289,0.180748934694001,0,0.488465427350711,0.488465427350711
"106",0.06525810215616,0.316225461971901,0.123853022748521,0.0876980134543397,0.406965399669078,0.406965399669078
"107",0,0.314223805269572,0.19643495284736,0,0.489341241883068,0.489341241883068
"108",0,0.312770362554318,0.362609747876671,0,0.324619889569011,0.362609747876671
"109",0,0.307179767370538,0.355954577359619,0,0.336865655269842,0.355954577359619
"110",0,0.290396144470442,0.35451265515553,0,0.355091200374028,0.355091200374028
"111",1,0,0,0,0,1
"112",1,0,0,0,0,1
"113",1,0,0,0,0,1
"114",1,0,0,0,0,1
"115",1,0,0,0,0,1
"116",1,0,0,0,0,1
"117",1,0,0,0,0,1
"118",1,0,0,0,0,1
"119",1,0,0,0,0,1
"120",0,0.687362847077516,0.312637152922485,0,0,0.687362847077516
"121",0,0.888933570011822,0.111066429988178,0,0,0.888933570011822
"122",0,0.866474912048035,0.0642298714508138,0,0.0692952165011508,0.866474912048035
"123",0,0.848189880595099,0.1518101194049,0,0,0.848189880595099
"124",0,0.784039021469863,0.215960978530137,0,0,0.784039021469863
"125",0,0.765979162430575,0.234020837569425,0,0,0.765979162430575
"126",0,0.525649118387853,0.474350881612146,0,0,0.525649118387853
"127",0,0.502961092600852,0.497038907399148,0,0,0.502961092600852
"128",0,0.666928684380052,0.333071315619949,0,0,0.666928684380052
"129",0,0.482556773901074,0.517443226098926,0,0,0.517443226098926
"130",0,0.513463543551761,0.486536456448239,0,0,0.513463543551761
"131",0,0.932471299732084,0.0675287002679161,0,0,0.932471299732084
"132",0,0.53327263116919,0.46672736883081,0,0,0.53327263116919
"133",0,0.874957230831384,0.064464883741302,0,0.0605778854273143,0.874957230831384
"134",0,0.778535896019762,0.19355604974442,0,0.027908054235818,0.778535896019762
"135",0,0.865705866272485,0.0636677163880986,0,0.0706264173394163,0.865705866272485
"136",0,0.837240297470095,0.0263650110685003,0,0.136394691461405,0.837240297470095
"137",0,0.65059593110733,0,0,0.349404068892669,0.65059593110733
"138",0,0.617706625736076,0,0,0.382293374263924,0.617706625736076
"139",0,0.566495567168519,0,0,0.433504432831481,0.566495567168519
"140",0,0.738216629359303,0,0,0.261783370640697,0.738216629359303
"141",0,0.0754664252940073,0.0360392511110806,0.566926064029861,0.32156825956505,0.566926064029861
"142",0.0523089147192198,0,0.0341013820571261,0.824928914239815,0.0886607889838386,0.824928914239815
"143",0,0.0809223351538579,0.0490449046672538,0.606198547258909,0.263834212919979,0.606198547258909
"144",0,0,0.0418553107233344,0.731661583714717,0.226483105561948,0.731661583714717
"145",0,0,0.0537777124081914,0.75609285588388,0.190129431707928,0.75609285588388
"146",0,0.321931613729415,0.244295046750988,0,0.433773339519597,0.433773339519597
"147",0,0.40322759139855,0.238449938065248,0,0.358322470536202,0.40322759139855
"148",0,0.333567389748046,0.666432610251954,0,0,0.666432610251954
"149",0.0957824784376455,0.240962177312122,0.3600904745702,0,0.303164869680033,0.3600904745702
"150",0.0853887656167716,0.231256664884392,0.389090297838655,0,0.294264271660182,0.389090297838655
"151",0.942558145712437,0,0.0574418542875627,0,0,0.942558145712437
"152",1,0,0,0,0,1
"153",1,0,0,0,0,1
"154",1,0,0,0,0,1
"155",1,0,0,0,0,1
"156",1,0,0,0,0,1
"157",1,0,0,0,0,1
"158",1,0,0,0,0,1
"159",1,0,0,0,0,1
"160",0,0.739741087317434,0.140762083045429,0,0.119496829637137,0.739741087317434
"161",0,0.92914701438706,0.0708529856129393,0,0,0.92914701438706
"162",0,0.52121457436117,0.47878542563883,0,0,0.52121457436117
"163",0,0.758565135011742,0.241434864988258,0,0,0.758565135011742
"164",0,0.563869927185428,0.436130072814572,0,0,0.563869927185428
"165",0,0.636970880964533,0.363029119035467,0,0,0.636970880964533
"166",0,0.515739589070225,0.484260410929775,0,0,0.515739589070225
"167",0,0.29826050178131,0.70173949821869,0,0,0.70173949821869
"168",0,0.285418191814035,0.714581808185966,0,0,0.714581808185966
"169",0,0.285212593012404,0.714787406987596,0,0,0.714787406987596
"170",0,0.293565285619982,0.706434714380017,0,0,0.706434714380017
"171",0,0.33099350806912,0.66900649193088,0,0,0.66900649193088
"172",0,0.334075822914355,0.665924177085645,0,0,0.665924177085645
"173",0,0.487547665193538,0.512452334806462,0,0,0.512452334806462
"174",0,0.496040634483598,0.503959365516402,0,0,0.503959365516402
"175",0,0.488062148903806,0.511937851096193,0,0,0.511937851096193
"176",0,0.533265036414756,0.466734963585244,0,0,0.533265036414756
"177",0,0.771901428855167,0.201005655204537,0,0.027092915940297,0.771901428855167
"178",0,0.894250200940186,0.0901469150679738,0,0.0156028839918399,0.894250200940186
"179",0,0.840233001199931,0,0,0.15976699880007,0.840233001199931
"180",0,0.429747810229715,0.0169371738780438,0,0.553315015892241,0.553315015892241
"181",0,0.224818062587004,0.0482905684420105,0.233247878820883,0.493643490150102,0.493643490150102
"182",0,0,0,1,0,1
"183",0.167396400297979,0,0.0401110491310111,0.704453514427941,0.0880390361430691,0.704453514427941
"184",0,0.386193268488607,0.118494262272614,0.104684274758152,0.390628194480626,0.390628194480626
"185",0,0.426208908843497,0.238644691901652,0,0.335146399254851,0.426208908843497
"186",0,0.485939966258882,0.275910390707178,0,0.23814964303394,0.485939966258882
"187",0,0.386524318943759,0.529938783551068,0,0.0835368975051733,0.529938783551068
"188",0,0.571897413445958,0.414296499381336,0,0.0138060871727051,0.571897413445958
"189",0,0.230250984909565,0.769749015090436,0,0,0.769749015090436
"190",0,0.384349333030788,0.615650666969212,0,0,0.615650666969212
"191",0.481433523634592,0.141317896437,0.15202506726805,0,0.225223512660358,0.481433523634592
"192",0.486649339406469,0,0.0237476805418582,0.489602980051673,0,0.489602980051673
"193",1,0,0,0,0,1
"194",1,0,0,0,0,1
"195",1,0,0,0,0,1
"196",1,0,0,0,0,1
"197",1,0,0,0,0,1
"198",1,0,0,0,0,1
"199",1,0,0,0,0,1
"200",0,0.723519698015549,0.276480301984452,0,0,0.723519698015549
"201",0,0.487734496182742,0.512265503817258,0,0,0.512265503817258
"202",0,0.318149751296027,0.681850248703972,0,0,0.681850248703972
"203",0,0.430633217200339,0.569366782799661,0,0,0.569366782799661
"204",0,0.42393081882385,0.57606918117615,0,0,0.57606918117615
"205",0,0.108812866187259,0.891187133812741,0,0,0.891187133812741
"206",0,0,1,0,0,1
"207",0,0,1,0,0,1
"208",0,0.104798752039288,0.895201247960712,0,0,0.895201247960712
"209",0,0.0993023803258189,0.900697619674182,0,0,0.900697619674182
"210",0,0.105401614925174,0.894598385074826,0,0,0.894598385074826
"211",0,0.229029190622519,0.770970809377481,0,0,0.770970809377481
"212",0,0.232791210426364,0.767208789573636,0,0,0.767208789573636
"213",0,0.212322897060948,0.787677102939051,0,0,0.787677102939051
"214",0,0.431386129665751,0.568613870334248,0,0,0.568613870334248
"215",0,0.300380935787829,0.699619064212171,0,0,0.699619064212171
"216",0,0.331987632051165,0.668012367948835,0,0,0.668012367948835
"217",0,0.331993996730382,0.668006003269618,0,0,0.668006003269618
"218",0,0.560769480361819,0.439230519638182,0,0,0.560769480361819
"219",0,0.637356711993159,0.34517362697826,0,0.0174696610285802,0.637356711993159
"220",0,0.441191467314187,0.0611619604424198,0,0.497646572243394,0.497646572243394
"221",0.0563471650164136,0.280583731418395,0.0659182103796013,0.219332540369749,0.377818352815841,0.377818352815841
"222",0,0.445308983672255,0.184938922035872,0,0.369752094291873,0.445308983672255
"223",0.187307333332346,0.353352425642536,0.0764030252224831,0,0.382937215802634,0.382937215802634
"224",0.528830956846696,0.255881214314522,0.114486397718246,0,0.100801431120535,0.528830956846696
"225",0,0.685188637201533,0.314811362798467,0,0,0.685188637201533
"226",0,0.466510474767638,0.19042211462664,0,0.343067410605722,0.466510474767638
"227",0,0.448526836129391,0.551473163870609,0,0,0.551473163870609
"228",0,0.375649510851621,0.624350489148378,0,0,0.624350489148378
"229",0,0.344754428897111,0.655245571102889,0,0,0.655245571102889
"230",0,0.226723569092173,0.773276430907827,0,0,0.773276430907827
"231",0,0.108262125908933,0.628164817862887,0,0.263573056228179,0.628164817862887
"232",0.162888432228948,0.238736384900633,0.23093829426402,0,0.3674368886064,0.3674368886064
"233",1,0,0,0,0,1
"234",1,0,0,0,0,1
"235",1,0,0,0,0,1
"236",1,0,0,0,0,1
"237",1,0,0,0,0,1
"238",0.999999999999999,0,0,0,0,0.999999999999999
"239",0.999999999999999,0,0,0,0,0.999999999999999
"240",0,0.339928055505979,0.660071944494021,0,0,0.660071944494021
"241",0,0.0106155721202428,0.989384427879757,0,0,0.989384427879757
"242",0,0.0529104695813534,0.947089530418647,0,0,0.947089530418647
"243",0,0.165618021976697,0.834381978023302,0,0,0.834381978023302
"244",0,0.167648402517723,0.832351597482277,0,0,0.832351597482277
"245",0,0,1,0,0,1
"246",0,0.162132726984487,0.837867273015512,0,0,0.837867273015512
"247",0,0.0137458325167927,0.986254167483207,0,0,0.986254167483207
"248",0,0.107002477726829,0.892997522273171,0,0,0.892997522273171
"249",0,0.105921958382418,0.894078041617582,0,0,0.894078041617582
"250",0,0,1,0,0,1
"251",0,0.104819015992632,0.895180984007368,0,0,0.895180984007368
"252",0,0.164828543641701,0.835171456358299,0,0,0.835171456358299
"253",0,0.0652879731130364,0.934712026886964,0,0,0.934712026886964
"254",0,0.162026112502812,0.837973887497188,0,0,0.837973887497188
"255",0,0.215556491273607,0.784443508726393,0,0,0.784443508726393
"256",0,0.167002563057585,0.832997436942415,0,0,0.832997436942415
"257",0,0.235095065395506,0.764904934604494,0,0,0.764904934604494
"258",0,0.480697120442889,0.519302879557111,0,0,0.519302879557111
"259",0,0.624205737683026,0.375794262316973,0,0,0.624205737683026
"260",0,0.636201435093137,0.363798564906863,0,0,0.636201435093137
"261",0,0.671062579527323,0.328937420472677,0,0,0.671062579527323
"262",0,0.473048932723576,0.108319093332679,0,0.418631973943745,0.473048932723576
"263",0.193497057597989,0.432535771838955,0.125502698149592,0,0.248464472413464,0.432535771838955
"264",1,0,0,0,0,1
"265",0,0.466244524090338,0.229052291506269,0,0.304703184403393,0.466244524090338
"266",0,0.719494905077528,0.280505094922472,0,0,0.719494905077528
"267",0,0.622090049862619,0.377909950137381,0,0,0.622090049862619
"268",0,0.565296402674194,0.434703597325807,0,0,0.565296402674194
"269",0,0.729859948144807,0.270140051855194,0,0,0.729859948144807
"270",0,0.571448861539382,0.307925540585125,0,0.120625597875492,0.571448861539382
"271",0,0.212053853644597,0.194195167193509,0,0.593750979161893,0.593750979161893
"272",0,0,0.041841098948351,0.92868693584372,0.029471965207929,0.92868693584372
"273",0,0,0,1,0,1
"274",1,0,0,0,0,1
"275",1,0,0,0,0,1
"276",1,0,0,0,0,1
"277",1,0,0,0,0,1
"278",1,0,0,0,0,1
"279",1,0,0,0,0,1
"280",0,0.226066513122988,0.773933486877012,0,0,0.773933486877012
"281",0,0,1,0,0,1
"282",0,0.128951497270109,0.871048502729891,0,0,0.871048502729891
"283",0,0.211295076086981,0.788704923913019,0,0,0.788704923913019
"284",0,0.105936520022924,0.894063479977076,0,0,0.894063479977076
"285",0,0.10384355932679,0.89615644067321,0,0,0.89615644067321
"286",0,0.0135971443857048,0.986402855614295,0,0,0.986402855614295
"287",0,0.104855637749376,0.895144362250624,0,0,0.895144362250624
"288",0,0.0951000655879841,0.904899934412016,0,0,0.904899934412016
"289",0,0.105877598039434,0.894122401960566,0,0,0.894122401960566
"290",0,0,1,0,0,1
"291",0,0.165577457082284,0.834422542917715,0,0,0.834422542917715
"292",0,0.161152602817727,0.838847397182273,0,0,0.838847397182273
"293",0,0.163144986672368,0.836855013327631,0,0,0.836855013327631
"294",0,0.217018866069843,0.782981133930158,0,0,0.782981133930158
"295",0,0.231603397117454,0.768396602882546,0,0,0.768396602882546
"296",0,0.220743239670796,0.779256760329204,0,0,0.779256760329204
"297",0,0.224216773660336,0.775783226339664,0,0,0.775783226339664
"298",0,0.337648971828034,0.662351028171966,0,0,0.662351028171966
"299",0,0.560422771016102,0.439577228983898,0,0,0.560422771016102
"300",0,0.591798365296817,0.205643242610945,0,0.202558392092238,0.591798365296817
"301",0.0883544432134228,0.480277693353153,0.219139208293611,0,0.212228655139814,0.480277693353153
"302",1,0,0,0,0,1
"303",1,0,0,0,0,1
"304",1,0,0,0,0,1
"305",0.500615943537614,0.401265466505176,0.0504805370426867,0,0.0476380529145234,0.500615943537614
"306",0.636714974958829,0.242990696007655,0.120294329033516,0,0,0.636714974958829
"307",0,0.464774321307472,0.220288722989259,0,0.31493695570327,0.464774321307472
"308",0,0.93207609836455,0.0679239016354497,0,0,0.93207609836455
"309",0,0.710296285826968,0.159799845623335,0,0.129903868549697,0.710296285826968
"310",0,0.384808110545379,0.100973048555881,0,0.51421884089874,0.51421884089874
"311",0,0.331593260767693,0.0585318554768232,0,0.609874883755484,0.609874883755484
"312",0,0,0.0463065948932728,0.66205263432409,0.291640770782637,0.66205263432409
"313",0,0,0,1,0,1
"314",0,0,0,1,0,1
"315",1,0,0,0,0,1
"316",1,0,0,0,0,1
"317",1,0,0,0,0,1
"318",1,0,0,0,0,1
"319",1,0,0,0,0,1
"320",0.196594978270188,0.345510791004814,0.236070313550127,0,0.221823917174871,0.345510791004814
"321",0,0,1,0,0,1
"322",0,0,1,0,0,1
"323",0,0.00333925442322332,0.996660745576777,0,0,0.996660745576777
"324",0,0.103170165694098,0.896829834305903,0,0,0.896829834305903
"325",0,0.0139631550810368,0.986036844918963,0,0,0.986036844918963
"326",0,0.104343630744831,0.89565636925517,0,0,0.89565636925517
"327",0,0.10529151651233,0.894708483487671,0,0,0.894708483487671
"328",0,0.104810813279726,0.895189186720275,0,0,0.895189186720275
"329",0,0.105000319314665,0.894999680685335,0,0,0.894999680685335
"330",0,0.097138384610473,0.902861615389527,0,0,0.902861615389527
"331",0,0.10728523474471,0.89271476525529,0,0,0.89271476525529
"332",0,0.106426232164808,0.893573767835192,0,0,0.893573767835192
"333",0,0.161605960458584,0.838394039541416,0,0,0.838394039541416
"334",0,0.106904249501749,0.893095750498251,0,0,0.893095750498251
"335",0,0.222811593235027,0.777188406764973,0,0,0.777188406764973
"336",0,0.219816066727359,0.780183933272641,0,0,0.780183933272641
"337",0,0.305662085829464,0.694337914170535,0,0,0.694337914170535
"338",0,0.493716147244487,0.506283852755513,0,0,0.506283852755513
"339",0,0.524225282445797,0.475774717554203,0,0,0.524225282445797
"340",0,0.517060495528507,0.200630235598585,0,0.282309268872908,0.517060495528507
"341",0.202352033065967,0.456404616825669,0.122294327319162,0,0.218949022789202,0.456404616825669
"342",1,0,0,0,0,1
"343",1,0,0,0,0,1
"344",1,0,0,0,0,1
"345",1,0,0,0,0,1
"346",1,0,0,0,0,1
"347",0.161864444196837,0.396228558344388,0.306359774842416,0,0.135547222616358,0.396228558344388
"348",0,0.647321524724394,0.155064311531186,0,0.19761416374442,0.647321524724394
"349",0,0.610601943277748,0.0558133615328407,0,0.333584695189411,0.610601943277748
"350",0,0.344220954681721,0.0581729005586261,0,0.597606144759652,0.597606144759652
"351",0,0.0901333990688515,0.0137503671126828,0.795448093675667,0.100668140142799,0.795448093675667
"352",0,0,0,1,0,1
"353",0,0,0,1,0,1
"354",0,0,0,1,0,1
"355",1,0,0,0,0,1
"356",1,0,0,0,0,1
"357",1,0,0,0,0,1
"358",1,0,0,0,0,1
"359",1,0,0,0,0,1
"360",0,0.109724802906876,0.785325706401912,0,0.104949490691212,0.785325706401912
"361",0.31536397692054,0.272916559795698,0.411719463283762,0,0,0.411719463283762
"362",0,0.198536650266245,0.801463349733755,0,0,0.801463349733755
"363",0,0.00339939889573764,0.996600601104262,0,0,0.996600601104262
"364",0,0.0136010554887602,0.98639894451124,0,0,0.98639894451124
"365",0,0.104026712057356,0.895973287942644,0,0,0.895973287942644
"366",0,0.103115787149902,0.896884212850099,0,0,0.896884212850099
"367",0,0.102840271781018,0.897159728218981,0,0,0.897159728218981
"368",0,0.0137398316332209,0.986260168366779,0,0,0.986260168366779
"369",0,0.104641007735271,0.895358992264729,0,0,0.895358992264729
"370",0,0.106738622816253,0.893261377183747,0,0,0.893261377183747
"371",0,0.106935815351791,0.893064184648209,0,0,0.893064184648209
"372",0,0.105163410124547,0.894836589875453,0,0,0.894836589875453
"373",0,0.160879471888821,0.839120528111179,0,0,0.839120528111179
"374",0,0.106855498447746,0.893144501552254,0,0,0.893144501552254
"375",0,0.221825337813776,0.778174662186224,0,0,0.778174662186224
"376",0,0.216137874802428,0.783862125197572,0,0,0.783862125197572
"377",0,0.482363920664679,0.517636079335321,0,0,0.517636079335321
"378",0,0.493531238521092,0.506468761478909,0,0,0.506468761478909
"379",0,0.721405001268082,0.278594998731918,0,0,0.721405001268082
"380",0.68335538028107,0.28746907647653,0.0291755432423999,0,0,0.68335538028107
"381",0.999999999999999,0,0,0,0,0.999999999999999
"382",1,0,0,0,0,1
"383",1,0,0,0,0,1
"384",1,0,0,0,0,1
"385",1,0,0,0,0,1
"386",1,0,0,0,0,1
"387",0.503884843511228,0.299556873070811,0.0510473807686463,0,0.145510902649315,0.503884843511228
"388",0.0470220446989611,0.556240178771561,0.0972227280116807,0,0.299515048517798,0.556240178771561
"389",0.086386201321032,0.417175807314996,0.0550928055803939,0,0.441345185783578,0.441345185783578
"390",0,0.377377358748359,0.0205158541292878,0.162592269243695,0.439514517878657,0.439514517878657
"391",0,0,0,0.999999999999999,0,0.999999999999999
"392",0,0,0,1,0,1
"393",0,0,0,1,0,1
"394",0,0,0,1,0,1
"395",0.0835300305067532,0,0,0.916469969493247,0,0.916469969493247
"396",0.999999999999999,0,0,0,0,0.999999999999999
"397",1,0,0,0,0,1
"398",1,0,0,0,0,1
"399",1,0,0,0,0,1
"400",0.963774472293766,0,0.0362255277062338,0,0,0.963774472293766
"401",0,0.327305078973017,0.45345394464827,0,0.219240976378713,0.45345394464827
"402",0,0.0791547734369403,0.92084522656306,0,0,0.92084522656306
"403",0,0.311339708792171,0.688660291207829,0,0,0.688660291207829
"404",0,0.103473518337288,0.896526481662713,0,0,0.896526481662713
"405",0,0.189377901309136,0.810622098690864,0,0,0.810622098690864
"406",0,0.101138801937593,0.898861198062407,0,0,0.898861198062407
"407",0,0.162435550386486,0.837564449613514,0,0,0.837564449613514
"408",0,0.0137031319946037,0.986296868005397,0,0,0.986296868005397
"409",0,0.0989254577814408,0.901074542218559,0,0,0.901074542218559
"410",0,0.0975893694705736,0.902410630529426,0,0,0.902410630529426
"411",0,0.109676163441178,0.890323836558822,0,0,0.890323836558822
"412",0,0.106383915856447,0.893616084143553,0,0,0.893616084143553
"413",0,0.163629162719596,0.836370837280404,0,0,0.836370837280404
"414",0,0.161985267236024,0.838014732763975,0,0,0.838014732763975
"415",0,0.162597129992169,0.837402870007831,0,0,0.837402870007831
"416",0,0.223757240218008,0.776242759781992,0,0,0.776242759781992
"417",0,0.485567969863171,0.514432030136829,0,0,0.514432030136829
"418",0,0.497959932267096,0.502040067732904,0,0,0.502040067732904
"419",0,0.935370825018358,0.0646291749816419,0,0,0.935370825018358
"420",0,0.615752835786767,0.256008093061184,0,0.12823907115205,0.615752835786767
"421",0.377647083886159,0.50663289861206,0.0767014427718708,0,0.0390185747299105,0.50663289861206
"422",1,0,0,0,0,1
"423",1,0,0,0,0,1
"424",1,0,0,0,0,1
"425",1,0,0,0,0,1
"426",1,0,0,0,0,1
"427",1,0,0,0,0,1
"428",1,0,0,0,0,1
"429",0.125181530100665,0.339598450791528,0.0638494662130116,0,0.471370552894795,0.471370552894795
"430",0,0,0,1,0,1
"431",0,0,0,1,0,1
"432",0,0,0,1,0,1
"433",0,0,0,1,0,1
"434",0,0,0,1,0,1
"435",0.38459042150631,0,0,0.615409578493689,0,0.615409578493689
"436",1,0,0,0,0,1
"437",1,0,0,0,0,1
"438",1,0,0,0,0,1
"439",1,0,0,0,0,1
"440",0.395908002559401,0.216321297105679,0.38777070033492,0,0,0.395908002559401
"441",0,0.463186533484992,0.294112904446568,0,0.24270056206844,0.463186533484992
"442",0,0.237186869028813,0.748908015688681,0,0.0139051152825062,0.748908015688681
"443",0,0.280426192986122,0.719573807013879,0,0,0.719573807013879
"444",0,0.23247865628038,0.76752134371962,0,0,0.76752134371962
"445",0,0.230943115395854,0.769056884604146,0,0,0.769056884604146
"446",0,0.285556475395814,0.714443524604185,0,0,0.714443524604185
"447",0,0.257639509961679,0.742360490038321,0,0,0.742360490038321
"448",0,0.197057964826285,0.802942035173715,0,0,0.802942035173715
"449",0,0.167710015689432,0.832289984310568,0,0,0.832289984310568
"450",0,0.261828120467548,0.738171879532452,0,0,0.738171879532452
"451",0,0.104969819191239,0.895030180808761,0,0,0.895030180808761
"452",0,0.165678371365047,0.834321628634953,0,0,0.834321628634953
"453",0,0.107139672228812,0.892860327771188,0,0,0.892860327771188
"454",0,0.161807376092161,0.838192623907839,0,0,0.838192623907839
"455",0,0.163775213217218,0.836224786782782,0,0,0.836224786782782
"456",0,0.204263657634732,0.795736342365268,0,0,0.795736342365268
"457",0,0.484409976727658,0.515590023272342,0,0,0.515590023272342
"458",0,0.506987642592744,0.493012357407256,0,0,0.506987642592744
"459",0,0.848776579277058,0.151223420722942,0,0,0.848776579277058
"460",0,0.974737211360187,0.0252627886398131,0,0,0.974737211360187
"461",1,0,0,0,0,1
"462",1,0,0,0,0,1
"463",1,0,0,0,0,1
"464",1,0,0,0,0,1
"465",1,0,0,0,0,1
"466",0.999999999999999,0,0,0,0,0.999999999999999
"467",0.999999999999999,0,0,0,0,0.999999999999999
"468",1,0,0,0,0,1
"469",0.869464479221386,0,0,0.130535520778614,0,0.869464479221386
"470",0,0,0,1,0,1
"471",0,0,0,1,0,1
"472",0,0,0,1,0,1
"473",0,0,0,1,0,1
"474",0,0,0,1,0,1
"475",0.999999999999999,0,0,0,0,0.999999999999999
"476",1,0,0,0,0,1
"477",1,0,0,0,0,1
"478",1,0,0,0,0,1
"479",1,0,0,0,0,1
"480",0.204210952790673,0.236631944198845,0.306652170556148,0,0.252504932454334,0.306652170556148
"481",0,0.394288165313518,0.385699694502018,0,0.220012140184464,0.394288165313518
"482",0,0.172862841986518,0.448920303684952,0,0.37821685432853,0.448920303684952
"483",0,0.460517672812944,0.405131990313127,0,0.134350336873929,0.460517672812944
"484",0,0.203106843627333,0.796893156372667,0,0,0.796893156372667
"485",0,0.211237271242556,0.788762728757444,0,0,0.788762728757444
"486",0,0.312424103104607,0.687575896895393,0,0,0.687575896895393
"487",0,0.315032734019989,0.684967265980011,0,0,0.684967265980011
"488",0,0.371586237194716,0.628413762805283,0,0,0.628413762805283
"489",0,0.254483771820558,0.745516228179443,0,0,0.745516228179443
"490",0,0.194895734450499,0.805104265549501,0,0,0.805104265549501
"491",0,0.194937759377397,0.805062240622603,0,0,0.805062240622603
"492",0,0.104562084973671,0.895437915026329,0,0,0.895437915026329
"493",0,0.16115881941454,0.83884118058546,0,0,0.83884118058546
"494",0,0.105864045903306,0.894135954096694,0,0,0.894135954096694
"495",0,0.300998271333905,0.699001728666094,0,0,0.699001728666094
"496",0,0.478300422142216,0.521699577857784,0,0,0.521699577857784
"497",0,0.316461072156947,0.683538927843052,0,0,0.683538927843052
"498",0,0.482357657288055,0.517642342711945,0,0,0.517642342711945
"499",0,0.935917419338013,0.0640825806619877,0,0,0.935917419338013
"500",0,0.826115703880368,0.0433957598005107,0,0.130488536319121,0.826115703880368
"501",0.538685453917624,0.433083939102668,0.028230606979708,0,0,0.538685453917624
"502",1,0,0,0,0,1
"503",1,0,0,0,0,1
"504",1,0,0,0,0,1
"505",1,0,0,0,0,1
"506",1,0,0,0,0,1
"507",1,0,0,0,0,1
"508",1,0,0,0,0,1
"509",1,0,0,0,0,1
"510",0.055115634484941,0,0,0.944884365515059,0,0.944884365515059
"511",0,0,0,1,0,1
"512",0,0,0,1,0,1
"513",0,0,0,1,0,1
"514",0.48511083056237,0,0,0.51488916943763,0,0.51488916943763
"515",1,0,0,0,0,1
"516",1,0,0,0,0,1
"517",1,0,0,0,0,1
"518",1,0,0,0,0,1
"519",1,0,0,0,0,1
"520",0,0.354085555190721,0.310178240312634,0,0.335736204496645,0.354085555190721
"521",0,0.112456811038485,0.623821706138484,0,0.263721482823031,0.623821706138484
"522",0,0.205491561119526,0.333889178518879,0,0.460619260361595,0.460619260361595
"523",0,0.418859442132359,0.443310413687525,0,0.137830144180115,0.443310413687525
"524",0,0.117600558114567,0.0580729079555015,0.736571953717867,0.0877545802120644,0.736571953717867
"525",0,0.216426185281031,0.0200420818344123,0.533956103847977,0.22957562903658,0.533956103847977
"526",0,0.123738881100201,0.0630309589131751,0.724192497854087,0.0890376621325369,0.724192497854087
"527",0,0.101393481888915,0.0102187444849877,0.823555957624377,0.0648318160017197,0.823555957624377
"528",0,0.466500515724839,0.514913734779946,0,0.0185857494952146,0.514913734779946
"529",0,0.459489137904194,0.52181660850474,0,0.0186942535910657,0.52181660850474
"530",0,0.302764273865841,0.697235726134159,0,0,0.697235726134159
"531",0,0.301543168251077,0.698456831748923,0,0,0.698456831748923
"532",0,0.164502358412322,0.835497641587678,0,0,0.835497641587678
"533",0,0.189533546650081,0.81046645334992,0,0,0.81046645334992
"534",0,0.219990185293988,0.780009814706012,0,0,0.780009814706012
"535",0,0.10906805858359,0.89093194141641,0,0,0.89093194141641
"536",0,0.220848403273192,0.779151596726808,0,0,0.779151596726808
"537",0,0.231965520224612,0.768034479775388,0,0,0.768034479775388
"538",0,0.488947039630435,0.511052960369565,0,0,0.511052960369565
"539",0,0.500190036510566,0.499809963489434,0,0,0.500190036510566
"540",0,0.940795645900298,0.0592043540997016,0,0,0.940795645900298
"541",1,0,0,0,0,1
"542",1,0,0,0,0,1
"543",1,0,0,0,0,1
"544",1,0,0,0,0,1
"545",1,0,0,0,0,1
"546",1,0,0,0,0,1
"547",1,0,0,0,0,1
"548",1,0,0,0,0,1
"549",1,0,0,0,0,1
"550",0.0448855146505579,0,0,0.955114485349442,0,0.955114485349442
"551",0,0,0,1,0,1
"552",0,0,0,1,0,1
"553",1,0,0,0,0,1
"554",1,0,0,0,0,1
"555",1,0,0,0,0,1
"556",1,0,0,0,0,1
"557",1,0,0,0,0,1
"558",1,0,0,0,0,1
"559",1,0,0,0,0,1
"560",0,0,1,0,0,1
"561",0,0.182559316236084,0.342907350776875,0,0.474533332987041,0.474533332987041
"562",0,0.142209701192457,0.328433258826206,0,0.529357039981337,0.529357039981337
"563",0,0.382206355488246,0.363780635203704,0,0.25401300930805,0.382206355488246
"564",0,0,0,1,0,1
"565",0,0,0,1,0,1
"566",0,0,0,1,0,1
"567",0,0,0,1,0,1
"568",0,0.339323866412942,0.153676095438956,0.108440393198506,0.398559644949596,0.398559644949596
"569",0,0.229018603260815,0.0659928723327013,0.502066178056768,0.202922346349715,0.502066178056768
"570",0,0.37052246496398,0.340989162085281,0,0.288488372950739,0.37052246496398
"571",0,0.291253332343746,0.692132217658966,0,0.0166144499972883,0.692132217658966
"572",0,0.34477295212698,0.65522704787302,0,0,0.65522704787302
"573",0,0.200077323713467,0.799922676286533,0,0,0.799922676286533
"574",0,0.261428824461367,0.738571175538633,0,0,0.738571175538633
"575",0,0.191242764994084,0.808757235005916,0,0,0.808757235005916
"576",0,0.16575209800112,0.83424790199888,0,0,0.83424790199888
"577",0,0.444427076554332,0.555572923445668,0,0,0.555572923445668
"578",0,0.387301172946279,0.612698827053722,0,0,0.612698827053722
"579",0,0.435659234180936,0.564340765819064,0,0,0.564340765819064
"580",0,0.483198655415294,0.516801344584706,0,0,0.516801344584706
"581",0.0459259130534802,0.500613410963425,0.283978471055393,0,0.169482204927702,0.500613410963425
"582",1,0,0,0,0,1
"583",1,0,0,0,0,1
"584",1,0,0,0,0,1
"585",1,0,0,0,0,1
"586",1,0,0,0,0,1
"587",1,0,0,0,0,1
"588",1,0,0,0,0,1
"589",1,0,0,0,0,1
"590",1,0,0,0,0,1
"591",0.338053881492965,0,0,0.661946118507036,0,0.661946118507036
"592",1,0,0,0,0,1
"593",1,0,0,0,0,1
"594",0.999999999999999,0,0,0,0,0.999999999999999
"595",1,0,0,0,0,1
"596",1,0,0,0,0,1
"597",1,0,0,0,0,1
"598",1,0,0,0,0,1
"599",1,0,0,0,0,1
"600",0,0,0.999999999999999,0,0,0.999999999999999
"601",0,0.229708544856149,0.770291455143851,0,0,0.770291455143851
"602",0,0.11190396026401,0.320620775207011,0,0.567475264528979,0.567475264528979
"603",0,0.122993633614386,0.0493074831616093,0.0892164499332095,0.738482433290795,0.738482433290795
"604",0,0.0866736589491065,0.0135861814220616,0.249142031794052,0.650598127834779,0.650598127834779
"605",0,0,0,1,0,1
"606",0,0,0,1,0,1
"607",0,0,0,1,0,1
"608",0,0,0,1,0,1
"609",0,0,0,1,0,1
"610",0,0,0.0155146299267791,0.463196227839082,0.521289142234139,0.521289142234139
"611",0,0.366770329577976,0.227635627680671,0,0.405594042741353,0.405594042741353
"612",0,0.362656255666194,0.637343744333806,0,0,0.637343744333806
"613",0,0.360695059323055,0.639304940676945,0,0,0.639304940676945
"614",0,0.336974992094695,0.663025007905305,0,0,0.663025007905305
"615",0,0.287444664228397,0.712555335771604,0,0,0.712555335771604
"616",0,0.16878312363727,0.831216876362729,0,0,0.831216876362729
"617",0,0.322500215742355,0.677499784257644,0,0,0.677499784257644
"618",0,0.223228034999168,0.776771965000832,0,0,0.776771965000832
"619",0,0.218927410492458,0.781072589507542,0,0,0.781072589507542
"620",0,0.486832905457681,0.513167094542319,0,0,0.513167094542319
"621",0.550889997518196,0.299614443893734,0.14949555858807,0,0,0.550889997518196
"622",1,0,0,0,0,1
"623",1,0,0,0,0,1
"624",1,0,0,0,0,1
"625",1,0,0,0,0,1
"626",1,0,0,0,0,1
"627",1,0,0,0,0,1
"628",1,0,0,0,0,1
"629",1,0,0,0,0,1
"630",1,0,0,0,0,1
"631",1,0,0,0,0,1
"632",1,0,0,0,0,1
"633",1,0,0,0,0,1
"634",1,0,0,0,0,1
"635",1,0,0,0,0,1
"636",1,0,0,0,0,1
"637",1,0,0,0,0,1
"638",1,0,0,0,0,1
"639",1,0,0,0,0,1
"640",0,0.361254302600483,0.622615563871585,0,0.0161301335279318,0.622615563871585
"641",0,0.25993632588509,0.723365739113257,0,0.0166979350016528,0.723365739113257
"642",0,0.493197382583117,0.260240079326085,0,0.246562538090799,0.493197382583117
"643",0,0.207994302960108,0.0138335870181282,0.0751608567077111,0.703011253314052,0.703011253314052
"644",0,0,0,1,0,1
"645",0,0,0,1,0,1
"646",0,0,0,1,0,1
"647",0,0,0,1,0,1
"648",0,0,0,0.940200615113005,0.0597993848869955,0.940200615113005
"649",0,0,0,1,0,1
"650",0,0.0869161648291313,0.0570622878013931,0.0173725855747902,0.838648961794686,0.838648961794686
"651",0,0.0826921373916148,0.0528210291284276,0,0.864486833479957,0.864486833479957
"652",0,0.357840718855639,0.233272980122555,0,0.408886301021807,0.408886301021807
"653",0,0.351708527591502,0.480300273753069,0,0.167991198655429,0.480300273753069
"654",0,0.372971821304065,0.627028178695935,0,0,0.627028178695935
"655",0,0.165378199597114,0.834621800402886,0,0,0.834621800402886
"656",0,0.108150431143114,0.891849568856886,0,0,0.891849568856886
"657",0,0.220368804027569,0.779631195972431,0,0,0.779631195972431
"658",0,0.217823799481576,0.782176200518425,0,0,0.782176200518425
"659",0,0.205499446879226,0.794500553120774,0,0,0.794500553120774
"660",0,0.217850968386523,0.782149031613476,0,0,0.782149031613476
"661",0,0.341015608892195,0.658984391107805,0,0,0.658984391107805
"662",0.377508753035118,0.254569651364344,0.367921595600538,0,0,0.377508753035118
"663",0.319650952306742,0.285038176494328,0.39531087119893,0,0,0.39531087119893
"664",1,0,0,0,0,1
"665",1,0,0,0,0,1
"666",1,0,0,0,0,1
"667",1,0,0,0,0,1
"668",1,0,0,0,0,1
"669",1,0,0,0,0,1
"670",1,0,0,0,0,1
"671",1,0,0,0,0,1
"672",1,0,0,0,0,1
"673",1,0,0,0,0,1
"674",1,0,0,0,0,1
"675",1,0,0,0,0,1
"676",1,0,0,0,0,1
"677",1,0,0,0,0,1
"678",1,0,0,0,0,1
"679",0.0675787625053926,0,0,0.932421237494607,0,0.932421237494607
"680",0,0.343641545978621,0.656358454021379,0,0,0.656358454021379
"681",0,0.219542116155057,0.298857984788096,0,0.481599899056847,0.481599899056847
"682",0,0.0850585579317471,0,0,0.914941442068253,0.914941442068253
"683",0,0.234995211168671,0,0,0.765004788831329,0.765004788831329
"684",0,0.200189818728502,0,0,0.799810181271498,0.799810181271498
"685",0,0,0,0.644810449264613,0.355189550735387,0.644810449264613
"686",0,0.0680445418471557,0,0.196835283531577,0.735120174621267,0.735120174621267
"687",0,0,0,1,0,1
"688",0.0859002791481251,0,0,0.471001558550806,0.443098162301068,0.471001558550806
"689",0,0,0.0129695165184787,0.225050296969319,0.761980186512202,0.761980186512202
"690",0,0.144291590284454,0,0,0.855708409715546,0.855708409715546
"691",0,0,0,0,1,1
"692",0,0.0830912975466995,0,0,0.9169087024533,0.9169087024533
"693",0,0.330479647323856,0.403219977644495,0,0.266300375031649,0.403219977644495
"694",0,0.364395070275351,0.635604929724649,0,0,0.635604929724649
"695",0,0.401672372969552,0.598327627030448,0,0,0.598327627030448
"696",0,0.432000080388629,0.567999919611371,0,0,0.567999919611371
"697",0,0.105962055413317,0.894037944586683,0,0,0.894037944586683
"698",0,0.155296771637295,0.844703228362704,0,0,0.844703228362704
"699",0,0,1,0,0,1
"700",0,0.0465485799391018,0.953451420060898,0,0,0.953451420060898
"701",0,0,1,0,0,1
"702",0,0,1,0,0,1
"703",0,0,1,0,0,1
"704",0,0,1,0,0,1
"705",0.0955198965139877,0.24977712278198,0.377927916478421,0,0.276775064225611,0.377927916478421
"706",1,0,0,0,0,1
"707",1,0,0,0,0,1
"708",1,0,0,0,0,1
"709",1,0,0,0,0,1
"710",1,0,0,0,0,1
"711",1,0,0,0,0,1
"712",1,0,0,0,0,1
"713",1,0,0,0,0,1
"714",1,0,0,0,0,1
"715",1,0,0,0,0,1
"716",1,0,0,0,0,1
"717",1,0,0,0,0,1
"718",0.999999999999999,0,0,0,0,0.999999999999999
"719",0,0,0,1,0,1
"720",0,0.47924544373223,0.389136381874431,0,0.131618174393339,0.47924544373223
"721",0,0.378760127974303,0.0772586672607201,0,0.543981204764977,0.543981204764977
"722",0,0.0808251049506007,0,0,0.919174895049399,0.919174895049399
"723",0,0.135770694782382,0,0,0.864229305217619,0.864229305217619
"724",0,0.0628709611588061,0,0,0.937129038841194,0.937129038841194
"725",0,0.150195504950288,0,0,0.849804495049712,0.849804495049712
"726",0,0,0,0.645768511594559,0.354231488405441,0.645768511594559
"727",0,0,0,1,0,1
"728",0,0,0,0.319659477145453,0.680340522854548,0.680340522854548
"729",0.0532439616037352,0.0819684748412775,0.0491571276984008,0,0.815630435856587,0.815630435856587
"730",0.0746615934375277,0.114446607507965,0,0,0.810891799054508,0.810891799054508
"731",0,0.0790924291174119,0.000162785511771555,0.195240243338999,0.725504542031818,0.725504542031818
"732",0,0.0842564612405618,0,0,0.915743538759437,0.915743538759437
"733",0,0.115926937770591,0.0496672152202139,0,0.834405847009195,0.834405847009195
"734",0,0.668422333956777,0.157860674809542,0,0.173716991233682,0.668422333956777
"735",0,0.411091370014459,0.588908629985541,0,0,0.588908629985541
"736",0,0.454592559601122,0.545407440398878,0,0,0.545407440398878
"737",0,0.199124025734102,0.800875974265898,0,0,0.800875974265898
"738",0,0.224179189002673,0.775820810997327,0,0,0.775820810997327
"739",0,0.047105527957915,0.952894472042085,0,0,0.952894472042085
"740",0,0.0462417627823848,0.953758237217615,0,0,0.953758237217615
"741",0,0,1,0,0,1
"742",0,0,1,0,0,1
"743",0,0,1,0,0,1
"744",0,0,1,0,0,1
"745",0,0,1,0,0,1
"746",0,0.0931188497147525,0.658238456109787,0,0.24864269417546,0.658238456109787
"747",0,0.104144235598349,0,0,0.895855764401651,0.895855764401651
"748",0,0.153619290324841,0.0378983778488405,0,0.808482331826319,0.808482331826319
"749",0.153671135223793,0.0779363966491057,0.0337254310702022,0,0.734667037056899,0.734667037056899
"750",1,0,0,0,0,1
"751",1,0,0,0,0,1
"752",1,0,0,0,0,1
"753",1,0,0,0,0,1
"754",1,0,0,0,0,1
"755",1,0,0,0,0,1
"756",1,0,0,0,0,1
"757",1,0,0,0,0,1
"758",1,0,0,0,0,1
"759",0,0,0,1,0,1
"760",0,0.376253235452004,0.078794163558052,0,0.544952600989944,0.544952600989944
"761",0,0.395448526779158,0.0167313182747271,0,0.587820154946115,0.587820154946115
"762",0,0.0838108627387067,0.0386062880564835,0,0.87758284920481,0.87758284920481
"763",0,0.0956008006589924,0,0,0.904399199341008,0.904399199341008
"764",0,0.0666517691423617,0,0.201847285140277,0.731500945717362,0.731500945717362
"765",0,0,0,0,1,1
"766",0,0,0,0.600311105761318,0.399688894238682,0.600311105761318
"767",0,0.0610991689632656,0,0,0.938900831036735,0.938900831036735
"768",0,0,0.0374719191056084,0,0.962528080894391,0.962528080894391
"769",0,0,0,0.483189555850783,0.516810444149217,0.516810444149217
"770",0.813264086653165,0,0,0,0.186735913346834,0.813264086653165
"771",0.0451816887749163,0.101396567826809,0.0419445896961121,0,0.811477153702162,0.811477153702162
"772",0,0.099008350223494,0,0,0.900991649776507,0.900991649776507
"773",0,0.183676349993349,0.0645277627387121,0,0.751795887267939,0.751795887267939
"774",0,0.454081438668094,0.545918561331906,0,0,0.545918561331906
"775",0,0.463984572824886,0.536015427175114,0,0,0.536015427175114
"776",0,0.458292342883485,0.541707657116515,0,0,0.541707657116515
"777",0,0,1,0,0,1
"778",0,0.162460352624169,0.837539647375831,0,0,0.837539647375831
"779",0,0.00346007570267724,0.996539924297323,0,0,0.996539924297323
"780",0,0.0455914717841925,0.954408528215808,0,0,0.954408528215808
"781",0,0,1,0,0,1
"782",0,0,1,0,0,1
"783",0,0,1,0,0,1
"784",0,0,1,0,0,1
"785",0,0,1,0,0,1
"786",0,0.381414662157734,0.118658029584484,0,0.499927308257781,0.499927308257781
"787",0,0.329630321613228,0,0,0.670369678386772,0.670369678386772
"788",0,0,0,0,1,1
"789",0,0.0920077042765869,0.0333970257052998,0,0.874595270018114,0.874595270018114
"790",0,0,0,0,1,1
"791",0.846715568851657,0,0,0,0.153284431148344,0.846715568851657
"792",1,0,0,0,0,1
"793",1,0,0,0,0,1
"794",1,0,0,0,0,1
"795",1,0,0,0,0,1
"796",1,0,0,0,0,1
"797",1,0,0,0,0,1
"798",0,0,0,0.999999999999999,0,0.999999999999999
"799",0,0,0,1,0,1
"800",0,0.206067666732292,0.135326248318302,0,0.658606084949406,0.658606084949406
"801",0,0.16734247836709,0.045340521893595,0,0.787316999739315,0.787316999739315
"802",0,0,0,0,1,1
"803",0,0.0618613220019716,0,0.0892424218912055,0.848896256106823,0.848896256106823
"804",0,0,0,1,0,1
"805",0,0.0607193013253862,0,0.0871409717892916,0.852139726885322,0.852139726885322
"806",0,0.0757198079342984,0,0,0.924280192065702,0.924280192065702
"807",0,0.0937048246625523,0,0,0.906295175337448,0.906295175337448
"808",0,0,0,0,1,1
"809",1,0,0,0,0,1
"810",0,0.0613507344251148,0,0,0.938649265574885,0.938649265574885
"811",0.862650418137273,0,0,0,0.137349581862727,0.862650418137273
"812",0,0.159981602317618,0.0470078279311523,0,0.793010569751229,0.793010569751229
"813",0,0.112652368945354,0.0470321509500179,0,0.840315480104628,0.840315480104628
"814",0,0.331531043627181,0.180198728971649,0,0.48827022740117,0.48827022740117
"815",0,0.701690920836787,0.165871073229137,0,0.132438005934076,0.701690920836787
"816",0,0.488352945835872,0.368349635289279,0,0.143297418874849,0.488352945835872
"817",0,0.515411073455017,0.484588926544982,0,0,0.515411073455017
"818",0,0.43478451217902,0.565215487820979,0,0,0.565215487820979
"819",0,0.00306436989447433,0.996935630105526,0,0,0.996935630105526
"820",0,0,1,0,0,1
"821",0,0,1,0,0,1
"822",0,0.0135262453002066,0.986473754699794,0,0,0.986473754699794
"823",0,0,1,0,0,1
"824",0,0,1,0,0,1
"825",0,0.0135534429159361,0.986446557084064,0,0,0.986446557084064
"826",0,0.281478456100568,0.564659394837889,0,0.153862149061543,0.564659394837889
"827",0,0,0,0,1,1
"828",0,0,0,0,1,1
"829",0,0,0,0,1,1
"830",0,0.0694039191957051,0,0,0.930596080804295,0.930596080804295
"831",0.767484620818701,0,0,0,0.232515379181299,0.767484620818701
"832",1,0,0,0,0,1
"833",1,0,0,0,0,1
"834",1,0,0,0,0,1
"835",1,0,0,0,0,1
"836",1,0,0,0,0,1
"837",0.999999999999999,0,0,0,0,0.999999999999999
"838",0.137748853597243,0,0,0.862251146402757,0,0.862251146402757
"839",0,0,0,1,0,1
"840",0,0.181507465429033,0.0481192118646569,0,0.77037332270631,0.77037332270631
"841",0,0.228420058769484,0,0,0.771579941230516,0.771579941230516
"842",0,0.141571929994607,0,0.177184348450347,0.681243721555046,0.681243721555046
"843",0,0.09713506385394,0,0,0.90286493614606,0.90286493614606
"844",0,0.0932566246715024,0,0,0.906743375328497,0.906743375328497
"845",0,0,0,0.638353877135208,0.361646122864792,0.638353877135208
"846",0,0,0,0,1,1
"847",0,0,0,0.401136209178542,0.598863790821458,0.598863790821458
"848",0,0.0715727497206962,0.0368031875132745,0,0.89162406276603,0.89162406276603
"849",0,0,0,0.718898970275173,0.281101029724826,0.718898970275173
"850",0,0.082557233349753,0.0374441637427674,0,0.879998602907479,0.879998602907479
"851",0.296175057237586,0.0952291781529411,0.0494196397616352,0.0648575761344924,0.494318548713346,0.494318548713346
"852",0,0.224174332848787,0.0517283376183583,0,0.724097329532854,0.724097329532854
"853",0.0462361625394061,0,0,0.953763837460594,0,0.953763837460594
"854",0,0.229952930611744,0.0584047905596359,0,0.711642278828621,0.711642278828621
"855",0,0.439883852932801,0.0142867914735303,0,0.545829355593669,0.545829355593669
"856",0,0.818496378007685,0.0469266763835287,0,0.134576945608786,0.818496378007685
"857",0,0.487960827486624,0.237874488295826,0,0.27416468421755,0.487960827486624
"858",0,0,1,0,0,1
"859",0,0,1,0,0,1
"860",0,0,1,0,0,1
"861",0,0,1,0,0,1
"862",0,0,1,0,0,1
"863",0,0,1,0,0,1
"864",0,0.013296486661339,0.986703513338661,0,0,0.986703513338661
"865",0,0.12260888405986,0.87739111594014,0,0,0.87739111594014
"866",0,0.442651487604365,0.153027897804713,0,0.404320614590921,0.442651487604365
"867",0,0.07238584184027,0,0,0.92761415815973,0.92761415815973
"868",0,0,0,0,1,1
"869",0,0.238994335438309,0,0,0.761005664561691,0.761005664561691
"870",0,0,0,0,1,1
"871",1,0,0,0,0,1
"872",1,0,0,0,0,1
"873",1,0,0,0,0,1
"874",1,0,0,0,0,1
"875",1,0,0,0,0,1
"876",1,0,0,0,0,1
"877",1,0,0,0,0,1
"878",1,0,0,0,0,1
"879",0,0,0,1,0,1
"880",0,0.0889199328190351,0.0435393063188737,0,0.867540760862092,0.867540760862092
"881",0.159987347890921,0.0979709380036046,0.0432941051197156,0,0.698747608985759,0.698747608985759
"882",0,0.0906745179979956,0,0.0443890914796428,0.864936390522362,0.864936390522362
"883",0,0,0,0.421171969657865,0.578828030342135,0.578828030342135
"884",0,0.0181888459421621,0,0.180472019627798,0.80133913443004,0.80133913443004
"885",0,0,0,1,0,1
"886",0,0.0636864113493068,0,0,0.936313588650693,0.936313588650693
"887",0,0.0989129964159193,0,0,0.90108700358408,0.90108700358408
"888",0,0.0741765902005383,0,0,0.925823409799462,0.925823409799462
"889",0,0.0761354855766637,0.0121814533239076,0,0.911683061099429,0.911683061099429
"890",0,0.0763711581353662,0.0122742069250253,0,0.911354634939609,0.911354634939609
"891",0.103405676512522,0.0881889671138859,0.0505235616287607,0.0748805867271131,0.683001208017718,0.683001208017718
"892",1,0,0,0,0,1
"893",0.0999007451136629,0.176199694029262,0.0522809790045205,0,0.671618581852554,0.671618581852554
"894",0,0.0777148524179165,0.0397924203665839,0.541755696090086,0.340737031125414,0.541755696090086
"895",0,0.119290471868932,0.0496013431450554,0.101671931694165,0.729436253291847,0.729436253291847
"896",0,0.106208125769119,0.0502323266163816,0.243260215252594,0.600299332361905,0.600299332361905
"897",0,0.536408584967269,0.00146394788684809,0,0.462127467145884,0.536408584967269
"898",0,0.447353375175494,0.184431335459757,0,0.368215289364749,0.447353375175494
"899",0,0.100103650136687,0.425681499765038,0,0.474214850098275,0.474214850098275
"900",0,0,1,0,0,1
"901",0,0,1,0,0,1
"902",0,0,1,0,0,1
"903",0,0,1,0,0,1
"904",0,0,1,0,0,1
"905",0,0,1,0,0,1
"906",0,0.338441077948529,0.497222381234711,0,0.16433654081676,0.497222381234711
"907",0,0.259135039298886,0,0,0.740864960701114,0.740864960701114
"908",0,0.2412482185786,0,0,0.758751781421401,0.758751781421401
"909",0,0,0,0,1,1
"910",0.142437421985643,0.0793187928020505,0.0367887098989918,0,0.741455075313314,0.741455075313314
"911",1,0,0,0,0,1
"912",1,0,0,0,0,1
"913",1,0,0,0,0,1
"914",1,0,0,0,0,1
"915",1,0,0,0,0,1
"916",1,0,0,0,0,1
"917",1,0,0,0,0,1
"918",1,0,0,0,0,1
"919",0,0,0,1,0,1
"920",0,0.191559737365356,0.0475371024055767,0,0.760903160229067,0.760903160229067
"921",0,0.0864354341710269,0.0379132754170433,0,0.87565129041193,0.87565129041193
"922",0,0.0824400419940108,0.0125823774659036,0,0.904977580540085,0.904977580540085
"923",0,0.0727727953287311,0,0,0.927227204671269,0.927227204671269
"924",0,0.129618317179394,0,0,0.870381682820605,0.870381682820605
"925",0,0.178882769244984,0,0,0.821117230755016,0.821117230755016
"926",0,0.154824670245734,0,0,0.845175329754267,0.845175329754267
"927",0,0.0792464660019836,0,0,0.920753533998016,0.920753533998016
"928",0,0.0877091108515508,0,0.0759152408257345,0.836375648322715,0.836375648322715
"929",0,0.0955089538996668,0,0,0.904491046100333,0.904491046100333
"930",0.0617968623314946,0.15606142239888,0,0,0.782141715269626,0.782141715269626
"931",0.5956137145244,0.10751536693671,0.0457083484381097,0,0.25116257010078,0.5956137145244
"932",0.14616095496282,0,0.0386568040048617,0.476374839876475,0.338807401155843,0.476374839876475
"933",0.0589204048466275,0,0,0.941079595153372,0,0.941079595153372
"934",0,0,0,0.816976175392086,0.183023824607914,0.816976175392086
"935",0,0,0,1,0,1
"936",0,0,0,1,0,1
"937",0,0,0,1,0,1
"938",0,0,0,1,0,1
"939",0,0.194562676874883,0.319317426476574,0,0.486119896648543,0.486119896648543
"940",0,0,1,0,0,1
"941",0,0,1,0,0,1
"942",0,0,1,0,0,1
"943",0,0,0.999999999999999,0,0,0.999999999999999
"944",0,0,1,0,0,1
"945",0,0.297765509946865,0.702234490053135,0,0,0.702234490053135
"946",0,0.234264514962816,0.477805930493064,0,0.287929554544121,0.477805930493064
"947",0,0.253136279060032,0,0,0.746863720939968,0.746863720939968
"948",0,0.101320287813071,0,0,0.898679712186929,0.898679712186929
"949",0.221857239358569,0.0886322522596578,0.0443838542802414,0,0.645126654101532,0.645126654101532
"950",0,0.0765273936837577,0.0371804848024142,0,0.886292121513829,0.886292121513829
"951",1,0,0,0,0,1
"952",1,0,0,0,0,1
"953",1,0,0,0,0,1
"954",1,0,0,0,0,1
"955",1,0,0,0,0,1
"956",1,0,0,0,0,1
"957",1,0,0,0,0,1
"958",1,0,0,0,0,1
"959",0,0,0,0.999999999999999,0,0.999999999999999
"960",0.0761904366766308,0.166696440356746,0.046100007902571,0,0.711013115064052,0.711013115064052
"961",0,0.0802561607785114,0.0378377905068988,0,0.881906048714589,0.881906048714589
"962",0.0562734468674281,0,0,0.303278928918018,0.640447624214554,0.640447624214554
"963",0.0909308239808559,0,0,0.573728582025635,0.335340593993509,0.573728582025635
"964",0,0,0,0.812321286073017,0.187678713926983,0.812321286073017
"965",0,0.226946314647218,0,0,0.773053685352782,0.773053685352782
"966",0,0.0936725923254843,0,0,0.906327407674516,0.906327407674516
"967",0,0.0973893555041769,0,0,0.902610644495823,0.902610644495823
"968",0,0.170522342815882,0,0,0.829477657184118,0.829477657184118
"969",0,0.0958716728832642,0,0,0.904128327116736,0.904128327116736
"970",0,0.261460500109949,0,0,0.73853949989005,0.73853949989005
"971",0.107833693467115,0.0420046555943576,0.0439668793837107,0.424103261214343,0.382091510340474,0.424103261214343
"972",0,0,0,1,0,1
"973",0.0574248776330965,0,0,0.862536406847871,0.0800387155190324,0.862536406847871
"974",0,0,0,1,0,1
"975",0,0,0,1,0,1
"976",0,0,0,1,0,1
"977",0,0,0,1,0,1
"978",0,0,0,1,0,1
"979",0,0,0,0.923598138233268,0.0764018617667315,0.923598138233268
"980",0,0,0.0488778542420214,0.381482276139831,0.569639869618147,0.569639869618147
"981",0,0,1,0,0,1
"982",0,0,1,0,0,1
"983",0,0,1,0,0,1
"984",0,0,1,0,0,1
"985",0,0.33818017784224,0.614893750512855,0,0.0469260716449048,0.614893750512855
"986",0,0.29384351908295,0.219416351504094,0,0.486740129412956,0.486740129412956
"987",0,0.325361503801773,0,0,0.674638496198227,0.674638496198227
"988",0,0.259977293994392,0,0,0.740022706005608,0.740022706005608
"989",0,0.0857180725852966,0.0437427788761595,0,0.870539148538544,0.870539148538544
"990",0.273110128512888,0,0.0441200584174217,0.305587082603573,0.377182730466117,0.377182730466117
"991",0.616833646789074,0,0.0534703672180609,0.0916295424782116,0.238066443514653,0.616833646789074
"992",0.736944828550399,0,0.112523655676684,0,0.150531515772917,0.736944828550399
"993",1,0,0,0,0,1
"994",1,0,0,0,0,1
"995",1,0,0,0,0,1
"996",1,0,0,0,0,1
"997",1,0,0,0,0,1
"998",1,0,0,0,0,1
"999",1,0,0,0,0,1
"1000",0.0758048536315415,0.295488264381436,0.0472301315933684,0,0.581476750393655,0.581476750393655
"1001",0,0.161272481930571,0,0,0.838727518069429,0.838727518069429
"1002",0,0.154444233085142,0,0.0747820005055097,0.770773766409348,0.770773766409348
"1003",0,0.0717897533380457,0,0,0.928210246661954,0.928210246661954
"1004",0,0.0766939915117534,0,0,0.923306008488246,0.923306008488246
"1005",0,0.142165452754253,0,0,0.857834547245747,0.857834547245747
"1006",0,0.22529483051672,0,0,0.774705169483281,0.774705169483281
"1007",0,0.165624153259602,0,0,0.834375846740398,0.834375846740398
"1008",0,0.25904799272745,0,0,0.74095200727255,0.74095200727255
"1009",0,0.251298242245989,0,0,0.748701757754011,0.748701757754011
"1010",0,0.0960543451759127,0.011468573787373,0,0.892477081036714,0.892477081036714
"1011",0.256314960102317,0.165216978583406,0.0581202719807881,0,0.520347789333488,0.520347789333488
"1012",0,0,0,0.999999999999999,0,0.999999999999999
"1013",0,0,0,1,0,1
"1014",0,0,0,1,0,1
"1015",0,0,0,1,0,1
"1016",0,0,0,1,0,1
"1017",0,0,0,1,0,1
"1018",0,0,0,1,0,1
"1019",0,0.0746998232696281,0.0513307861796185,0.14226454985695,0.731704840693803,0.731704840693803
"1020",0,0.112719509671081,0.132203227594837,0,0.755077262734083,0.755077262734083
"1021",0,0.330910537759805,0.496144295271825,0,0.172945166968371,0.496144295271825
"1022",0,0,1,0,0,1
"1023",0,0.254599844143377,0.745400155856623,0,0,0.745400155856623
"1024",0,0.0887782194042265,0.911221780595773,0,0,0.911221780595773
"1025",0,0.350037853379389,0.649962146620611,0,0,0.649962146620611
"1026",0,0.351861792916557,0.497162154285886,0,0.150976052797557,0.497162154285886
"1027",0,0.321517126266198,0.168677153950787,0,0.509805719783015,0.509805719783015
"1028",0,0.117752031164641,0.0473444443234223,0,0.834903524511937,0.834903524511937
"1029",0,0.122084517880429,0.0491524778120287,0,0.828763004307542,0.828763004307542
"1030",0,0.118262943770644,0.0513069042125054,0,0.83043015201685,0.83043015201685
"1031",1,0,0,0,0,1
"1032",1,0,0,0,0,1
"1033",1,0,0,0,0,1
"1034",1,0,0,0,0,1
"1035",1,0,0,0,0,1
"1036",1,0,0,0,0,1
"1037",1,0,0,0,0,1
"1038",1,0,0,0,0,1
"1039",1,0,0,0,0,1
"1040",0.169595857319611,0.201121035362834,0.045581115284993,0,0.583701992032562,0.583701992032562
"1041",0.0495578699421942,0.170010032243752,0.0485074516548462,0,0.731924646159207,0.731924646159207
"1042",0,0.0763073507140037,0,0,0.923692649285996,0.923692649285996
"1043",0,0.0982794782023738,0,0,0.901720521797626,0.901720521797626
"1044",0,0.0475781166883281,0,0,0.952421883311672,0.952421883311672
"1045",0,0.159313389240799,0,0,0.840686610759201,0.840686610759201
"1046",0,0.219438910278242,0,0,0.780561089721758,0.780561089721758
"1047",0,0.164880387137882,0,0,0.835119612862118,0.835119612862118
"1048",0,0.161605221606792,0,0,0.838394778393208,0.838394778393208
"1049",0,0.0992807933419201,0,0,0.90071920665808,0.90071920665808
"1050",0,0.274298156583378,0.00116595856100393,0,0.724535884855618,0.724535884855618
"1051",0,0.0796231349022986,0.0412482466463763,0.149852316489911,0.729276301961413,0.729276301961413
"1052",0,0.127324780835188,0.0556441700917701,0.084521770260848,0.732509278812194,0.732509278812194
"1053",0,0,0,1,0,1
"1054",0,0,0,1,0,1
"1055",0,0,0,1,0,1
"1056",0,0,0,1,0,1
"1057",0,0,0,1,0,1
"1058",0,0,0,1,0,1
"1059",0,0,0,1,0,1
"1060",0,0.206260695636028,0.000192329360299606,0,0.793546975003672,0.793546975003672
"1061",0,0.354345814352465,0.489981366790431,0,0.155672818857104,0.489981366790431
"1062",0,0.237075831069964,0.251628277115079,0,0.511295891814957,0.511295891814957
"1063",0,0.0137831521238449,0.986216847876155,0,0,0.986216847876155
"1064",0,0.246859725396678,0.753140274603322,0,0,0.753140274603322
"1065",0,0.172206854615307,0.827793145384693,0,0,0.827793145384693
"1066",0,0.248060062127267,0.629504451742124,0,0.12243548613061,0.629504451742124
"1067",0,0.257759765929091,0.496892376381956,0,0.245347857688953,0.496892376381956
"1068",0,0.324150328151785,0.147374759548325,0,0.528474912299889,0.528474912299889
"1069",0,0.164901470405077,0.0176992769200847,0.34882559603614,0.468573656638698,0.468573656638698
"1070",0,0.300753852383981,0.0150603004184039,0,0.684185847197616,0.684185847197616
"1071",0.0517403266982727,0.307284312457499,0.115236689237721,0,0.525738671606507,0.525738671606507
"1072",0.101465445254905,0.264397523035353,0.128932109531353,0,0.505204922178389,0.505204922178389
"1073",0.969468420770468,0,0.0305315792295326,0,0,0.969468420770468
"1074",1,0,0,0,0,1
"1075",1,0,0,0,0,1
"1076",0.553623940500492,0.0926633722508767,0.102662037842418,0,0.251050649406213,0.553623940500492
"1077",1,0,0,0,0,1
"1078",0.967619805356776,0,0.0323801946432242,0,0,0.967619805356776
"1079",1,0,0,0,0,1
"1080",0,0.292269657887857,0.0470846667448181,0,0.660645675367325,0.660645675367325
"1081",0.0502614113175216,0.162386081509663,0,0,0.787352507172816,0.787352507172816
"1082",0,0.0759533421267443,0,0,0.924046657873255,0.924046657873255
"1083",0,0.077171376792624,0,0,0.922828623207377,0.922828623207377
"1084",0,0.142273752707423,0,0,0.857726247292577,0.857726247292577
"1085",0,0.143293031512747,0,0,0.856706968487253,0.856706968487253
"1086",0,0.22741032798175,0,0,0.77258967201825,0.77258967201825
"1087",0,0.141707060445667,0,0,0.858292939554332,0.858292939554332
"1088",0,0.138234861668987,0,0,0.861765138331013,0.861765138331013
"1089",0,0.245533621721121,0,0,0.754466378278879,0.754466378278879
"1090",0,0.082767429095538,0.0403297251754893,0.141264134303925,0.735638711425047,0.735638711425047
"1091",0,0,0,1,0,1
"1092",0,0,0,1,0,1
"1093",0,0,0,1,0,1
"1094",0,0,0,1,0,1
"1095",0,0,0,1,0,1
"1096",0,0,0,1,0,1
"1097",0,0,0,1,0,1
"1098",0,0,0,1,0,1
"1099",0,0,0,1,0,1
"1100",0,0,0,0.713209851562684,0.286790148437316,0.713209851562684
"1101",0,0.287203605518715,0.0545043326856537,0,0.658292061795631,0.658292061795631
"1102",0,0.262268287120791,0.455433301275413,0,0.282298411603796,0.455433301275413
"1103",0,0.171223663161482,0.683555067382575,0,0.145221269455944,0.683555067382575
"1104",0,0.220863981117114,0.779136018882886,0,0,0.779136018882886
"1105",0,0.364863843501747,0.635136156498253,0,0,0.635136156498253
"1106",0,0.17492829289769,0.82507170710231,0,0,0.82507170710231
"1107",0,0.348085839492862,0.508876019265053,0,0.143038141242085,0.508876019265053
"1108",0,0.384494175118762,0.482353566809035,0,0.133152258072203,0.482353566809035
"1109",0,0.133604681223396,0.0559141990462342,0,0.810481119730369,0.810481119730369
"1110",0,0.304872928315877,0.0810311538120481,0,0.614095917872075,0.614095917872075
"1111",0,0.12549804075001,0.158927753013452,0,0.715574206236538,0.715574206236538
"1112",0,0.290541919205818,0.212875344075604,0.0951586186809826,0.401424118037596,0.401424118037596
"1113",1,0,0,0,0,1
"1114",1,0,0,0,0,1
"1115",0.390510498948192,0.115567377843187,0.116649590719809,0,0.377272532488811,0.390510498948192
"1116",1,0,0,0,0,1
"1117",1,0,0,0,0,1
"1118",0.902106919826737,0,0.097893080173263,0,0,0.902106919826737
"1119",1,0,0,0,0,1
"1120",0,0.173866826202759,0,0,0.826133173797241,0.826133173797241
"1121",0,0.330919975145756,0,0,0.669080024854244,0.669080024854244
"1122",0,0.240398467171386,0,0,0.759601532828614,0.759601532828614
"1123",0,0.130217752179518,0,0,0.869782247820481,0.869782247820481
"1124",0,0.15877200592886,0,0,0.84122799407114,0.84122799407114
"1125",0,0.141622138655138,0,0,0.858377861344862,0.858377861344862
"1126",0,0.157285680463186,0,0,0.842714319536814,0.842714319536814
"1127",0,0.166528505602134,0,0,0.833471494397866,0.833471494397866
"1128",0,0.243662126262506,0,0,0.756337873737494,0.756337873737494
"1129",0,0.0571363828798191,0,0,0.942863617120181,0.942863617120181
"1130",0,0,0.0143168188397772,0.36145180532233,0.624231375837893,0.624231375837893
"1131",0,0,0,1,0,1
"1132",0,0,0,1,0,1
"1133",0,0,0,1,0,1
"1134",0,0,0,1,0,1
"1135",0,0,0,0.999999999999999,0,0.999999999999999
"1136",0,0,0,1,0,1
"1137",0,0,0,1,0,1
"1138",0,0,0,1,0,1
"1139",0,0.0903930017409411,0,0.132966190719013,0.776640807540046,0.776640807540046
"1140",0,0.255376769270575,0,0,0.744623230729425,0.744623230729425
"1141",0,0.441253066332124,0.0584702329898334,0,0.500276700678042,0.500276700678042
"1142",0,0.332834146235551,0.667165853764448,0,0,0.667165853764448
"1143",0,0.17213918878971,0.827860811210291,0,0,0.827860811210291
"1144",0,0,1,0,0,1
"1145",0,0.324381928527499,0.675618071472501,0,0,0.675618071472501
"1146",0,0.348992014406032,0.651007985593968,0,0,0.651007985593968
"1147",0,0.423422655209479,0.576577344790521,0,0,0.576577344790521
"1148",0,0.516401027951254,0.339878265122641,0,0.143720706926104,0.516401027951254
"1149",0,0.207662447196537,0.0149678615123642,0,0.777369691291099,0.777369691291099
"1150",0,0.45171461688207,0.0679911516128988,0,0.480294231505031,0.480294231505031
"1151",0,0,0.0490104776293907,0.638426902520119,0.312562619850491,0.638426902520119
"1152",0,0.113692330253937,0.0535083060958495,0.255870432666694,0.57692893098352,0.57692893098352
"1153",0.120450426865685,0.218304675524503,0.111517093811292,0.148275657794414,0.401452146004107,0.401452146004107
"1154",0.384221273826035,0,0.0369249968419409,0.578853729332024,0,0.578853729332024
"1155",0.564992937175617,0.111476248596885,0.0642228517750242,0,0.259307962452473,0.564992937175617
"1156",0.253394553248871,0,0.022056518587971,0.622469239408709,0.10207968875445,0.622469239408709
"1157",1,0,0,0,0,1
"1158",1,0,0,0,0,1
"1159",1,0,0,0,0,1
"1160",0,0.0838085707729065,0.0422124188857096,0,0.873979010341384,0.873979010341384
"1161",0,0,0,0,1,1
"1162",0,0,0,0,1,1
"1163",0,0.154172910461977,0,0,0.845827089538024,0.845827089538024
"1164",0,0.1385157643147,0,0,0.8614842356853,0.8614842356853
"1165",0,0.163647052962666,0,0,0.836352947037334,0.836352947037334
"1166",0,0.0475614753025051,0,0,0.952438524697495,0.952438524697495
"1167",0,0.131967492512251,0,0,0.868032507487749,0.868032507487749
"1168",0,0.100318053729772,0,0,0.899681946270228,0.899681946270228
"1169",0,0.0938941130649568,0,0,0.906105886935043,0.906105886935043
"1170",0,0,0,1,0,1
"1171",0,0,0,1,0,1
"1172",0,0,0,1,0,1
"1173",0,0,0,1,0,1
"1174",0,0,0,1,0,1
"1175",0,0,0,1,0,1
"1176",0,0,0,1,0,1
"1177",0,0,0,1,0,1
"1178",0,0,0,1,0,1
"1179",0,0.26100283031869,0,0,0.73899716968131,0.73899716968131
"1180",0,0.349950144078144,0.00131001899741545,0,0.648739836924441,0.648739836924441
"1181",0,0.323893649824796,0,0,0.676106350175204,0.676106350175204
"1182",0,0.349306581428822,0.650693418571178,0,0,0.650693418571178
"1183",0,0.128380049508666,0.871619950491334,0,0,0.871619950491334
"1184",0,0.147017423699631,0.852982576300369,0,0,0.852982576300369
"1185",0,0,1,0,0,1
"1186",0,0.241876665660714,0.758123334339286,0,0,0.758123334339286
"1187",0,0.344786642597766,0.655213357402234,0,0,0.655213357402234
"1188",0,0.470424544502016,0.508868477904279,0,0.0207069775937055,0.508868477904279
"1189",0,0.386300330643361,0.2312020372405,0,0.382497632116138,0.386300330643361
"1190",0,0.125175784482968,0.0508209559321593,0,0.824003259584872,0.824003259584872
"1191",0,0.0856085950949712,0.048104196946489,0.141252869814984,0.725034338143556,0.725034338143556
"1192",0.115202115011569,0.219849360948561,0.0620912207229445,0.0944762791286903,0.508381024188235,0.508381024188235
"1193",0.624623702375802,0.0941858206419176,0.0525440125855217,0,0.228646464396758,0.624623702375802
"1194",0,0,0,1,0,1
"1195",1,0,0,0,0,1
"1196",1,0,0,0,0,1
"1197",0.556150455698521,0.0958737329690373,0.0509771548619107,0,0.296998656470531,0.556150455698521
"1198",1,0,0,0,0,1
"1199",1,0,0,0,0,1
"1200",0,0.0796401987631385,0,0,0.920359801236862,0.920359801236862
"1201",0,0.0791074532410196,0,0,0.92089254675898,0.92089254675898
"1202",0,0.0705170912373371,0,0,0.929482908762663,0.929482908762663
"1203",0,0.047818524028425,0,0,0.952181475971575,0.952181475971575
"1204",0,0.138864388854674,0,0,0.861135611145326,0.861135611145326
"1205",0,0.206800710357184,0,0,0.793199289642816,0.793199289642816
"1206",0,0,0,0,1,1
"1207",0,0,0,0,1,1
"1208",0,0.0161586914454912,0,0,0.983841308554509,0.983841308554509
"1209",0,0,0,0.570886679253706,0.429113320746294,0.570886679253706
"1210",0.523084391463495,0,0,0.134720270055395,0.34219533848111,0.523084391463495
"1211",0,0,0,1,0,1
"1212",0,0,0,1,0,1
"1213",0,0,0,1,0,1
"1214",0,0,0,1,0,1
"1215",0,0,0,1,0,1
"1216",0,0,0,1,0,1
"1217",0,0,0,1,0,1
"1218",0,0,0,1,0,1
"1219",0,0.067412685144984,0.010976520531513,0.312057110526126,0.609553683797377,0.609553683797377
"1220",0,0.250433434522041,0,0,0.74956656547796,0.74956656547796
"1221",0,0.283080351289981,0.131313869645109,0,0.58560577906491,0.58560577906491
"1222",0,0.2724757409986,0.727524259001399,0,0,0.727524259001399
"1223",0,0.100544112117217,0.899455887882783,0,0,0.899455887882783
"1224",0,0.00331756924274456,0.996682430757255,0,0,0.996682430757255
"1225",0,0.10182069256128,0.89817930743872,0,0,0.89817930743872
"1226",0,0.185356598021621,0.814643401978379,0,0,0.814643401978379
"1227",0,0.281178136533346,0.718821863466654,0,0,0.718821863466654
"1228",0,0.425308534082315,0.574691465917685,0,0,0.574691465917685
"1229",0,0.212434007287824,0.0630698760262653,0,0.724496116685911,0.724496116685911
"1230",0,0,0.0132151204592305,0.791177399982387,0.195607479558383,0.791177399982387
"1231",0.999999999999999,0,0,0,0,0.999999999999999
"1232",0,0,0,0.999999999999999,0,0.999999999999999
"1233",1,0,0,0,0,1
"1234",0,0,0.0355079694695442,0.759996818196952,0.204495212333504,0.759996818196952
"1235",0,0,0,1,0,1
"1236",0.540835543887161,0.0999517730395881,0.0512041330560539,0,0.308008550017196,0.540835543887161
"1237",1,0,0,0,0,1
"1238",0.966990890665659,0,0.0330091093343408,0,0,0.966990890665659
"1239",1,0,0,0,0,1
"1240",0,0.154758308029509,0.0355912206496277,0,0.809650471320864,0.809650471320864
"1241",0,0.0709436785654495,0,0,0.92905632143455,0.92905632143455
"1242",0,0,0,0,1,1
"1243",0,0.0647450944867707,0,0,0.935254905513229,0.935254905513229
"1244",0,0,0,0,1,1
"1245",0,0.0483847557452144,0,0,0.951615244254786,0.951615244254786
"1246",0,0,0,0,1,1
"1247",0,0.0160648527762776,0,0,0.983935147223722,0.983935147223722
"1248",0,0.0656055481550432,0,0,0.934394451844957,0.934394451844957
"1249",0,0,0,1,0,1
"1250",1,0,0,0,0,1
"1251",0.929783453493421,0,0,0.0702165465065787,0,0.929783453493421
"1252",0,0,0,1,0,1
"1253",0,0,0,1,0,1
"1254",0,0,0,1,0,1
"1255",0,0,0,0.999999999999999,0,0.999999999999999
"1256",0,0,0,1,0,1
"1257",0,0,0,1,0,1
"1258",0,0,0,1,0,1
"1259",0,0.0139338803518983,0,0.826669682415721,0.159396437232381,0.826669682415721
"1260",0,0.254031290507549,0,0,0.745968709492452,0.745968709492452
"1261",0,0.4465025971216,0.523784955781053,0,0.0297124470973474,0.523784955781053
"1262",0,0.169277248520671,0.830722751479329,0,0,0.830722751479329
"1263",0,0.106507142582403,0.893492857417597,0,0,0.893492857417597
"1264",0,0.105044327871726,0.894955672128273,0,0,0.894955672128273
"1265",0,0.152713027870243,0.847286972129757,0,0,0.847286972129757
"1266",0,0,1,0,0,1
"1267",0,0.100964192566155,0.899035807433845,0,0,0.899035807433845
"1268",0,0.303360449404811,0.696639550595189,0,0,0.696639550595189
"1269",0,0.35897285570355,0.175149573497885,0,0.465877570798565,0.465877570798565
"1270",0,0.316973899778782,0.135181476526845,0,0.547844623694374,0.547844623694374
"1271",0,0,0,1,0,1
"1272",0.137976393488051,0,0,0.862023606511949,0,0.862023606511949
"1273",0,0,0,1,0,1
"1274",0,0,0,1,0,1
"1275",0.252262307676705,0,0,0.747737692323294,0,0.747737692323294
"1276",1,0,0,0,0,1
"1277",1,0,0,0,0,1
"1278",1,0,0,0,0,1
"1279",1,0,0,0,0,1
"1280",0,0,0,0,0.999999999999999,0.999999999999999
"1281",0,0,0,0,1,1
"1282",0,0,0,0,1,1
"1283",0,0.207030728141439,0,0,0.792969271858561,0.792969271858561
"1284",0,0.0487310845329693,0,0,0.951268915467031,0.951268915467031
"1285",0,0,0,0,1,1
"1286",0,0,0,0,1,1
"1287",0.293802946872166,0,0.0261061304787669,0,0.680090922649067,0.680090922649067
"1288",0.999999999999999,0,0,0,0,0.999999999999999
"1289",1,0,0,0,0,1
"1290",1,0,0,0,0,1
"1291",1,0,0,0,0,1
"1292",0,0,0,1,0,1
"1293",0,0,0,1,0,1
"1294",0,0,0,1,0,1
"1295",0,0,0,1,0,1
"1296",0,0,0,1,0,1
"1297",0,0,0,1,0,1
"1298",0,0,0,1,0,1
"1299",0,0.234646047062644,0,0,0.765353952937356,0.765353952937356
"1300",0,0.336356720223855,0,0,0.663643279776145,0.663643279776145
"1301",0,0.461800000508896,0.538199999491104,0,0,0.538199999491104
"1302",0,0.164427337291167,0.835572662708833,0,0,0.835572662708833
"1303",0,0.102280309595384,0.897719690404616,0,0,0.897719690404616
"1304",0,0.100526721693966,0.899473278306034,0,0,0.899473278306034
"1305",0,0,1,0,0,1
"1306",0,0.00339259299263704,0.996607407007363,0,0,0.996607407007363
"1307",0,0,1,0,0,1
"1308",0,0,1,0,0,1
"1309",0,0.372534015400725,0.283936003844285,0,0.34352998075499,0.372534015400725
"1310",0,0,0.011804186642598,0.909084607667236,0.0791112056901664,0.909084607667236
"1311",0.042506005102881,0,0.0325714324351505,0.924922562461968,0,0.924922562461968
"1312",0,0,0,0.999999999999999,0,0.999999999999999
"1313",0,0,0,1,0,1
"1314",0.0992591955178717,0,0,0.612756927703145,0.287983876778983,0.612756927703145
"1315",0.239136038040346,0,0,0.659776449397825,0.101087512561829,0.659776449397825
"1316",0.656195884022247,0,0,0.343804115977752,0,0.656195884022247
"1317",1,0,0,0,0,1
"1318",1,0,0,0,0,1
"1319",1,0,0,0,0,1
"1320",0,0,0,0,1,1
"1321",0,0.0675616391667968,0,0,0.932438360833203,0.932438360833203
"1322",0,0,0,0,1,1
"1323",0,0,0,0,1,1
"1324",0.919611790174561,0,0,0,0.0803882098254391,0.919611790174561
"1325",0.191401538905554,0.0763731295991504,0.0240915336764007,0,0.708133797818895,0.708133797818895
"1326",0.447873490719458,0,0.0254366746797007,0,0.526689834600841,0.526689834600841
"1327",0.999999999999999,0,0,0,0,0.999999999999999
"1328",1,0,0,0,0,1
"1329",1,0,0,0,0,1
"1330",1,0,0,0,0,1
"1331",1,0,0,0,0,1
"1332",1,0,0,0,0,1
"1333",0,0,0,1,0,1
"1334",0,0,0,1,0,1
"1335",0,0,0,1,0,1
"1336",0,0,0,1,0,1
"1337",0,0,0,1,0,1
"1338",0,0,0,0.978447391900364,0.0215526080996356,0.978447391900364
"1339",0,0.11065130325798,0,0.40701343154609,0.48233526519593,0.48233526519593
"1340",0,0.414427479181407,0.151054692018631,0,0.434517828799962,0.434517828799962
"1341",0,0.362966762034607,0.637033237965393,0,0,0.637033237965393
"1342",0,0.401021163204885,0.598978836795115,0,0,0.598978836795115
"1343",0,0,1,0,0,1
"1344",0,0.153407350109416,0.846592649890584,0,0,0.846592649890584
"1345",0,0,1,0,0,1
"1346",0,0,1,0,0,1
"1347",0,0.00343943713063756,0.996560562869362,0,0,0.996560562869362
"1348",0,0.0566477790424034,0.943352220957596,0,0,0.943352220957596
"1349",0,0.319346777431025,0.427918828821508,0.112426038073617,0.14030835567385,0.427918828821508
"1350",0,0,0,0.999999999999999,0,0.999999999999999
"1351",0,0,0,1,0,1
"1352",0,0,0,1,0,1
"1353",0,0,0,1,0,1
"1354",0,0,0,0.999999999999999,0,0.999999999999999
"1355",0.643191056608627,0,0,0,0.356808943391373,0.643191056608627
"1356",0.891445058626555,0,0,0,0.108554941373445,0.891445058626555
"1357",1,0,0,0,0,1
"1358",1,0,0,0,0,1
"1359",1,0,0,0,0,1
"1360",0.275164201316665,0.0809450629556203,0.0232521851955694,0,0.620638550532146,0.620638550532146
"1361",0,0,0,0,1,1
"1362",0.417700252145858,0,0,0,0.582299747854142,0.582299747854142
"1363",0.448795186019877,0,0,0,0.551204813980123,0.551204813980123
"1364",1,0,0,0,0,1
"1365",1,0,0,0,0,1
"1366",1,0,0,0,0,1
"1367",1,0,0,0,0,1
"1368",1,0,0,0,0,1
"1369",1,0,0,0,0,1
"1370",1,0,0,0,0,1
"1371",1,0,0,0,0,1
"1372",1,0,0,0,0,1
"1373",0,0,0,1,0,1
"1374",0,0,0,1,0,1
"1375",0,0,0,1,0,1
"1376",0,0,0,1,0,1
"1377",0,0,0,1,0,1
"1378",0,0,0,1,0,1
"1379",0,0.401483545113425,0.00153250235433822,0,0.596983952532237,0.596983952532237
"1380",0,0.428614124961704,0.00154022002658189,0,0.569845655011714,0.569845655011714
"1381",0,0.383079463804164,0.616920536195836,0,0,0.616920536195836
"1382",0,0.418713328845728,0.581286671154273,0,0,0.581286671154273
"1383",0,0.0136594015347525,0.986340598465248,0,0,0.986340598465248
"1384",0,0,1,0,0,1
"1385",0,0,1,0,0,1
"1386",0,0,1,0,0,1
"1387",0,0,1,0,0,1
"1388",0,0.0284326106286483,0.971567389371352,0,0,0.971567389371352
"1389",0,0.0484491301668792,0.937203914695441,0,0.0143469551376798,0.937203914695441
"1390",0,0,0,1,0,1
"1391",0,0,0,1,0,1
"1392",0,0,0,1,0,1
"1393",0,0,0,1,0,1
"1394",0,0,0,1,0,1
"1395",0.861424880970562,0,0,0,0.138575119029438,0.861424880970562
"1396",1,0,0,0,0,1
"1397",1,0,0,0,0,1
"1398",1,0,0,0,0,1
"1399",1,0,0,0,0,1
"1400",0.846100878447152,0,0,0,0.153899121552848,0.846100878447152
"1401",1,0,0,0,0,1
"1402",1,0,0,0,0,1
"1403",1,0,0,0,0,1
"1404",1,0,0,0,0,1
"1405",1,0,0,0,0,1
"1406",1,0,0,0,0,1
"1407",1,0,0,0,0,1
"1408",1,0,0,0,0,1
"1409",1,0,0,0,0,1
"1410",1,0,0,0,0,1
"1411",1,0,0,0,0,1
"1412",1,0,0,0,0,1
"1413",0,0,0,1,0,1
"1414",0,0,0,1,0,1
"1415",0,0,0,1,0,1
"1416",0,0,0,1,0,1
"1417",0,0,0,1,0,1
"1418",0,0,0,1,0,1
"1419",0,0.334339205114483,0.00161902180887167,0,0.664041773076645,0.664041773076645
"1420",0,0.392090933237366,0.205385078405919,0,0.402523988356714,0.402523988356714
"1421",0,0.470519213031491,0.529480786968508,0,0,0.529480786968508
"1422",0,0.325229279945968,0.65655827514807,0,0.0182124449059627,0.65655827514807
"1423",0,0.047498704638959,0.952501295361041,0,0,0.952501295361041
"1424",0,0,1,0,0,1
"1425",0,0,1,0,0,1
"1426",0,0,1,0,0,1
"1427",0,0,1,0,0,1
"1428",0,0.0504613621752798,0.94953863782472,0,0,0.94953863782472
"1429",0,0,0.833883771646397,0.114846049427588,0.0512701789260152,0.833883771646397
"1430",0,0,0,1,0,1
"1431",0,0,0,1,0,1
"1432",0,0,0,1,0,1
"1433",0,0,0,1,0,1
"1434",0,0,0,0.743611261578149,0.256388738421851,0.743611261578149
"1435",0.182684742294637,0.071193427188295,0,0.0927864496645485,0.653335380852519,0.653335380852519
"1436",0.846589642555682,0,0.0262275468525849,0,0.127182810591733,0.846589642555682
"1437",1,0,0,0,0,1
"1438",1,0,0,0,0,1
"1439",1,0,0,0,0,1
"1440",0.913438339736711,0,0,0,0.0865616602632892,0.913438339736711
"1441",1,0,0,0,0,1
"1442",1,0,0,0,0,1
"1443",1,0,0,0,0,1
"1444",1,0,0,0,0,1
"1445",1,0,0,0,0,1
"1446",1,0,0,0,0,1
"1447",1,0,0,0,0,1
"1448",1,0,0,0,0,1
"1449",1,0,0,0,0,1
"1450",1,0,0,0,0,1
"1451",1,0,0,0,0,1
"1452",1,0,0,0,0,1
"1453",0,0,0,1,0,1
"1454",0,0,0,1,0,1
"1455",0,0,0,1,0,1
"1456",0,0,0,1,0,1
"1457",0,0,0,1,0,1
"1458",0,0,0,1,0,1
"1459",0,0,0,1,0,1
"1460",0,0.382474319090354,0.617525680909646,0,0,0.617525680909646
"1461",0,0.218129295637231,0.781870704362769,0,0,0.781870704362769
"1462",0,0.0641363887566762,0.935863611243324,0,0,0.935863611243324
"1463",0,0,1,0,0,1
"1464",0,0.124163136896695,0.860085832582966,0,0.0157510305203396,0.860085832582966
"1465",0,0,1,0,0,1
"1466",0,0,1,0,0,1
"1467",0,0,1,0,0,1
"1468",0,0,0.984932702349001,0,0.0150672976509994,0.984932702349001
"1469",0,0,0.607468795692408,0.392531204307592,0,0.607468795692408
"1470",0,0,0.00141446053817334,0.947520475171882,0.051065064289944,0.947520475171882
"1471",0,0,0,1,0,1
"1472",0,0,0,1,0,1
"1473",0,0,0,0.852746739632856,0.147253260367144,0.852746739632856
"1474",0.466749465316666,0.0830192288588808,0,0,0.450231305824453,0.466749465316666
"1475",0.214517352094546,0.101131560878359,0.0441204994388029,0,0.640230587588293,0.640230587588293
"1476",1,0,0,0,0,1
"1477",1,0,0,0,0,1
"1478",1,0,0,0,0,1
"1479",1,0,0,0,0,1
"1480",1,0,0,0,0,1
"1481",1,0,0,0,0,1
"1482",1,0,0,0,0,1
"1483",1,0,0,0,0,1
"1484",1,0,0,0,0,1
"1485",1,0,0,0,0,1
"1486",1,0,0,0,0,1
"1487",1,0,0,0,0,1
"1488",1,0,0,0,0,1
"1489",1,0,0,0,0,1
"1490",1,0,0,0,0,1
"1491",1,0,0,0,0,1
"1492",1,0,0,0,0,1
"1493",0,0,0,0.999999999999999,0,0.999999999999999
"1494",0,0,0,1,0,1
"1495",0,0,0,1,0,1
"1496",0,0,0,1,0,1
"1497",0,0,0,0.999999999999999,0,0.999999999999999
"1498",0,0,0,1,0,1
"1499",0,0,0,1,0,1
"1500",0,0.250062331090266,0.0614505049981184,0.0999029361130164,0.588584227798599,0.588584227798599
"1501",0,0.143426900908736,0.742660386780524,0,0.11391271231074,0.742660386780524
"1502",0,0.202348875651307,0.3304892347313,0.11937845962247,0.347783429994923,0.347783429994923
"1503",0,0.214116140107756,0.785883859892244,0,0,0.785883859892244
"1504",0,0,1,0,0,1
"1505",0,0,1,0,0,1
"1506",0,0,1,0,0,1
"1507",0,0,0.726349099501825,0.273650900498175,0,0.726349099501825
"1508",0,0,1,0,0,1
"1509",0,0,0,0.999999999999999,0,0.999999999999999
"1510",0,0,0,1,0,1
"1511",0,0,0.189646721705658,0.758736885916299,0.0516163923780436,0.758736885916299
"1512",0,0,0,1,0,1
"1513",0,0,0,0.873186961060455,0.126813038939544,0.873186961060455
"1514",0.0513238349145063,0.167133251387113,0,0,0.781542913698381,0.781542913698381
"1515",0.395611053994962,0.0998936191538659,0.0306985005739861,0,0.473796826277186,0.473796826277186
"1516",0.494321955416878,0.0826619239255797,0,0,0.423016120657542,0.494321955416878
"1517",1,0,0,0,0,1
"1518",1,0,0,0,0,1
"1519",1,0,0,0,0,1
"1520",1,0,0,0,0,1
"1521",1,0,0,0,0,1
"1522",1,0,0,0,0,1
"1523",1,0,0,0,0,1
"1524",1,0,0,0,0,1
"1525",1,0,0,0,0,1
"1526",1,0,0,0,0,1
"1527",1,0,0,0,0,1
"1528",1,0,0,0,0,1
"1529",1,0,0,0,0,1
"1530",1,0,0,0,0,1
"1531",0.999999999999999,0,0,0,0,0.999999999999999
"1532",0.322080273519902,0,0,0.677919726480098,0,0.677919726480098
"1533",0,0,0,1,0,1
"1534",0,0,0,1,0,1
"1535",0,0,0,1,0,1
"1536",0,0,0,1,0,1
"1537",0,0,0,1,0,1
"1538",0,0,0,1,0,1
"1539",0,0,0,1,0,1
"1540",0,0,0,1,0,1
"1541",0,0,0,1,0,1
"1542",0,0,0.222323812317033,0.687604431142624,0.0900717565403428,0.687604431142624
"1543",0.0581366346229353,0.227057490339098,0.459225662871288,0,0.255580212166678,0.459225662871288
"1544",0,0.108890760244046,0.785748486287563,0,0.105360753468391,0.785748486287563
"1545",0,0.0890049328834079,0.80306260473945,0,0.107932462377142,0.80306260473945
"1546",0,0.0935189443597161,0.906481055640284,0,0,0.906481055640284
"1547",0,0,0.456170563640669,0.543829436359331,0,0.543829436359331
"1548",0,0,0.00134107566896165,0.998658924331039,0,0.998658924331039
"1549",0,0,0.00158802961365667,0.998411970386343,0,0.998411970386343
"1550",0,0,0.139126202140688,0.787919056593764,0.0729547412655479,0.787919056593764
"1551",0,0,0,1,0,1
"1552",0,0,0,0.937379531143866,0.0626204688561336,0.937379531143866
"1553",0,0.0756835148104029,0.0434346142407521,0.102301705591421,0.778580165357424,0.778580165357424
"1554",0,0.0159685217261533,0.0410115245819029,0.136488875948769,0.806531077743175,0.806531077743175
"1555",0.122593978325221,0,0,0,0.877406021674779,0.877406021674779
"1556",0,0.158821326822228,0,0,0.841178673177772,0.841178673177772
"1557",1,0,0,0,0,1
"1558",1,0,0,0,0,1
"1559",1,0,0,0,0,1
"1560",1,0,0,0,0,1
"1561",1,0,0,0,0,1
"1562",1,0,0,0,0,1
"1563",1,0,0,0,0,1
"1564",1,0,0,0,0,1
"1565",1,0,0,0,0,1
"1566",1,0,0,0,0,1
"1567",0.425798574276657,0,0,0.574201425723343,0,0.574201425723343
"1568",1,0,0,0,0,1
"1569",1,0,0,0,0,1
"1570",1,0,0,0,0,1
"1571",0.0450209362803361,0,0,0.954979063719663,0,0.954979063719663
"1572",0.601607563449635,0,0,0.398392436550364,0,0.601607563449635
"1573",0.126068894592283,0,0,0.873931105407718,0,0.873931105407718
"1574",0,0,0,1,0,1
"1575",0,0,0,1,0,1
"1576",0,0,0,1,0,1
"1577",0,0,0,1,0,1
"1578",0,0,0,1,0,1
"1579",0,0,0,1,0,1
"1580",0,0,0,1,0,1
"1581",0,0,0,1,0,1
"1582",0,0,0,0.999999999999999,0,0.999999999999999
"1583",0,0,0,1,0,1
"1584",0,0,0.236793970293399,0.667570145727544,0.0956358839790562,0.667570145727544
"1585",0,0,0,1,0,1
"1586",0,0,0.000185134659166942,0.999814865340833,0,0.999814865340833
"1587",0,0,0,1,0,1
"1588",0,0,0,1,0,1
"1589",0,0,0,1,0,1
"1590",0,0,0.13118202165809,0.86881797834191,0,0.86881797834191
"1591",0,0,0,1,0,1
"1592",0,0,0,0.955410119490519,0.0445898805094809,0.955410119490519
"1593",0,0.0689365389777995,0.000179519339507757,0.219071830436055,0.711812111246637,0.711812111246637
"1594",0,0.0783945372630395,0,0,0.921605462736961,0.921605462736961
"1595",0,0,0,0,1,1
"1596",0.199081950122605,0.0863866549505921,0.028587624861883,0,0.685943770064919,0.685943770064919
"1597",0.341043887505017,0,0,0,0.658956112494983,0.658956112494983
"1598",1,0,0,0,0,1
"1599",1,0,0,0,0,1
