"","prediction.score.T_cells","prediction.score.Mac_Mono","prediction.score.B_cells","prediction.score.Neutrophils","prediction.score.Plasma","prediction.score.Mast","prediction.score.DCs","prediction.score.Fibroblast","prediction.score.Endothelial","prediction.score.Alveolar_type_2","prediction.score.Ciliated_cells","prediction.score.Club_cells","prediction.score.Alveolar_type_1","prediction.score.max"
"0",0.717556734267255,0.19141259325266,0.0778051012449911,0,0,0,0.0132255712350942,0,0,0,0,0,0,0.717556734267255
"1",0,0.832910032248408,0,0,0,0,0.167089967751592,0,0,0,0,0,0,0.832910032248408
"2",0,0.012294939883351,0,0,0,0,0,0.987705060116649,0,0,0,0,0,0.987705060116649
"3",0,0.0245023530637291,0,0,0,0,0,0.832483966198455,0.0149180315338969,0.128095649203919,0,0,0,0.832483966198455
"4",0,0.475817182719566,0.0389720897227273,0,0,0,0.485210727557707,0,0,0,0,0,0,0.485210727557707
"5",0.756079890405487,0.0180346935143971,0.193722483427458,0,0,0,0.0321629326526577,0,0,0,0,0,0,0.756079890405487
"6",0,0.119403547926817,0,0,0,0,0,0,0.880596452073183,0,0,0,0,0.880596452073183
"7",0,1,0,0,0,0,0,0,0,0,0,0,0,1
"8",0,0,0,0,0,0,0,1,0,0,0,0,0,1
"9",0.0156788310421189,0.045474240952088,0,0,0.908920066112454,0,0.0299268618933387,0,0,0,0,0,0,0.908920066112454
"10",0,0,0,0,0,0,0,0.937201433531853,0.0627985664681471,0,0,0,0,0.937201433531853
"11",0,0.157111699572157,0,0,0.829118797256535,0,0.0137695031713086,0,0,0,0,0,0,0.829118797256535
"12",0.570525680042135,0,0,0,0.39636078759868,0,0.0331135323591851,0,0,0,0,0,0,0.570525680042135
"13",0,0,0,0,0,0,0,0,0,0.859985157121425,0,0,0.140014842878575,0.859985157121425
"14",0,0,0,0,0,0,0,1,0,0,0,0,0,1
"15",0,0,0,0,0,0,0,0,1,0,0,0,0,1
"16",0.0155615194516972,0.672759356051652,0.0492735929644004,0,0,0,0.26240553153225,0,0,0,0,0,0,0.672759356051652
"17",0,0,0,0,0,0,0,1,0,0,0,0,0,1
"18",0,0,0,0,0,0,0,0,0.0156267157796636,0.12869477310041,0,0.784239274366904,0.0714392367530218,0.784239274366904
"19",0.0629487509635762,0.0124859033978433,0,0.889250801393715,0.0353145442448652,0,0,0,0,0,0,0,0,0.889250801393715
"20",0,0,0,0,0,0,0,1,0,0,0,0,0,1
"21",0,1,0,0,0,0,0,0,0,0,0,0,0,1
"22",0,0.00984593438607441,0,0.00397387131445155,0.0542269920150384,0.914456694371809,0,0.0174965079126262,0,0,0,0,0,0.914456694371809
"23",0.0935942660118927,0,0,0,0.273509099792564,0,0,0,0,0.433051816589496,0,0,0.199844817606047,0.433051816589496
"24",0,0.0395223228624666,0,0,0,0,0,0.00605687994172149,0,0.00773663830744913,0.815108274614366,0.131575884273997,0,0.815108274614366
"25",0,0.0134326046181339,0,0,0,0,0,0.986567395381865,0,0,0,0,0,0.986567395381865
"26",0.893807654752163,0.0128486893807584,0.0887125200785462,0,0,0,0.00463113578853201,0,0,0,0,0,0,0.893807654752163
"27",0,1,0,0,0,0,0,0,0,0,0,0,0,1
"28",0,0.930116255086691,0,0,0,0,0.0248013097266647,0.0450824351866446,0,0,0,0,0,0.930116255086691
"29",0,0.0566220625927259,0,0,0,0,0,0,0.943377937407274,0,0,0,0,0.943377937407274
"30",0,0.357514043223253,0,0,0,0,0.0535253157614558,0,0,0,0.588960641015292,0,0,0.588960641015292
"31",0,0.0145890094125414,0,0,0,0,0,0.985410990587458,0,0,0,0,0,0.985410990587458
"32",0.981435132934326,0.0151522913618899,0,0,0,0,0.00341257570378391,0,0,0,0,0,0,0.981435132934326
"33",0,0.0180229011771272,0,0,0,0.0107334844613866,0,0.913367623020664,0.0578759913408219,0,0,0,0,0.913367623020664
"34",0,0,0,0,0,0,0,0.949847080996384,0,0.0254698627820722,0,0.0246830562215434,0,0.949847080996384
"35",0,0,0,0,0,0,0,1,0,0,0,0,0,1
"36",0,0.787798129991044,0,0,0,0,0.212201870008956,0,0,0,0,0,0,0.787798129991044
"37",0,0.501481173286095,0,0,0,0,0.0913961643818692,0,0.407122662332035,0,0,0,0,0.501481173286095
"38",0,0.984201762990025,0,0,0,0,0.0157982370099756,0,0,0,0,0,0,0.984201762990025
"39",0,0,0,0,0,0,0,0,0,0.981695436675715,0,0,0.0183045633242851,0.981695436675715
"40",0,0.940907293949607,0.0257715640930304,0,0,0,0.0333211419573629,0,0,0,0,0,0,0.940907293949607
"41",0.114252742527669,0.795972801601494,0,0,0,0,0.0897744558708368,0,0,0,0,0,0,0.795972801601494
"42",0,0.224649914326566,0,0,0,0,0.010173486968881,0,0.765176598704553,0,0,0,0,0.765176598704553
"43",0,0,0,0,0.0563162982720332,0.943683701727967,0,0,0,0,0,0,0,0.943683701727967
"44",0,0.9401122017016,0,0,0,0,0,0.0598877982983999,0,0,0,0,0,0.9401122017016
"45",0,0,0,0,0,0,0,0.277003823216619,0.722996176783381,0,0,0,0,0.722996176783381
"46",0,0,0,0,0,0,0,1,0,0,0,0,0,1
"47",0,0.383096649842228,0,0.00319120593179918,0,0.613712144225973,0,0,0,0,0,0,0,0.613712144225973
"48",0,0,0,0,0,0,0,1,0,0,0,0,0,1
"49",0.273888288531697,0.700893841859666,0,0.0223311877614342,0,0,0.00288668184720216,0,0,0,0,0,0,0.700893841859666
"50",0,0.272068599835119,0,0,0.18737682753298,0,0.540554572631901,0,0,0,0,0,0,0.540554572631901
"51",0,0,0,0,0,0,0,0,0,0.981435569809354,0,0,0.0185644301906459,0.981435569809354
"52",0,0.98098557148151,0,0,0,0,0.0190144285184901,0,0,0,0,0,0,0.98098557148151
"53",0,0,0,0,0,0,0,0,0,0.170201581231325,0,0.713929564108113,0.115868854660562,0.713929564108113
"54",0.0130212956831361,0.0465604740691995,0,0,0,0,0,0.04082698704972,0.899591243197944,0,0,0,0,0.899591243197944
"55",0,0,0,0,0,0,0,1,0,0,0,0,0,1
"56",0.0249641095916921,0,0,0,0.950097352108664,0,0,0,0.0249385382996438,0,0,0,0,0.950097352108664
"57",0,0.624920275640688,0,0,0,0,0.151365535924201,0.188103125301894,0.0356110631332166,0,0,0,0,0.624920275640688
"58",0.0172620168723616,0.00929071475153315,0,0,0.945364318029248,0,0,0,0.0280829503468577,0,0,0,0,0.945364318029248
"59",0.159640919621665,0.0639976908511674,0,0,0,0,0,0,0.776361389527168,0,0,0,0,0.776361389527168
"60",0,0.9546959881896,0,0,0,0,0.0453040118104001,0,0,0,0,0,0,0.9546959881896
"61",0,0,0,0,0,0,0,0,1,0,0,0,0,1
"62",0.49417901884056,0.211367629904022,0.0120372515400424,0,0,0,0.157263939802432,0,0.125152159912944,0,0,0,0,0.49417901884056
"63",0,0,0,0,0,0,0,0.780060373437636,0.219939626562364,0,0,0,0,0.780060373437636
"64",0,0,0,0,0,0,0,1,0,0,0,0,0,1
"65",0.585456643460017,0,0.244051163759992,0,0.120498356224438,0,0.0499938365555527,0,0,0,0,0,0,0.585456643460017
"66",0,0,0,0,0,0,0,1,0,0,0,0,0,1
"67",0,0.00733875244608465,0,0,0.0477533007064608,0.944907946847455,0,0,0,0,0,0,0,0.944907946847455
"68",0,0,0,0,0,0,0,0,0.254795504126404,0.0203459521295572,0.593985423197704,0.130873120546335,0,0.593985423197704
"69",0.205282846989661,0.255236539395919,0.127782538209417,0,0,0,0.411698075405003,0,0,0,0,0,0,0.411698075405003
"70",0,0.0574367916286031,0,0,0,0,0,0,0.850642245641759,0,0,0.0160339100117931,0.0758870527178443,0.850642245641759
"71",0,0,0,0,0,0,0,1,0,0,0,0,0,1
"72",0,0,0,0,0,0,0,1,0,0,0,0,0,1
"73",0,0.0290512989653926,0,0,0,0,0,0.776404962347227,0.194543738687381,0,0,0,0,0.776404962347227
"74",0,0.0672633356830862,0,0,0,0,0.932736664316914,0,0,0,0,0,0,0.932736664316914
"75",0,0,0,0,0,0,0,0.957292320392898,0.0427076796071014,0,0,0,0,0.957292320392898
"76",0,0,0,0,0,0,0,0,1,0,0,0,0,1
"77",0,0,0,0,0,0,0,0,1,0,0,0,0,1
"78",0,0,0,0,0,0,0,1,0,0,0,0,0,1
"79",0,0,0,0,0,0,0,1,0,0,0,0,0,1
"80",0,0,0,0,0,0,0,1,0,0,0,0,0,1
"81",0,0.976424385558608,0,0,0,0,0.0235756144413914,0,0,0,0,0,0,0.976424385558608
"82",0,0.0130101417557218,0,0,0,0,0,0.845764725345159,0,0.141225132899119,0,0,0,0.845764725345159
"83",0,0.0250057175908102,0,0,0.97499428240919,0,0,0,0,0,0,0,0,0.97499428240919
"84",0,0.0100431274183697,0,0,0,0,0,0.989956872581631,0,0,0,0,0,0.989956872581631
"85",0,0,0,0,0,0,0,1,0,0,0,0,0,1
"86",0,0,0,0,0,0,0,0,1,0,0,0,0,1
"87",0,0,0,0,0,0,0,1,0,0,0,0,0,1
"88",0,0.0122519575238538,0,0,0,0,0,0.987748042476146,0,0,0,0,0,0.987748042476146
"89",0.329729494833855,0.0333354591494061,0.636935046016739,0,0,0,0,0,0,0,0,0,0,0.636935046016739
"90",0.0253653633338265,0.912401201775963,0.0544274064424339,0,0,0,0.00780602844777617,0,0,0,0,0,0,0.912401201775963
"91",0,0,0,0,0,0,0,0,0,0.51608661678037,0.381655870685637,0.084377554198809,0.0178799583351847,0.51608661678037
"92",0.034536286592064,0.0705633136026537,0,0,0.851052476066177,0.0183278439951243,0.0255200797439811,0,0,0,0,0,0,0.851052476066177
"93",0,0,0,0,0,0,0,0.912977670348076,0.0870223296519242,0,0,0,0,0.912977670348076
"94",0.00348222219448066,0,0,0,0,0,0,0,0,0.103067634651753,0,0.723700855473035,0.169749287680731,0.723700855473035
"95",0,0,0,0,0,0,0,0.0245748688140898,0.97542513118591,0,0,0,0,0.97542513118591
"96",0.0384155725219053,0,0,0,0.925136139018282,0,0.0364482884598128,0,0,0,0,0,0,0.925136139018282
"97",0,0.929947693754848,0,0,0,0,0.070052306245152,0,0,0,0,0,0,0.929947693754848
"98",0,0.0344715605583755,0,0,0.0236679235406558,0.814170740730251,0,0,0.127689775170718,0,0,0,0,0.814170740730251
"99",0,0,0,0,0,0,0,1,0,0,0,0,0,1
"100",0,1,0,0,0,0,0,0,0,0,0,0,0,1
"101",0,0.268663369190778,0,0,0,0,0.731336630809222,0,0,0,0,0,0,0.731336630809222
"102",0.0460877795815646,0.00220581185952573,0,0,0.916917024925673,0,0.0347893836332363,0,0,0,0,0,0,0.916917024925673
"103",0,0.43941854553973,0,0,0,0,0.537028305151562,0,0.0235531493087082,0,0,0,0,0.537028305151562
"104",0,0,0,0,0,0,0,0.9280347937555,0.0719652062445002,0,0,0,0,0.9280347937555
"105",0,0.0713393088299833,0,0,0,0,0,0.37373790338696,0.554922787783056,0,0,0,0,0.554922787783056
"106",0,0.736263515544962,0,0,0,0,0.263736484455038,0,0,0,0,0,0,0.736263515544962
"107",0,0,0,0,0,0,0,0.806564350355969,0,0.162451214541455,0,0.0309844351025765,0,0.806564350355969
"108",0,0,0,0,0,0,0,1,0,0,0,0,0,1
"109",0,0,0,0,0,0,0,0,0,0.971249573948257,0,0,0.0287504260517428,0.971249573948257
"110",0,0,0,0,0,0,0,1,0,0,0,0,0,1
"111",0.0195788446916526,0.682440736657666,0,0,0,0,0.0313030102025126,0,0.266677408448169,0,0,0,0,0.682440736657666
"112",0,0,0,0,0,0,0,0,0,0.914247431115242,0,0.019036176760621,0.0667163921241373,0.914247431115242
"113",0,0.331767848105452,0,0,0,0,0.668232151894548,0,0,0,0,0,0,0.668232151894548
"114",0,0.671694982888339,0,0,0,0,0.328305017111661,0,0,0,0,0,0,0.671694982888339
"115",0,0,0,0,0,0,0,1,0,0,0,0,0,1
"116",0,0,0,0,0.0865317508339619,0.913468249166038,0,0,0,0,0,0,0,0.913468249166038
"117",0.046229933745725,0,0,0,0,0,0,0,0,0.763384810480196,0,0,0.190385255774079,0.763384810480196
"118",0,0,0,0.00352258218954351,0.0534116140744429,0.943065803736013,0,0,0,0,0,0,0,0.943065803736013
"119",0,0,0,0,0,0,0,0,0.340295061980856,0.118545392252369,0,0.337875018982658,0.203284526784117,0.340295061980856
"120",0,0,0,0,0,0,0,0,0,0.982892962290163,0,0,0.0171070377098366,0.982892962290163
"121",0,0,0,0,0,0,0,1,0,0,0,0,0,1
"122",0,0,0,0,0,0,0,1,0,0,0,0,0,1
"123",0,0,0,0,0,0,0,0.993343745442906,0,0.00665625455709375,0,0,0,0.993343745442906
"124",0,0,0,0,0.00273298051046866,0,0,0,0,0.129859311242917,0,0.779657502082404,0.0877502061642109,0.779657502082404
"125",0.0746873536283301,0.761761693869368,0,0,0,0,0.163550952502302,0,0,0,0,0,0,0.761761693869368
"126",0,0.0361478057026236,0,0,0,0,0,0,0.54135651072845,0.275171180282512,0,0,0.147324503286414,0.54135651072845
"127",0.547712850960707,0.376732237336383,0,0,0,0,0.00305669569674402,0.072498216006166,0,0,0,0,0,0.547712850960707
"128",0,0.0681383925363862,0,0,0,0,0,0.315299493430948,0.616562114032666,0,0,0,0,0.616562114032666
"129",0,0.939481694743809,0,0,0,0,0.0605183052561907,0,0,0,0,0,0,0.939481694743809
"130",0,0.0560017420510551,0,0,0,0,0,0,0.943998257948945,0,0,0,0,0.943998257948945
"131",0,0,0,0,0,0,0,0.515281278437753,0.484718721562247,0,0,0,0,0.515281278437753
"132",0.69489627338567,0.152553099717832,0.124644721415193,0,0,0,0.0279059054813044,0,0,0,0,0,0,0.69489627338567
"133",0,0.0258590453616054,0,0.665697396575213,0,0.250493610796751,0.0579499472664307,0,0,0,0,0,0,0.665697396575213
"134",0,0.117143595280367,0,0.0109137258475387,0.151661386870143,0.708860486837166,0.0114208051647862,0,0,0,0,0,0,0.708860486837166
"135",0,0.132036896384489,0,0,0,0,0.00736757850619912,0,0.860595525109312,0,0,0,0,0.860595525109312
"136",0.0181222478269965,0.0459445503493708,0,0.935933201823633,0,0,0,0,0,0,0,0,0,0.935933201823633
"137",0,0.0115951040373332,0,0,0,0,0,0.870796913732922,0.117607982229745,0,0,0,0,0.870796913732922
"138",0,0.563212561781395,0,0,0.268822208336728,0,0.167965229881878,0,0,0,0,0,0,0.563212561781395
"139",0,0,0,0,0,0,0,0,0,0.945857135254097,0,0,0.0541428647459023,0.945857135254097
"140",0,0,0,0,0,0,0,1,0,0,0,0,0,1
"141",0,0,0,0,0,0,0,1,0,0,0,0,0,1
"142",0,0,0,0,0.088929480661509,0.885374191651806,0,0,0,0.0256963276866853,0,0,0,0.885374191651806
"143",0,0,0,0,0,0,0,1,0,0,0,0,0,1
"144",0,0,0,0,0,0,0,0.999999999999999,0,0,0,0,0,0.999999999999999
"145",0,0,0,0,0,0,0,0.776091708945829,0.223908291054172,0,0,0,0,0.776091708945829
"146",0,0.0113336710959332,0,0,0,0,0,0.988666328904067,0,0,0,0,0,0.988666328904067
"147",0.848749463132701,0.0613469529165161,0.0822769059526307,0,0,0,0.00762667799815191,0,0,0,0,0,0,0.848749463132701
"148",0.00418208035136837,0,0,0,0,0,0,0,0,0.876155490827548,0,0,0.119662428821084,0.876155490827548
"149",0.0851709145750553,0,0,0,0.00975564184425397,0,0,0,0,0.085715288692434,0,0.231225340805484,0.588132814082773,0.588132814082773
"150",0,0.644138013156926,0,0.340090116859303,0,0,0.0157718699837711,0,0,0,0,0,0,0.644138013156926
"151",0,0.0351981714855247,0,0,0,0,0,0.816433440743031,0,0.148368387771445,0,0,0,0.816433440743031
"152",0,0,0,0,0.067224251273026,0.932775748726973,0,0,0,0,0,0,0,0.932775748726973
"153",0.00510159459422536,0,0,0,0,0,0,0,0,0.32073529447574,0,0.14799284375425,0.526170267175784,0.526170267175784
"154",0,0,0,0,0,0,0,0,1,0,0,0,0,1
"155",0,0.0158770048618998,0,0,0.97791979910037,0,0.00620319603773004,0,0,0,0,0,0,0.97791979910037
"156",0,0,0,0,0,0,0,0.0910928754768724,0.908907124523128,0,0,0,0,0.908907124523128
"157",0,0.979236495497122,0,0,0,0,0.0207635045028785,0,0,0,0,0,0,0.979236495497122
"158",0,0.0274534284058381,0,0,0,0,0,0.867541583714043,0.0997328130947662,0.00527217478535311,0,0,0,0.867541583714043
"159",0,0.0250523817680592,0,0,0,0.0152159927550328,0,0.899366151865883,0.0603654736110252,0,0,0,0,0.899366151865883
"160",0,0.596394382419816,0,0,0,0,0.117049728309018,0.219459543159193,0.0670963461119743,0,0,0,0,0.596394382419816
"161",0,0.935745346859111,0,0,0,0,0.0642546531408885,0,0,0,0,0,0,0.935745346859111
"162",0,0,0,0,0,0,0,1,0,0,0,0,0,1
"163",0,0.0137357681590235,0,0,0,0,0,0.986264231840976,0,0,0,0,0,0.986264231840976
"164",0,0.768574447167278,0,0,0,0,0.231425552832721,0,0,0,0,0,0,0.768574447167278
"165",0,0,0,0,0,0,0,0,1,0,0,0,0,1
"166",0.992552208788878,0,0.00744779121112206,0,0,0,0,0,0,0,0,0,0,0.992552208788878
"167",0.00666085538670006,0,0,0,0.9933391446133,0,0,0,0,0,0,0,0,0.9933391446133
"168",0,0.313896609912364,0,0,0,0,0.686103390087636,0,0,0,0,0,0,0.686103390087636
"169",0,0.0439744665934462,0,0,0,0,0.113054893589077,0.828900319790753,0.0140703200267239,0,0,0,0,0.828900319790753
"170",0,0.0108293610316686,0,0,0.989170638968332,0,0,0,0,0,0,0,0,0.989170638968332
"171",0,0.942196759462562,0,0,0,0,0.0578032405374386,0,0,0,0,0,0,0.942196759462562
"172",0,0.00990866846752757,0,0,0.990091331532472,0,0,0,0,0,0,0,0,0.990091331532472
"173",0,0,0,0,0,0,0,1,0,0,0,0,0,1
"174",0,0.629204550577829,0,0,0,0,0.370795449422171,0,0,0,0,0,0,0.629204550577829
"175",0,0.0821590284182724,0,0,0,0.542706474211682,0.375134497370046,0,0,0,0,0,0,0.542706474211682
"176",0.887666856049374,0.0205431045360312,0.0917900394145942,0,0,0,0,0,0,0,0,0,0,0.887666856049374
"177",0.0777312303340616,0.535699925474514,0.0397833602356699,0,0,0,0.14487277958439,0.144482621023256,0.0574300833481085,0,0,0,0,0.535699925474514
"178",0,0.0217925947872355,0,0,0,0,0,0.894709784074171,0.0834976211385938,0,0,0,0,0.894709784074171
"179",0,0.0220473846255973,0,0,0.0256595273284541,0.952293088045949,0,0,0,0,0,0,0,0.952293088045949
"180",0,0.0222741822177224,0,0,0,0,0,0.166130869654503,0.811594948127775,0,0,0,0,0.811594948127775
"181",0,0.121113498226985,0,0,0,0,0.878886501773016,0,0,0,0,0,0,0.878886501773016
"182",0,0.017761950917121,0,0,0,0,0,0.982238049082879,0,0,0,0,0,0.982238049082879
"183",0,0.00335498987968409,0,0,0,0,0.0133162963055182,0,0,0.0814014006917224,0,0.731714856979765,0.170212456143311,0.731714856979765
"184",0,0.939513988590351,0,0,0,0,0.0604860114096488,0,0,0,0,0,0,0.939513988590351
"185",0.029453905067928,0.496496403168105,0,0,0,0.474049691763967,0,0,0,0,0,0,0,0.496496403168105
"186",0,0.026637581681475,0,0,0,0,0,0.973362418318525,0,0,0,0,0,0.973362418318525
"187",0,0.0181509915084677,0,0,0,0,0,0.981849008491533,0,0,0,0,0,0.981849008491533
"188",0,0,0,0,0,0,0,1,0,0,0,0,0,1
"189",0,0,0,0,0,0,0,0.267529578374206,0.732470421625794,0,0,0,0,0.732470421625794
"190",0,0,0,0,0,0,0,1,0,0,0,0,0,1
"191",0.0135169741992643,0.0826707654330604,0,0,0.853994382104455,0.0389710382775598,0.0108468399856608,0,0,0,0,0,0,0.853994382104455
"192",0,0,0,0,0,0,0,1,0,0,0,0,0,1
"193",0,0,0,0,0,0,0,0,0,0.98447973215031,0,0,0.0155202678496893,0.98447973215031
"194",0,0,0,0,0,0,0,1,0,0,0,0,0,1
"195",0.138006656745091,0.108083107725709,0.690136474148296,0,0,0,0.0637737613809043,0,0,0,0,0,0,0.690136474148296
"196",0,0,0,0,0,0.00835439165764935,0,0.99164560834235,0,0,0,0,0,0.99164560834235
"197",0,0.0266619280659052,0,0,0,0,0,0.973338071934095,0,0,0,0,0,0.973338071934095
"198",0,0,0,0,0,0,0,0,0,1,0,0,0,1
"199",0,0,0,0,0,0,0,0,0,0.697876340116786,0,0.24242545871182,0.0596982011713943,0.697876340116786
"200",0.870856665154913,0,0.104213730997591,0,0,0,0.0249296038474963,0,0,0,0,0,0,0.870856665154913
"201",0,0,0,0,0,0,0,1,0,0,0,0,0,1
"202",0,0,0,0,0,0,0,0,1,0,0,0,0,1
"203",0,0,0,0,0,0,0,0,0,0.962078922395206,0,0,0.037921077604794,0.962078922395206
"204",0.987562546989503,0,0.00852407892965604,0,0,0,0.00391337408084148,0,0,0,0,0,0,0.987562546989503
"205",0,0.0193400586702016,0,0,0,0,0,0.980659941329798,0,0,0,0,0,0.980659941329798
"206",0.67358836104863,0.00715752833845493,0.299493231837649,0,0,0,0.0197608787752664,0,0,0,0,0,0,0.67358836104863
"207",0,0,0,0,0.0567734832749614,0.943226516725039,0,0,0,0,0,0,0,0.943226516725039
"208",0,1,0,0,0,0,0,0,0,0,0,0,0,1
"209",0,0.0103397763415106,0,0,0,0,0,0.98966022365849,0,0,0,0,0,0.98966022365849
"210",0,0,0,0,0,0,0,1,0,0,0,0,0,1
"211",0,0,0,0,0,0,0,0.827514952532915,0.172485047467085,0,0,0,0,0.827514952532915
"212",0,0,0,0,0,0,0,0.999999999999999,0,0,0,0,0,0.999999999999999
"213",0.069330360220651,0.0522565825554766,0,0,0.833067251427851,0,0.0453458057960214,0,0,0,0,0,0,0.833067251427851
"214",0,0,0,0,0,0.326651211780846,0,0,0,0.673348788219154,0,0,0,0.673348788219154
"215",0,0,0,0,0,0,0,0.911998090428126,0.0880019095718735,0,0,0,0,0.911998090428126
"216",0.118357697236463,0.874619779922883,0,0,0,0,0.00702252284065417,0,0,0,0,0,0,0.874619779922883
"217",0,0.0234134504279502,0,0,0,0,0,0.96655509613792,0.0100314534341297,0,0,0,0,0.96655509613792
"218",0,0,0,0,0,0,0,1,0,0,0,0,0,1
"219",0,0,0,0,0,0,0,1,0,0,0,0,0,1
"220",0,0,0,0,0.0528257655271887,0.947174234472811,0,0,0,0,0,0,0,0.947174234472811
"221",0,0,0,0,0.0449958054058946,0.955004194594105,0,0,0,0,0,0,0,0.955004194594105
"222",0,0.0257028165760987,0,0,0,0,0,0.974297183423901,0,0,0,0,0,0.974297183423901
"223",0,0,0,0,0,0,0,1,0,0,0,0,0,1
"224",0.0160962693318746,0.639872595664581,0,0,0,0,0.0922743198269494,0,0.251756815176594,0,0,0,0,0.639872595664581
"225",0,0,0,0,0,0,0,1,0,0,0,0,0,1
"226",0,0.923390016486575,0,0,0,0,0.0766099835134253,0,0,0,0,0,0,0.923390016486575
"227",0.0205397823639162,0,0,0,0.979460217636084,0,0,0,0,0,0,0,0,0.979460217636084
"228",0,0.63308056845355,0,0,0,0,0.0138822178248292,0.35303721372162,0,0,0,0,0,0.63308056845355
"229",0,0,0,0,0,0,0,0,1,0,0,0,0,1
"230",0,0,0,0,0,0,0,0,0,0.925059508845049,0,0,0.0749404911549507,0.925059508845049
"231",0,7.22043621111252e-05,0,0,0,0,0,0,0,0.985789753684278,0,0,0.0141380419536106,0.985789753684278
"232",0,0.168403639386284,0,0,0,0,0.831596360613716,0,0,0,0,0,0,0.831596360613716
"233",0.0378963745667794,0.508054913806844,0,0,0,0,0.0631189260763252,0.390929785550051,0,0,0,0,0,0.508054913806844
"234",0.33551918724404,0,0,0,0.59951609825982,0,0.0649647144961403,0,0,0,0,0,0,0.59951609825982
"235",0,0,0,0,0,0,0,0,0,0.113642829391311,0,0.803377305997598,0.0829798646110904,0.803377305997598
"236",0,0,0,0,0,0,0,0,1,0,0,0,0,1
"237",0,0.0160889296479259,0,0,0.978719942803945,0,0.0051911275481284,0,0,0,0,0,0,0.978719942803945
"238",0,0.230145127424063,0,0,0,0,0.769854872575937,0,0,0,0,0,0,0.769854872575937
"239",0,0.982310837975661,0,0,0,0,0.0176891620243383,0,0,0,0,0,0,0.982310837975661
"240",0,0,0,0,0,0,0,1,0,0,0,0,0,1
"241",0,0,0,0,0,0,0,0,0,0.117240259495705,0,0.785701429078019,0.097058311426276,0.785701429078019
"242",0,0,0,0,0,0,0,1,0,0,0,0,0,1
"243",0.384476844548194,0.114090910076739,0.494104229351993,0,0,0,0.00732801602307394,0,0,0,0,0,0,0.494104229351993
"244",0.00276545541658403,0,0,0,0,0.0134221988559081,0,0,0,0.0637599314673293,0,0.735918136572185,0.184134277687993,0.735918136572185
"245",0.100000063905302,0.0362173590143228,0,0,0.00514050202246378,0,0,0.205416137578858,0.0608958547218059,0.0191679355902204,0,0.143823820087783,0.429338327079245,0.429338327079245
"246",0,0.0492297560028749,0,0,0,0,0,0,0.950770243997125,0,0,0,0,0.950770243997125
"247",0,0.0235012544531087,0,0,0,0,0,0.976498745546891,0,0,0,0,0,0.976498745546891
"248",0,0.152353957621079,0,0.00509349387920995,0.228031305395736,0.0111739431480754,0.0418314021046583,0.561515897851241,0,0,0,0,0,0.561515897851241
"249",0,0,0,0,0,0,0,0,0,0.809647845905394,0,0,0.190352154094606,0.809647845905394
"250",0,0,0,0,0,0,0,1,0,0,0,0,0,1
"251",0,0,0,0,0,0,0,0,0,0.904004882905701,0,0.0197611984896449,0.0762339186046535,0.904004882905701
"252",0,0,0,0,0,0,0,1,0,0,0,0,0,1
"253",0.00204092293110089,0,0,0,0,0,0,0,0,0.0783546811803497,0,0.728187646801716,0.191416749086834,0.728187646801716
"254",0,0,0,0,0,0,0,1,0,0,0,0,0,1
"255",0.959101284656302,0.0298092399973488,0.00687784366696694,0,0,0,0.00421163167938154,0,0,0,0,0,0,0.959101284656302
"256",0,0.0130429485306191,0,0,0,0,0,0.511096672466453,0.475860379002928,0,0,0,0,0.511096672466453
"257",0,0.022824507082245,0,0,0,0,0,0.977175492917755,0,0,0,0,0,0.977175492917755
"258",0,0,0,0,1,0,0,0,0,0,0,0,0,1
"259",0.647881125624012,0,0,0,0,0.352118874375988,0,0,0,0,0,0,0,0.647881125624012
"260",0,0.0212069796247546,0,0,0.978793020375246,0,0,0,0,0,0,0,0,0.978793020375246
"261",0,0.074546173314457,0,0,0,0,0,0,0.925453826685543,0,0,0,0,0.925453826685543
"262",0,0,0,0,0.0527304188000889,0.947269581199911,0,0,0,0,0,0,0,0.947269581199911
"263",0.992491109937671,0,0.00750889006232873,0,0,0,0,0,0,0,0,0,0,0.992491109937671
"264",0,0,0,0,0,0,0,0,0,0.960238184660374,0,0,0.0397618153396259,0.960238184660374
"265",0,0,0,0,0,0,0,1,0,0,0,0,0,1
"266",0.900226486450726,0.0477566545281224,0.00710745961362499,0,0,0,0.00325515836519871,0.0416542410423273,0,0,0,0,0,0.900226486450726
"267",0.0131797324149768,0.00693349957097926,0,0,0.20142444805304,0,0,0,0,0.0815893055236607,0,0.125837878222583,0.57103513621476,0.57103513621476
"268",0,0,0,0,0,0,0,0,0.898709233251398,0.0649646756428957,0,0,0.0363260911057064,0.898709233251398
"269",0,0,0,0,0,0,0,0,1,0,0,0,0,1
"270",0,1,0,0,0,0,0,0,0,0,0,0,0,1
"271",0,1,0,0,0,0,0,0,0,0,0,0,0,1
"272",0,0,0,0,0,0,0,0.0204809894565931,0.979519010543407,0,0,0,0,0.979519010543407
"273",0.91735185452019,0,0.0647051745589509,0,0.0134332766188108,0,0.00450969430204806,0,0,0,0,0,0,0.91735185452019
"274",0.0160552600321683,0.505619306779424,0.4208458954201,0,0,0,0.0574795377683081,0,0,0,0,0,0,0.505619306779424
"275",0,0.00554356433957516,0,0,0,0,0,0,0.994456435660425,0,0,0,0,0.994456435660425
"276",0,0.0239946482138713,0,0.00145292521721932,0.0441448810994896,0.93040754546942,0,0,0,0,0,0,0,0.93040754546942
"277",0,0.012329366379187,0,0,0,0.00907554788454076,0,0.978595085736273,0,0,0,0,0,0.978595085736273
"278",0,0,0,0,0,0,0,0,0,0.960623832738948,0,0,0.0393761672610522,0.960623832738948
"279",0,0,0,0,0,0,0,0,0,0.983795172616404,0,0,0.0162048273835961,0.983795172616404
"280",0,0,0,0,0.0227268945578648,0.926945501195681,0.0503276042464536,0,0,0,0,0,0,0.926945501195681
"281",0,0,0,0,0,0,0,1,0,0,0,0,0,1
"282",0,0,0,0,0,0,0,1,0,0,0,0,0,1
"283",0,0,0,0,0,0,0,0,0,0.121118103971658,0,0.720441612648706,0.158440283379635,0.720441612648706
"284",0,0.0105932104039115,0,0,0.989406789596089,0,0,0,0,0,0,0,0,0.989406789596089
"285",0.0127656269349075,0,0,0,0.206356081410203,0.780878291654889,0,0,0,0,0,0,0,0.780878291654889
"286",0,0.00991109784937355,0,0,0,0,0,0.94240445101791,0.0112118651786654,0.0364725859540507,0,0,0,0.94240445101791
"287",0,0.730410472778366,0,0,0,0,0.0208138606926596,0,0.248775666528974,0,0,0,0,0.730410472778366
"288",0,0,0,0,0,0,0,0,0,0.942732758739509,0,0,0.0572672412604908,0.942732758739509
"289",0,0,0,0,0,0,0,1,0,0,0,0,0,1
"290",0,0.0218596373066278,0,0,0,0,0,0.978140362693373,0,0,0,0,0,0.978140362693373
"291",1,0,0,0,0,0,0,0,0,0,0,0,0,1
"292",0,0.735538420704116,0,0,0,0,0.0228131530053176,0,0.241648426290566,0,0,0,0,0.735538420704116
"293",0,0,0,0,0,0,0,0,1,0,0,0,0,1
"294",0.734175600199639,0,0.262228148406972,0,0,0,0.00359625139338888,0,0,0,0,0,0,0.734175600199639
"295",0,0.902401614395528,0,0,0,0,0.097598385604472,0,0,0,0,0,0,0.902401614395528
"296",0,0.674152863948797,0,0,0,0,0.325847136051203,0,0,0,0,0,0,0.674152863948797
"297",0,0,0,0,0,0,0,0.181678331951183,0.818321668048817,0,0,0,0,0.818321668048817
"298",0,0.915819329914002,0,0,0,0,0.0841806700859983,0,0,0,0,0,0,0.915819329914002
"299",0.798456691074475,0,0.196719448453583,0,0,0,0.00482386047194154,0,0,0,0,0,0,0.798456691074475
"300",0.992078598153266,0,0.00792140184673407,0,0,0,0,0,0,0,0,0,0,0.992078598153266
"301",0,0,0,0,0,0,0,0,0,0.935322531007936,0,0,0.064677468992064,0.935322531007936
"302",0,0.0546308939418052,0,0,0,0,0,0,0.945369106058195,0,0,0,0,0.945369106058195
"303",0,0.15167013828653,0,0,0,0,0.848329861713471,0,0,0,0,0,0,0.848329861713471
"304",0,0.00452850812371347,0,0,0,0,0,0,0.995471491876287,0,0,0,0,0.995471491876287
"305",0,0,0,0,0,0,0,0,0.180780103302567,0.0842102532419552,0,0.655022501411497,0.0799871420439803,0.655022501411497
"306",0,0,0,0,0,0,0,1,0,0,0,0,0,1
"307",0.0187633765785494,0,0,0,0.43404363776649,0,0,0,0,0,0.547192985654961,0,0,0.547192985654961
"308",0,0.98234736596755,0,0,0,0,0.0176526340324495,0,0,0,0,0,0,0.98234736596755
"309",0,0,0,0,0,0,0,0,1,0,0,0,0,1
"310",0,0,0,0,0,0,0,0,0,0.983790586668669,0,0,0.016209413331331,0.983790586668669
"311",0,0,0,0,0,0,0,0,1,0,0,0,0,1
"312",0,0,0,0,0,0,0,1,0,0,0,0,0,1
"313",0.866411032386117,0,0.133588967613882,0,0,0,0,0,0,0,0,0,0,0.866411032386117
"314",0,0,0,0,0.0515012273004044,0.948498772699595,0,0,0,0,0,0,0,0.948498772699595
"315",0,0,0,0,0,0,0,1,0,0,0,0,0,1
"316",0,0,0,0,0,0,0,1,0,0,0,0,0,1
"317",0,0,0,0,0,0,0,0.665348273130429,0.334651726869571,0,0,0,0,0.665348273130429
"318",0,0,0,0,0,0,0,1,0,0,0,0,0,1
"319",0,0,0,0,0.0569662770940558,0.943033722905944,0,0,0,0,0,0,0,0.943033722905944
"320",0,0,0,0,0,0,0,0,0.0162059267863881,0.209862569982279,0,0.710183921545326,0.0637475816860072,0.710183921545326
"321",0,0,0,0,0,0,0,0,1,0,0,0,0,1
"322",0,0.603739942277491,0,0,0.221578902249413,0,0.174681155473096,0,0,0,0,0,0,0.603739942277491
"323",0,0.0175307434128276,0,0,0,0,0,0.22942654513975,0,0.695220019145452,0,0,0.0578226923019704,0.695220019145452
"324",0,0.0302870262810786,0,0,0.969712973718922,0,0,0,0,0,0,0,0,0.969712973718922
"325",0.595442154668169,0,0,0,0,0.40455784533183,0,0,0,0,0,0,0,0.595442154668169
"326",0,0.862679541155452,0,0,0,0,0.137320458844548,0,0,0,0,0,0,0.862679541155452
"327",0.41074755331995,0.0175052564882789,0.137794177332468,0,0,0,0.433953012859302,0,0,0,0,0,0,0.433953012859302
"328",0,0.0218013588123445,0,0,0,0,0,0,0.978198641187655,0,0,0,0,0.978198641187655
"329",0,0,0,0,0,0,0,0,0,0.982229642350457,0,0,0.0177703576495431,0.982229642350457
"330",0,0.0139152387374164,0,0,0,0,0,0.986084761262584,0,0,0,0,0,0.986084761262584
"331",0,0,0,0,0,0,0,0,1,0,0,0,0,1
"332",0.295704940965345,0.0522202131991045,0,0,0,0,0.0147333638751003,0.614086281372893,0.0232552005875573,0,0,0,0,0.614086281372893
"333",0,0,0,0,0,0,0,0,0,0.983800289389844,0,0,0.0161997106101557,0.983800289389844
"334",0,0.00019019949160693,0,0,0.551550762890006,0,0,0,0,0.448259037618387,0,0,0,0.551550762890006
"335",0.621178061379601,0.0424498633242348,0,0,0,0,0.00165943670010214,0.30694684193738,0.0277657966586825,0,0,0,0,0.621178061379601
"336",0.677244105556157,0.0617730195673593,0.130593773811168,0,0,0,0.0045904356199806,0.0828731292050176,0.0429255362403166,0,0,0,0,0.677244105556157
"337",0,0,0,0,0,0,0,0,0,0.962318150938885,0,0,0.0376818490611149,0.962318150938885
"338",0,0.0384265826788737,0,0.00644106718615871,0.0209009353461174,0.845051486851777,0,0,0.0891799279370731,0,0,0,0,0.845051486851777
"339",0,0.0666777960567074,0,0,0,0,0,0,0.933322203943293,0,0,0,0,0.933322203943293
"340",0,0.0596739906323408,0,0,0,0,0,0,0,0.928745442289773,0,0,0.0115805670778862,0.928745442289773
"341",0,0.00487320342314872,0,0,0,0,0,0,0.995126796576851,0,0,0,0,0.995126796576851
"342",0,0,0,0,0,0,0,0,0,0.873853397729124,0,0,0.126146602270875,0.873853397729124
"343",0.684115565338753,0,0,0,0,0,0,0,0.315884434661247,0,0,0,0,0.684115565338753
"344",0,0,0,0,0.0562992946082621,0.943700705391738,0,0,0,0,0,0,0,0.943700705391738
"345",0,0.252417879604757,0,0,0.599753947605413,0,0.147828172789829,0,0,0,0,0,0,0.599753947605413
"346",0,0,0,0,0,0,0,0,0,0.916670372575649,0,0.018924728574903,0.0644048988494478,0.916670372575649
"347",0,0,0,0,0,0,0,1,0,0,0,0,0,1
"348",0.141000261103086,0.6416903881281,0,0,0,0,0.217309350768814,0,0,0,0,0,0,0.6416903881281
"349",0,0,0,0,0,0,0,1,0,0,0,0,0,1
"350",0,0,0,0,0,0,0,1,0,0,0,0,0,1
"351",0.038538477143782,0.955285018813284,0,0,0,0,0.00617650404293436,0,0,0,0,0,0,0.955285018813284
"352",0.544096938324061,0.00897014793634395,0.446932913739595,0,0,0,0,0,0,0,0,0,0,0.544096938324061
"353",0,0.627055071403515,0,0,0,0,0,0.372944928596485,0,0,0,0,0,0.627055071403515
"354",0.0655953592739986,0.0890158157697107,0.0185960690326005,0,0,0,0.367662393349298,0,0,0,0,0.149043425750872,0.31008693682352,0.367662393349298
"355",0,0.0391722950382432,0,0,0,0,0,0.947605058094896,0.0132226468668611,0,0,0,0,0.947605058094896
"356",0,0,0,0,0,0,0,1,0,0,0,0,0,1
"357",0,0,0,0,0,0,0,1,0,0,0,0,0,1
"358",0.0247935978160769,0.0108216828750476,0,0,0.781333418656436,0.150891255540739,0.010334491491804,0.0218255536198959,0,0,0,0,0,0.781333418656436
"359",0,0,0,0,0,0.00556479079648805,0,0.79143418812543,0,0.187918661205088,0,0.0150823598729947,0,0.79143418812543
"360",0.146551254699278,0,0,0,0.818637314883393,0,0.0348114304173298,0,0,0,0,0,0,0.818637314883393
"361",0,0,0,0,0,0,0,0.959962433829362,0,0.0400375661706377,0,0,0,0.959962433829362
"362",0,0.0108671879263567,0,0,0.989132812073644,0,0,0,0,0,0,0,0,0.989132812073644
"363",0,0,0,0,0,0,0,0,0,0.962091843853585,0,0,0.0379081561464148,0.962091843853585
"364",0,0.815631574244305,0,0,0,0,0.184368425755695,0,0,0,0,0,0,0.815631574244305
"365",0,0.0160734244823489,0,0,0,0,0,0.718084906287057,0,0.265841669230594,0,0,0,0.718084906287057
"366",0.0039508812150323,0,0,0,0.0739109386522187,0,0,0,0,0.908245531553281,0,0,0.0138926485794676,0.908245531553281
"367",0,0.11011999413777,0,0,0,0.211619472845972,0.678260533016258,0,0,0,0,0,0,0.678260533016258
"368",0.00603426800828743,0,0,0,0,0,0,0,0.195924900599598,0.211339664300213,0,0.0898074329672778,0.496893734124624,0.496893734124624
"369",0,0.00734290928375003,0,0.00391799682090873,0.101186964693626,0.887552129201715,0,0,0,0,0,0,0,0.887552129201715
"370",0,0,0,0,0.0563996538038817,0.943600346196118,0,0,0,0,0,0,0,0.943600346196118
"371",0,0.0528573331609684,0,0,0.937661452998018,0,0.00948121384101424,0,0,0,0,0,0,0.937661452998018
"372",0,0,0,0,0,0,0,1,0,0,0,0,0,1
"373",0,0.013360348304516,0,0,0.818785656725201,0,0,0,0,0.167853994970283,0,0,0,0.818785656725201
"374",0,0.0901728058630046,0,0,0,0,0.0435291250696681,0,0.866298069067327,0,0,0,0,0.866298069067327
"375",0,0,0,0,0,0,0,0.929441047510075,0.0705589524899253,0,0,0,0,0.929441047510075
"376",0,0,0,0,0,0,0,0,1,0,0,0,0,1
"377",0,0,0,0,0,0,0,1,0,0,0,0,0,1
"378",0.0154754122889974,0.115908323295899,0,0,0.844422602962121,0,0.0241936614529823,0,0,0,0,0,0,0.844422602962121
"379",0,0.018952456587951,0,0,0,0,0,0.522661747825344,0.458385795586705,0,0,0,0,0.522661747825344
"380",0,0.518170677474995,0.159456198603923,0,0,0,0.322373123921083,0,0,0,0,0,0,0.518170677474995
"381",0,0,0,0,0,0,0,1,0,0,0,0,0,1
"382",0,0.0106444990030399,0,0,0,0,0,0.98935550099696,0,0,0,0,0,0.98935550099696
"383",0.314078285769518,0.41059384184377,0.144023444611793,0,0,0,0.131304427774919,0,0,0,0,0,0,0.41059384184377
"384",0,0.993612178899858,0,0,0,0,0.0063878211001419,0,0,0,0,0,0,0.993612178899858
"385",0,0.0475525060481465,0,0,0,0,0,0.903739843486099,0.0487076504657548,0,0,0,0,0.903739843486099
"386",0,0,0,0,0,0,0,0.999999999999999,0,0,0,0,0,0.999999999999999
"387",0,0.052700584219011,0,0.947299415780989,0,0,0,0,0,0,0,0,0,0.947299415780989
"388",0,0.990519384086764,0,0,0,0.00948061591323619,0,0,0,0,0,0,0,0.990519384086764
"389",0,0.760340562960886,0,0,0,0,0.147728692113344,0,0,0,0,0,0.0919307449257705,0.760340562960886
"390",0,0.0886481912478096,0,0,0,0,0.91135180875219,0,0,0,0,0,0,0.91135180875219
"391",0,0,0,0,0,0,0,0,0,0.940923988547731,0,0,0.0590760114522686,0.940923988547731
"392",0,0,0,0,0,0,0,0.381143233534962,0.618856766465038,0,0,0,0,0.618856766465038
"393",0,0.0137272554708263,0,0,0,0,0.163759727228004,0,0,0.785726806399615,0,0,0.0367862109015564,0.785726806399615
"394",0.67212637242958,0.217346980949448,0.0874674991206055,0,0,0,0.0230591475003664,0,0,0,0,0,0,0.67212637242958
"395",0,0,0,0,0,0,0,1,0,0,0,0,0,1
"396",0,0,0,0,0.999999999999999,0,0,0,0,0,0,0,0,0.999999999999999
"397",0,0,0,0,0,0,0,0.0311162980432731,0.968883701956727,0,0,0,0,0.968883701956727
"398",0,0.0401903458758894,0,0,0.939235143138487,0,0.0205745109856239,0,0,0,0,0,0,0.939235143138487
"399",0.03089721830814,0.0828048014624986,0,0,0.522406501792559,0.0219855633128921,0.306783504258503,0.0351224108654082,0,0,0,0,0,0.522406501792559
"400",0.0429924012661276,0.0239643752519769,0,0,0,0.0117873185294368,0,0.882096332887579,0.0391595720648794,0,0,0,0,0.882096332887579
"401",0,0,0,0,0,0,0,1,0,0,0,0,0,1
"402",0,0.176990234597263,0,0,0,0.823009765402737,0,0,0,0,0,0,0,0.823009765402737
"403",0.0264574095326264,0.170663422056477,0,0,0,0,0.802879168410897,0,0,0,0,0,0,0.802879168410897
"404",0,0.0387904190950449,0,0,0,0,0,0,0.332574473314052,0.473540381508604,0,0,0.155094726082299,0.473540381508604
"405",0.182088982225143,0,0,0,0.559125389910784,0,0.258785627864073,0,0,0,0,0,0,0.559125389910784
"406",0,0,0,0,0.0548139076926213,0.945186092307378,0,0,0,0,0,0,0,0.945186092307378
"407",0,0.964058852953474,0,0,0,0,0.0359411470465256,0,0,0,0,0,0,0.964058852953474
"408",0,0.028780311499577,0,0,0,0,0,0.0940522593094496,0,0.79275482654927,0,0,0.084412602641704,0.79275482654927
"409",0,0,0,0,0,0,0,1,0,0,0,0,0,1
"410",0,0.979891653935428,0,0,0,0,0.0201083460645721,0,0,0,0,0,0,0.979891653935428
"411",0,0,0,0,0,0,0,0,0.0173042341460286,0.177994457689235,0,0.703647195714419,0.101054112450316,0.703647195714419
"412",0,0,0,0,0,0,0,0,0,0.984148223334833,0,0,0.015851776665167,0.984148223334833
"413",0.00901747619766641,0,0,0,0.962765230625198,0,0.028217293177136,0,0,0,0,0,0,0.962765230625198
"414",0,0,0,0,0,0,0,0,1,0,0,0,0,1
"415",0,0,0,0,0,0,0,1,0,0,0,0,0,1
"416",0,0,0,0,0,0,0,1,0,0,0,0,0,1
"417",0,0,0,0,0,0,0,1,0,0,0,0,0,1
"418",0.403136948744681,0.587074910899367,0,0,0,0,0.00978814035595135,0,0,0,0,0,0,0.587074910899367
"419",0,0.0172593769146656,0,0,0,0,0,0.982740623085334,0,0,0,0,0,0.982740623085334
"420",0,0,0,0,0,0,0,1,0,0,0,0,0,1
"421",0,0.0112783189417152,0,0,0,0,0,0.988721681058285,0,0,0,0,0,0.988721681058285
"422",0,0,0,0.00322586162753817,0.0571127582949669,0.939661380077495,0,0,0,0,0,0,0,0.939661380077495
"423",0,0,0,0,0,0,0,1,0,0,0,0,0,1
"424",0,0,0,0,0,0,0,1,0,0,0,0,0,1
"425",0,0.657743398139186,0,0,0,0,0.342256601860814,0,0,0,0,0,0,0.657743398139186
"426",0,0.881994192679129,0,0,0,0,0.11800580732087,0,0,0,0,0,0,0.881994192679129
"427",0,0,0,0,0,0,0,1,0,0,0,0,0,1
"428",0.453824137702418,0.0230156195489211,0.0132929696550504,0,0,0,0,0,0.509867273093611,0,0,0,0,0.509867273093611
"429",0,0.971641509773756,0,0,0,0,0.0283584902262446,0,0,0,0,0,0,0.971641509773756
"430",0,0.051230421225518,0,0,0.0171564035945398,0.642997991321993,0.288615183857949,0,0,0,0,0,0,0.642997991321993
"431",0,0,0,0,0,0,0,0,0.999999999999999,0,0,0,0,0.999999999999999
"432",0.0614132735821827,0.0255282446324666,0,0.913058481785351,0,0,0,0,0,0,0,0,0,0.913058481785351
"433",0,0,0,0,0,0,0,0,0,0.94372074063929,0,0,0.0562792593607093,0.94372074063929
"434",0,0.40941568696746,0,0,0,0,0.590584313032541,0,0,0,0,0,0,0.590584313032541
"435",0,0.061590175140579,0,0,0,0,0,0,0.938409824859421,0,0,0,0,0.938409824859421
"436",0.899923554931498,0,0.100076445068502,0,0,0,0,0,0,0,0,0,0,0.899923554931498
"437",0,0.0290099800626679,0,0,0,0,0,0.664798682347643,0.30619133758969,0,0,0,0,0.664798682347643
"438",0,0.0105721876819975,0,0,0,0,0,0.0110510346623127,0,0.923283031404213,0,0,0.0550937462514769,0.923283031404213
"439",0.0439260645301825,0.00369939371660366,0,0,0.916916801848629,0,0.0354577399045852,0,0,0,0,0,0,0.916916801848629
"440",0,0.985346175252725,0,0,0,0,0.0146538247472749,0,0,0,0,0,0,0.985346175252725
"441",0,0.0185087613842898,0,0,0,0,0,0.551905943488564,0.429585295127146,0,0,0,0,0.551905943488564
"442",0,0.594735737163808,0,0,0,0,0.0252707112377855,0.200019086347812,0.03528958240701,0.00793020144699386,0,0,0.13675468139659,0.594735737163808
"443",0,0,0,0,0,0,0,1,0,0,0,0,0,1
"444",0,0,0,0,0,0,0,1,0,0,0,0,0,1
"445",0,0.000129954009787457,0,0,0.021246812913296,0,0,0,0,0.960932250594845,0,0,0.0176909824820713,0.960932250594845
"446",0.335699349659973,0.654693730530134,0,0,0,0,0.00960691980989401,0,0,0,0,0,0,0.654693730530134
"447",0,0.305467350025422,0,0,0,0,0.694532649974578,0,0,0,0,0,0,0.694532649974578
"448",0,0,0,0,0,0,0,0,1,0,0,0,0,1
"449",0,0.94583283548785,0.0288042832741362,0,0,0,0.0253628812380141,0,0,0,0,0,0,0.94583283548785
"450",0,0.108429782727114,0,0,0,0,0.0142433456129135,0,0,0.82248426425714,0,0,0.0548426074028326,0.82248426425714
"451",0.365563506100466,0.0199301820397694,0.591138155600423,0,0,0,0.0233681562593424,0,0,0,0,0,0,0.591138155600423
"452",0,0,0,0,0.0524551106515715,0.947544889348428,0,0,0,0,0,0,0,0.947544889348428
"453",0,0,0,0,0,0,0,1,0,0,0,0,0,1
"454",0,0,0,0,0,0,0,0,1,0,0,0,0,1
"455",0,0.0106328741088634,0,0,0,0,0,0.989367125891137,0,0,0,0,0,0.989367125891137
"456",0,0.965489019160786,0,0,0,0,0.0345109808392134,0,0,0,0,0,0,0.965489019160786
"457",0,0,0,0,0,0,0,0,1,0,0,0,0,1
"458",0,0,0,0,0,0,0,1,0,0,0,0,0,1
"459",0.0749065217760222,0.0256737689260201,0,0,0.861041650583516,0,0.0383780587144413,0,0,0,0,0,0,0.861041650583516
"460",0,0.00465675631191013,0,0,0,0,0,0,0.99534324368809,0,0,0,0,0.99534324368809
"461",0,0,0,0,0,0,0,1,0,0,0,0,0,1
"462",0,0.00942550776448998,0,0,0,0,0,0.843871272972911,0,0.146703219262599,0,0,0,0.843871272972911
"463",0.0293569206422833,0.0389750097731171,0,0.00460117893787576,0.124300985822346,0.0253334523559441,0.0133134265276801,0.752259147458222,0.0118598784825313,0,0,0,0,0.752259147458222
"464",0,0,0,0,0,0,0,1,0,0,0,0,0,1
"465",0,0,0,0,0,0,0,0,0,0.982220467757188,0,0,0.0177795322428125,0.982220467757188
"466",0.912494048113847,0,0,0,0.0565558602302837,0,0,0.0309500916558694,0,0,0,0,0,0.912494048113847
"467",0,0.0170782805659439,0,0,0,0,0,0.951894662112323,0.0310270573217333,0,0,0,0,0.951894662112323
"468",0,0.0132995129486811,0,0,0,0,0,0.921085630722591,0,0.0471700349217333,0,0.018444821406995,0,0.921085630722591
"469",0.624994142713587,0.0170384718415121,0.0741852488661612,0,0,0,0.283782136578739,0,0,0,0,0,0,0.624994142713587
"470",0,0,0,0,0,0,0,0,1,0,0,0,0,1
"471",0,0,0,0,0,0,0,0,0,0.737517742747238,0,0.161670208776315,0.100812048476446,0.737517742747238
"472",0,0,0,0,0.0931042257534491,0.906895774246551,0,0,0,0,0,0,0,0.906895774246551
"473",0.0255006702522418,0.167806434659039,0,0,0,0,0.0288844610165586,0.77780843407216,0,0,0,0,0,0.77780843407216
"474",0,0.0173193337354729,0,0,0,0,0,0.982680666264527,0,0,0,0,0,0.982680666264527
"475",0,0.00526886469853851,0,0,0.0528517968361819,0.94187933846528,0,0,0,0,0,0,0,0.94187933846528
"476",0,0.0131835604903511,0,0,0,0,0,0.986816439509649,0,0,0,0,0,0.986816439509649
"477",0,0,0,0,0,0,0,1,0,0,0,0,0,1
"478",0,0,0,0,0,0,0,0,0,0.982270000528617,0,0,0.0177299994713826,0.982270000528617
"479",0,0.065712652416483,0,0,0.18564699485081,0,0,0,0.748640352732708,0,0,0,0,0.748640352732708
"480",0.0230312541301039,0,0.00421388028703543,0.060052549873317,0,0,0,0,0,0,0.840300750125637,0.0724015655839066,0,0.840300750125637
"481",0,0.0284791738968294,0,0,0.97152082610317,0,0,0,0,0,0,0,0,0.97152082610317
"482",0,0.303783289054193,0,0.569641149669442,0,0.126575561276365,0,0,0,0,0,0,0,0.569641149669442
"483",0.890516950190043,0.0319788899089573,0.0775041599009999,0,0,0,0,0,0,0,0,0,0,0.890516950190043
"484",0,0,0,0,0,0,0,1,0,0,0,0,0,1
"485",0,0,0,0,0,0,0,1,0,0,0,0,0,1
"486",0,0,0,0,0,0,0,1,0,0,0,0,0,1
"487",0,0,0,0,0,0,0,1,0,0,0,0,0,1
"488",0,0.0296813007564403,0,0,0,0,0,0,0.97031869924356,0,0,0,0,0.97031869924356
"489",0.141467485885781,0.00214523404892139,0,0,0.8215644951152,0,0.0348227849500977,0,0,0,0,0,0,0.8215644951152
"490",0,0,0,0,0,0,0,1,0,0,0,0,0,1
"491",0,0,0,0,0,0,0,1,0,0,0,0,0,1
"492",0,0.705762323338375,0,0.0618261816817017,0,0.0176505334191908,0.0643941619517081,0.150366799609024,0,0,0,0,0,0.705762323338375
"493",0,0.983959399736879,0,0,0,0,0.0160406002631212,0,0,0,0,0,0,0.983959399736879
"494",0,0.908235159271448,0,0,0,0,0.0917648407285523,0,0,0,0,0,0,0.908235159271448
"495",0,0,0,0,0,0,0,0,1,0,0,0,0,1
"496",0,0,0,0,0,0,0,1,0,0,0,0,0,1
"497",0,0,0,0,0.106011245305997,0.893988754694002,0,0,0,0,0,0,0,0.893988754694002
"498",0,0.985291135974493,0,0,0,0,0.0147088640255069,0,0,0,0,0,0,0.985291135974493
"499",0,0,0,0,0.0608194115286953,0.939180588471305,0,0,0,0,0,0,0,0.939180588471305
"500",0,0,0,0,0.0558549336011249,0.944145066398875,0,0,0,0,0,0,0,0.944145066398875
"501",0,0,0,0,0,0,0,1,0,0,0,0,0,1
"502",0,0.0123957149300317,0,0,0,0.00615725748206665,0,0.981447027587901,0,0,0,0,0,0.981447027587901
"503",0,0,0,0,0,0,0,1,0,0,0,0,0,1
"504",0,0.058485579651636,0,0,0,0,0,0,0.930327152075302,0,0,0,0.0111872682730625,0.930327152075302
"505",0.252722055338644,0.0133878185069546,0,0,0.676980129234643,0,0.0569099969197583,0,0,0,0,0,0,0.676980129234643
"506",0,0,0,0,0,0,0,1,0,0,0,0,0,1
"507",0,0.0187996175939101,0,0,0,0,0,0.98120038240609,0,0,0,0,0,0.98120038240609
"508",0,0.793017861955434,0,0,0,0,0.043569039262198,0,0.163413098782368,0,0,0,0,0.793017861955434
"509",0.239024654853352,0.0961100521488187,0.0115065287000202,0,0,0,0.653358764297809,0,0,0,0,0,0,0.653358764297809
"510",0,0,0,0,0,0,0,0.339202154557087,0.660797845442913,0,0,0,0,0.660797845442913
"511",0,0,0,0,0,0,0,1,0,0,0,0,0,1
"512",0,0.051557544940024,0,0,0,0,0,0.948442455059976,0,0,0,0,0,0.948442455059976
"513",0,0.0664361569732423,0,0,0,0,0.00681312301175098,0,0.926750720015007,0,0,0,0,0.926750720015007
"514",0.0347506131423115,0,0,0,0.018172755529541,0,0,0,0,0.0218641641794457,0,0.622720602636958,0.302491864511744,0.622720602636958
"515",0.00649447640391688,0.0390370218570905,0,0.954468501738993,0,0,0,0,0,0,0,0,0,0.954468501738993
"516",0,0,0,0,0.0526792859357436,0.947320714064257,0,0,0,0,0,0,0,0.947320714064257
"517",0.0660483475517755,0.0174989408735169,0,0,0,0,0,0.916452711574708,0,0,0,0,0,0.916452711574708
"518",0,0,0,0,0,0,0,0,1,0,0,0,0,1
"519",0,0,0,0,0,0,0,1,0,0,0,0,0,1
"520",0,0.899897665189565,0,0,0,0.100102334810435,0,0,0,0,0,0,0,0.899897665189565
"521",0.0351958161327941,0.964804183867206,0,0,0,0,0,0,0,0,0,0,0,0.964804183867206
"522",0.0138684107871297,0.782855262855323,0,0,0,0,0.0391625604683616,0,0.164113765889185,0,0,0,0,0.782855262855323
"523",0,0.01393369800563,0,0,0,0,0,0.962831600724596,0.0115008010200975,0.0117339002496761,0,0,0,0.962831600724596
"524",0,0.922453671354247,0,0,0,0,0.077546328645753,0,0,0,0,0,0,0.922453671354247
"525",0,1,0,0,0,0,0,0,0,0,0,0,0,1
"526",0,0,0,0,0,0,0,0.827837872408326,0,0,0.172162127591674,0,0,0.827837872408326
"527",0.159975509840104,0.0658942335286865,0.713473726328869,0,0.0321930949647658,0,0.0284634353375746,0,0,0,0,0,0,0.713473726328869
"528",0,0,0,0,0,0,0,0,1,0,0,0,0,1
"529",0.151058962970203,0.83931864118333,0,0,0,0,0.00962239584646688,0,0,0,0,0,0,0.83931864118333
"530",0.0383960849577187,0,0,0,0.936253829034916,0,0.0253500860073655,0,0,0,0,0,0,0.936253829034916
"531",0.354656241444167,0.0894010275937341,0.00773710511857707,0,0,0,0.0601044609126996,0,0,0.488101164930822,0,0,0,0.488101164930822
"532",0,0.0562594725848592,0,0,0,0,0,0,0.943740527415141,0,0,0,0,0.943740527415141
"533",0,0.0522172587965512,0,0.947782741203448,0,0,0,0,0,0,0,0,0,0.947782741203448
"534",0,0.293673177994547,0.00912652545988476,0,0.0991581807854043,0,0.598042115760164,0,0,0,0,0,0,0.598042115760164
"535",0,0,0,0,0,0,0,1,0,0,0,0,0,1
"536",0,0,0,0,0,0,0,0,1,0,0,0,0,1
"537",0,0.0272077537198468,0,0,0,0.00757648608273349,0,0.768267621012779,0.196948139184641,0,0,0,0,0.768267621012779
"538",0,0.437500243843844,0,0,0.548951965733867,0,0.0135477904222892,0,0,0,0,0,0,0.548951965733867
"539",0,0.902988924373181,0,0,0,0,0.0970110756268183,0,0,0,0,0,0,0.902988924373181
"540",0,0.253018416852129,0,0,0,0,0.700592135744793,0,0,0,0,0,0.0463894474030786,0.700592135744793
"541",0.0117621114366537,0.0625073958225409,0,0,0,0,0,0,0.925730492740805,0,0,0,0,0.925730492740805
"542",0.158373265714434,0.183476602374957,0,0,0,0,0.00272278563090776,0.622983769049527,0.0324435772301743,0,0,0,0,0.622983769049527
"543",0,0,0,0,0,0,0,1,0,0,0,0,0,1
"544",0,0,0,0,0,0,0,1,0,0,0,0,0,1
"545",0,0.893871926237787,0,0,0,0,0.106128073762213,0,0,0,0,0,0,0.893871926237787
"546",0,0,0,0,0,0,0,1,0,0,0,0,0,1
"547",0,0.0128245595504716,0,0,0,0,0,0.987175440449528,0,0,0,0,0,0.987175440449528
"548",0,0,0,0,0,0,0,1,0,0,0,0,0,1
"549",0.0525241692380036,0.00878026305917497,0.0354957938758611,0,0.0391879104881604,0.8640118633388,0,0,0,0,0,0,0,0.8640118633388
"550",0.695856385547488,0.208834249726735,0,0,0,0,0.0953093647257768,0,0,0,0,0,0,0.695856385547488
"551",0,0.0242459517274129,0,0,0,0,0,0.629442230169917,0.0482528891765219,0.134210201079481,0,0.163848727846667,0,0.629442230169917
"552",0,0.0303577803624364,0,0,0,0,0,0.969642219637564,0,0,0,0,0,0.969642219637564
"553",0,0,0,0,0,0,0,0,0,0.981630970016624,0,0,0.0183690299833761,0.981630970016624
"554",0,0,0,0,0,0,0,1,0,0,0,0,0,1
"555",0,0,0,0,0,0,0,0,0,0.859482150804448,0,0,0.140517849195553,0.859482150804448
"556",0,0.844485667658501,0,0,0,0,0.0375921474405215,0,0.117922184900977,0,0,0,0,0.844485667658501
"557",0.0477725863615842,0,0,0,0.926527715613427,0,0.0256996980249884,0,0,0,0,0,0,0.926527715613427
"558",0,0,0,0,0,0,0,0,0,0.982828270956318,0,0,0.0171717290436816,0.982828270956318
"559",0,0.0275560484732178,0,0,0,0,0,0.972443951526782,0,0,0,0,0,0.972443951526782
"560",0,0.0191847229679339,0,0,0,0,0,0.75363109064175,0,0.212622670995251,0,0,0.0145615153950656,0.75363109064175
"561",0.00992484156812918,0.0227242702365584,0.0368187950329303,0,0.00706498482776812,0,0.0212117471799985,0,0,0.0132962927732627,0,0.123632444351746,0.765326624029607,0.765326624029607
"562",0,1,0,0,0,0,0,0,0,0,0,0,0,1
"563",0,0.019041261899895,0,0,0.0570242742234799,0,0,0,0.923934463876625,0,0,0,0,0.923934463876625
"564",0,0.0195798668389271,0,0,0,0,0,0.965034601691094,0.0153855314699784,0,0,0,0,0.965034601691094
"565",0,0.0277602155915701,0,0,0,0,0,0.97223978440843,0,0,0,0,0,0.97223978440843
"566",0,0.0354038816545473,0,0,0,0,0,0,0,0.949287842985113,0,0,0.0153082753603395,0.949287842985113
"567",0,0,0,0,0,0,0,0,1,0,0,0,0,1
"568",0,0.0637292122883109,0,0,0,0,0,0,0.936270787711689,0,0,0,0,0.936270787711689
"569",0,0.0608617778072718,0,0,0,0,0,0,0.939138222192728,0,0,0,0,0.939138222192728
"570",0,0,0,0,0,0,0,0,0,0.974500953204526,0,0,0.0254990467954744,0.974500953204526
"571",0,0.00502272638123667,0,0,0,0,0,0,0.994977273618763,0,0,0,0,0.994977273618763
"572",0,0.0146023844555834,0,0,0.976690151165597,0,0.00870746437881976,0,0,0,0,0,0,0.976690151165597
"573",0,0,0,0,0,0,0,0,0,0.982953606608503,0,0,0.0170463933914974,0.982953606608503
"574",0.1660122850139,0.781164581701736,0,0,0,0,0.0528231332843634,0,0,0,0,0,0,0.781164581701736
"575",0,0.0174500246398293,0,0,0.0318537729471094,0.950696202413061,0,0,0,0,0,0,0,0.950696202413061
"576",0.133342739441856,0.124803368227468,0.666596625932623,0,0,0,0.0752572663980522,0,0,0,0,0,0,0.666596625932623
"577",0,0,0,0,0,0,0,0,1,0,0,0,0,1
"578",0,0.373836038305593,0,0,0,0,0,0,0,0.0266735083297402,0,0,0.599490453364667,0.599490453364667
"579",0,0.0642106363302476,0,0,0,0,0,0.935789363669752,0,0,0,0,0,0.935789363669752
"580",0,0.111867344346954,0,0,0.0175788421278296,0.870553813525216,0,0,0,0,0,0,0,0.870553813525216
"581",0,0.00472722510518295,0,0,0.0481671073124755,0.947105667582341,0,0,0,0,0,0,0,0.947105667582341
"582",0,0.149016806892399,0,0,0,0,0.428920258693437,0,0,0,0,0,0.422062934414163,0.428920258693437
"583",0,0.0136860461659778,0.00417929959386491,0,0.964760132480772,0,0.017374521759385,0,0,0,0,0,0,0.964760132480772
"584",0,0.00446478449189349,0,0,0,0,0,0,0.995535215508106,0,0,0,0,0.995535215508106
"585",0,0.987247249549255,0,0,0,0,0.0127527504507451,0,0,0,0,0,0,0.987247249549255
"586",0,0,0,0,0,0,0,1,0,0,0,0,0,1
"587",0,0,0,0,0,0,0,0.992784953324029,0,0.00721504667597077,0,0,0,0.992784953324029
"588",0.474670302266955,0.419486784898788,0.0943653796020003,0,0,0,0.0114775332322571,0,0,0,0,0,0,0.474670302266955
"589",0,0,0,0,0,0,0,0,1,0,0,0,0,1
"590",0,0,0,0,0,0,0,1,0,0,0,0,0,1
"591",0.249866992116503,0.744014711766095,0,0,0,0,0.00611829611740203,0,0,0,0,0,0,0.744014711766095
"592",0,0.250533381910431,0,0,0,0,0.749466618089569,0,0,0,0,0,0,0.749466618089569
"593",0,0,0,0,0,0,0,0,0,0.0975180994188163,0,0.702654765748293,0.199827134832891,0.702654765748293
"594",0,0.0381626563225479,0,0,0,0.00878846968276712,0,0,0,0.939817659979184,0,0,0.0132312140155013,0.939817659979184
"595",0,0.0226061824317169,0,0,0,0.0131120217505993,0.00896451918663946,0.955317276631044,0,0,0,0,0,0.955317276631044
"596",0,0,0,0,0,0,0,1,0,0,0,0,0,1
"597",0,0.395689696608605,0,0,0,0,0.0505824225245895,0,0,0,0,0,0.553727880866806,0.553727880866806
"598",0,0,0,0,0,0,0,0,0,0.958612245695596,0,0,0.041387754304404,0.958612245695596
"599",0,0,0,0,0,0,0,1,0,0,0,0,0,1
"600",0,0.02095241869025,0,0,0,0,0,0.979047581309749,0,0,0,0,0,0.979047581309749
"601",0,0.0116223646876508,0,0,0,0,0,0.988377635312349,0,0,0,0,0,0.988377635312349
"602",0,0.0310921474603383,0,0,0,0,0,0.968907852539661,0,0,0,0,0,0.968907852539661
"603",0.0210536933551165,0.683503472820228,0,0,0,0,0.0345606049197555,0,0.260882228904901,0,0,0,0,0.683503472820228
"604",0,0,0,0,0,0,0,1,0,0,0,0,0,1
"605",0,0,0,0,0,0,0,1,0,0,0,0,0,1
"606",0,0.0490373079932032,0,0,0,0,0,0,0.950962692006797,0,0,0,0,0.950962692006797
"607",0,0,0,0,0,0,0,1,0,0,0,0,0,1
"608",0.0320972820052364,0,0,0,0.967902717994764,0,0,0,0,0,0,0,0,0.967902717994764
"609",0,1,0,0,0,0,0,0,0,0,0,0,0,1
"610",0,0.0292564316831152,0,0,0,0,0,0,0,0.0832034913168079,0,0.700720468139168,0.186819608860909,0.700720468139168
"611",0,0.972324373464442,0,0,0,0,0.0276756265355579,0,0,0,0,0,0,0.972324373464442
"612",0,0,0,0,0,0,0,1,0,0,0,0,0,1
"613",0.989893462928149,0,0.00701462924552661,0,0,0,0.00309190782632362,0,0,0,0,0,0,0.989893462928149
"614",0,0.0649737209705286,0,0,0,0,0,0,0.935026279029472,0,0,0,0,0.935026279029472
"615",0,0.121559066475257,0,0.878440933524742,0,0,0,0,0,0,0,0,0,0.878440933524742
"616",0.550189641205829,0.0483263743623989,0.254719423810777,0,0,0,0.146764560620994,0,0,0,0,0,0,0.550189641205829
"617",0,0,0,0,0,0,0,1,0,0,0,0,0,1
"618",0,0,0,0,0,0,0,0,1,0,0,0,0,1
"619",0,0.0612428578090851,0,0,0,0,0,0,0.938757142190915,0,0,0,0,0.938757142190915
"620",0,0.936274402403824,0,0,0,0,0.0637255975961755,0,0,0,0,0,0,0.936274402403824
"621",0.0526377426767613,0.0470512976128537,0,0.0087100545241374,0,0.377176580877091,0,0.514424324309157,0,0,0,0,0,0.514424324309157
"622",0,0.122369167019675,0,0,0,0,0.800909722119856,0,0.0767211108604686,0,0,0,0,0.800909722119856
"623",0.311312649314221,0.211772735430114,0.0741129834527541,0,0,0,0.402801631802911,0,0,0,0,0,0,0.402801631802911
"624",0,0,0,0,0,0,0,0,0,0.986007572123337,0,0,0.0139924278766622,0.986007572123337
"625",0,0.983410082570578,0,0,0,0,0.0165899174294222,0,0,0,0,0,0,0.983410082570578
"626",0,0,0,0,0,0,0,1,0,0,0,0,0,1
"627",0,0,0,0,0,0,0,1,0,0,0,0,0,1
"628",0,0,0,0,0,0,0,0,0.990370769896438,0,0,0,0.00962923010356284,0.990370769896438
"629",0,0.96724259080802,0,0,0,0,0.0327574091919806,0,0,0,0,0,0,0.96724259080802
"630",0,0,0,0,0,0,0,0,1,0,0,0,0,1
"631",0,0,0,0,0,0,0,1,0,0,0,0,0,1
"632",0.529096207071384,0,0.127516661497751,0,0.251130094560355,0,0.0922570368705097,0,0,0,0,0,0,0.529096207071384
"633",0.19413440225135,0.00266006624895762,0,0,0.767191735141192,0,0.0360137963585006,0,0,0,0,0,0,0.767191735141192
"634",0.0290542958572448,0.0274492882104609,0,0,0.230474268921427,0.005462456882016,0.0149824556469668,0.657249615336425,0.0353276191454594,0,0,0,0,0.657249615336425
"635",0,0,0,0,0,0,0,0.182508228206493,0.817491771793507,0,0,0,0,0.817491771793507
"636",0,0.573744787443073,0,0,0,0,0.426255212556927,0,0,0,0,0,0,0.573744787443073
"637",0,0.00831517196737618,0,0,0,0,0,0.991684828032624,0,0,0,0,0,0.991684828032624
"638",0,0,0,0,0,0,0,0,1,0,0,0,0,1
"639",0,0.0234437149067939,0,0,0,0,0,0,0.976556285093207,0,0,0,0,0.976556285093207
"640",0,0.0224655443825249,0,0,0,0,0,0.977534455617475,0,0,0,0,0,0.977534455617475
"641",0,0.895539592832826,0,0,0,0,0.104460407167175,0,0,0,0,0,0,0.895539592832826
"642",0,0.0212441321854335,0,0,0,0.00559768211835917,0,0.659587775154317,0.313570410541891,0,0,0,0,0.659587775154317
"643",0,0,0,0,0,0,0,1,0,0,0,0,0,1
"644",0,0.0111071688460036,0,0,0,0,0,0.988892831153996,0,0,0,0,0,0.988892831153996
"645",0,0.0383535689060648,0,0,0,0,0,0.716669347642985,0.0131983865262658,0.231778696924685,0,0,0,0.716669347642985
"646",0,0.523360706065052,0,0,0,0,0.121904233983657,0,0.334427680439096,0.0203073795121941,0,0,0,0.523360706065052
"647",0.982471605049996,0.00627260880825566,0.00761815116241059,0,0,0,0.00363763497933743,0,0,0,0,0,0,0.982471605049996
"648",0,0.96095225003833,0,0.0210626345132145,0,0,0.0179851154484552,0,0,0,0,0,0,0.96095225003833
"649",0.0141962569010511,0.899892634945216,0,0,0,0,0.0859111081537332,0,0,0,0,0,0,0.899892634945216
"650",0,0.0408472898543398,0,0,0,0,0,0,0.95915271014566,0,0,0,0,0.95915271014566
"651",0,0.497359188536628,0,0,0,0,0.502640811463373,0,0,0,0,0,0,0.502640811463373
"652",0,0,0,0,0,0,0,1,0,0,0,0,0,1
"653",0,0,0,0,0,0,0,1,0,0,0,0,0,1
"654",0,0,0,0,0,0,0,0,0,0.984253659584723,0,0,0.0157463404152764,0.984253659584723
"655",0,0,0,0,0.0566733609910583,0.943326639008942,0,0,0,0,0,0,0,0.943326639008942
"656",0.0365149927761072,0,0.00385621339336112,0,0,0,0,0,0,0.94129010676007,0,0,0.0183386870704616,0.94129010676007
"657",0,0,0,0,0,0,0,1,0,0,0,0,0,1
"658",0.0547609876045317,0.46740328633837,0.0503045594525079,0,0,0,0.0688366452440116,0,0.358694521360579,0,0,0,0,0.46740328633837
"659",0,0.00489634251262695,0,0,0,0,0,0,0.995103657487373,0,0,0,0,0.995103657487373
"660",0.441633210556829,0.0491973777434321,0.00585841738194709,0,0,0,0.0469161286363398,0,0.456394865681452,0,0,0,0,0.456394865681452
"661",0,0,0,0,0,0,0,1,0,0,0,0,0,1
"662",0.846491151529201,0.0280273068078404,0.0953071612665572,0,0,0,0.0301743803964013,0,0,0,0,0,0,0.846491151529201
"663",0,0,0,0,0,0,0,0,0,0.983226704433068,0,0,0.0167732955669309,0.983226704433068
"664",0,0,0,0,0,0,0,1,0,0,0,0,0,1
"665",0,0.134937123863717,0,0,0,0,0.865062876136283,0,0,0,0,0,0,0.865062876136283
"666",0,0,0,0,0,0,0,1,0,0,0,0,0,1
"667",0,0.0142805707093805,0,0.004839099342786,0.0186675233722058,0.742408427253922,0,0.219804379321706,0,0,0,0,0,0.742408427253922
"668",0.201994541278769,0.0776466302997082,0.00984823512024598,0,0,0,0.710510593301277,0,0,0,0,0,0,0.710510593301277
"669",0,0.01622766566189,0,0,0,0,0,0.9390790153731,0.0446933189650098,0,0,0,0,0.9390790153731
"670",0,0,0,0,0,0,0,1,0,0,0,0,0,1
"671",0,0.0168743241975851,0,0,0,0,0,0.983125675802415,0,0,0,0,0,0.983125675802415
"672",0,0.0207093410615269,0,0,0,0,0,0.979290658938473,0,0,0,0,0,0.979290658938473
"673",0,0,0,0,0,0,0,1,0,0,0,0,0,1
"674",0,0,0,0,0,0,0,1,0,0,0,0,0,1
"675",0,0,0,0,0,0,0,1,0,0,0,0,0,1
"676",0,0,0,0,0,0,0,1,0,0,0,0,0,1
"677",0.223928785921466,0.563740675486852,0.0752204826301825,0,0,0,0.1371100559615,0,0,0,0,0,0,0.563740675486852
"678",0,0.0257649050383431,0,0,0,0,0,0.951918142768624,0,0.0223169521930325,0,0,0,0.951918142768624
"679",0.00484410037803407,0.0259118847890738,0,0,0.917114491248139,0,0,0,0,0.0521295235847529,0,0,0,0.917114491248139
"680",0,0.0702460456389326,0,0,0,0,0.929753954361067,0,0,0,0,0,0,0.929753954361067
"681",0,0.00529311304826885,0,0,0,0,0,0,0.994706886951731,0,0,0,0,0.994706886951731
"682",0,0,0,0,0,0,0,0,0,0.722363645756051,0,0,0.277636354243949,0.722363645756051
"683",0,0,0,0,0,0,0,1,0,0,0,0,0,1
"684",0.801828143551948,0.0964749473405623,0.0768388362002145,0,0,0,0.0248580729072756,0,0,0,0,0,0,0.801828143551948
"685",0.0547884997787813,0.0022703303223101,0,0,0.916877924573503,0,0.0260632453254058,0,0,0,0,0,0,0.916877924573503
"686",0,0.988507317601505,0,0,0,0,0.0114926823984955,0,0,0,0,0,0,0.988507317601505
"687",0,0,0,0,0,0,0,1,0,0,0,0,0,1
"688",0,1,0,0,0,0,0,0,0,0,0,0,0,1
"689",0,0.0905488976656963,0,0,0,0,0,0,0.909451102334303,0,0,0,0,0.909451102334303
"690",0,0,0,0,0,0,0,0,0,0.961719704027076,0,0,0.0382802959729248,0.961719704027076
"691",0,0,0,0,0,0,0,0.976594210649981,0,0,0,0.0234057893500194,0,0.976594210649981
"692",0,0,0,0,0,0,0,0,0,0.93780660421897,0,0,0.0621933957810305,0.93780660421897
"693",0,0,0,0,0,0,0,0,1,0,0,0,0,1
"694",0,0,0,0,0,0,0,0,0,0.953603028613096,0,0,0.0463969713869036,0.953603028613096
"695",0.00164175967455381,0,0,0,0.00291790305031286,0,0,0,0,0.956243284324249,0,0,0.0391970529508846,0.956243284324249
"696",0,0,0,0,0,0,0,1,0,0,0,0,0,1
"697",0,0.0288428750401615,0,0,0,0,0,0,0.971157124959839,0,0,0,0,0.971157124959839
"698",0,0.0624269698446891,0,0,0,0,0,0,0.937573030155311,0,0,0,0,0.937573030155311
"699",0.011457085180022,0.0791875516544207,0,0,0,0,0,0,0.909355363165558,0,0,0,0,0.909355363165558
"700",0,1,0,0,0,0,0,0,0,0,0,0,0,1
"701",0.182564445672404,0.112722015813761,0,0,0.0422102480526227,0,0.00803445634440257,0.599708905090444,0.0547599290263661,0,0,0,0,0.599708905090444
"702",0,0.957430809498692,0,0,0,0,0.0425691905013081,0,0,0,0,0,0,0.957430809498692
"703",0,0,0,0,0,0,0,0,0,0.933782509129336,0,0,0.0662174908706632,0.933782509129336
"704",0,0,0,0,0,0,0,1,0,0,0,0,0,1
"705",0,0.680860060228126,0,0,0,0,0.319139939771874,0,0,0,0,0,0,0.680860060228126
"706",0,0.988188447290378,0,0,0,0,0.0118115527096221,0,0,0,0,0,0,0.988188447290378
"707",0,0.107034253958518,0,0,0,0.00299507504331247,0,0.889970670998169,0,0,0,0,0,0.889970670998169
"708",0,0,0,0,0,0,0,1,0,0,0,0,0,1
"709",0,0,0,0,0,0,0,0.942021762349382,0.0579782376506187,0,0,0,0,0.942021762349382
"710",0,0,0,0,0,0,0,0,0,0.959395124767844,0,0,0.0406048752321568,0.959395124767844
"711",0,0.065097402149106,0,0,0,0,0.0060895754854056,0.928813022365488,0,0,0,0,0,0.928813022365488
"712",0,1,0,0,0,0,0,0,0,0,0,0,0,1
"713",0.00340627149593686,0.281508062654556,0,0,0,0,0.715085665849507,0,0,0,0,0,0,0.715085665849507
"714",0,0,0,0,0,0,0,0.945031422062002,0.054968577937997,0,0,0,0,0.945031422062002
"715",0.489053533792251,0.35840585915383,0,0,0,0,0.0377622452705718,0,0.114778361783348,0,0,0,0,0.489053533792251
"716",0,0,0,0,0,0,0,0.014936111737084,0.985063888262916,0,0,0,0,0.985063888262916
"717",0,0.0144123198694283,0,0,0,0,0,0.985587680130572,0,0,0,0,0,0.985587680130572
"718",0,0.0155381709368403,0,0,0.0597895630862746,0.867079732677126,0.0575925332997595,0,0,0,0,0,0,0.867079732677126
"719",0.0203893380639049,0.976313038764823,0,0,0,0,0.00329762317127264,0,0,0,0,0,0,0.976313038764823
"720",0.00463431096867267,0,0,0,0,0,0,0,0,0.300339960368627,0,0.192213491896877,0.502812236765824,0.502812236765824
"721",0,0.959701360476707,0.0353413079100862,0,0,0,0.00495733161320677,0,0,0,0,0,0,0.959701360476707
"722",0,0,0,0,0,0,0,0,0,0.193439722383884,0,0.746076713302843,0.0604835643132731,0.746076713302843
"723",0,0.996432022772333,0,0,0,0,0.00356797722766615,0,0,0,0,0,0,0.996432022772333
"724",0.899899333064576,0,0.0779883737094057,0,0,0,0.0221122932260175,0,0,0,0,0,0,0.899899333064576
"725",0,0.936586363008762,0,0,0,0,0.0634136369912384,0,0,0,0,0,0,0.936586363008762
"726",0,0,0,0,0,0,0,1,0,0,0,0,0,1
"727",0,0.117795729023006,0,0,0,0.346006201418409,0.0338292725018526,0,0,0,0,0.0356414468765434,0.46672735018019,0.46672735018019
"728",0,0.954509820017462,0,0,0,0,0.0454901799825374,0,0,0,0,0,0,0.954509820017462
"729",0,0,0,0,0,0,0,1,0,0,0,0,0,1
"730",0,0,0,0,0,0,0,0,0,0.961562850243931,0,0,0.0384371497560698,0.961562850243931
"731",0,0.95434367898847,0,0,0,0,0.0456563210115302,0,0,0,0,0,0,0.95434367898847
"732",0.0695112587851011,0.456614139521779,0,0,0,0,0.0315411020738104,0.442333499619309,0,0,0,0,0,0.456614139521779
"733",0,0.0512376008757576,0,0,0,0,0,0.834972380363768,0.113790018760474,0,0,0,0,0.834972380363768
"734",0.057805675574879,0.00581119235636173,0.00434810737081478,0,0,0,0,0,0,0.824728029334436,0,0,0.107306995363509,0.824728029334436
"735",0,0,0,0,0,0,0,0,0,0.984292155682658,0,0,0.0157078443173418,0.984292155682658
"736",0.0400065474927932,0,0,0,0.934013489010956,0,0.0259799634962508,0,0,0,0,0,0,0.934013489010956
"737",0,0.809566087782689,0,0,0,0,0.190433912217311,0,0,0,0,0,0,0.809566087782689
"738",0,7.29808680184972e-05,0,0,0,0,0,0,0,0.984387374517568,0,0,0.0155396446144133,0.984387374517568
"739",0,0.0530236381119016,0,0,0.89370318249722,0,0.0354448690858983,0.0178283103049802,0,0,0,0,0,0.89370318249722
"740",0,0,0,0,0,0,0,1,0,0,0,0,0,1
"741",0,0.00902304571007786,0,0,0.990976954289922,0,0,0,0,0,0,0,0,0.990976954289922
"742",0,0.896470397770245,0,0,0,0,0.103529602229755,0,0,0,0,0,0,0.896470397770245
"743",0,0.00500898123614068,0,0,0,0,0,0.0279027053539914,0.0359447546278076,0.0226328848666493,0.622737870871564,0.285772803043847,0,0.622737870871564
"744",0,0.25879929853965,0,0,0,0.0180146763976069,0.460338655893118,0.239515546815889,0.0233318223537355,0,0,0,0,0.460338655893118
"745",0.95071797830513,0,0.0282582546802432,0,0,0,0.0210237670146269,0,0,0,0,0,0,0.95071797830513
"746",0.0496160226925549,0.0220688039575074,0,0.928315173349938,0,0,0,0,0,0,0,0,0,0.928315173349938
"747",0,0.477769970375696,0,0,0,0,0.0195226901918624,0.40178268512257,0.100924654309872,0,0,0,0,0.477769970375696
"748",0.00438877549397072,0.40734571159256,0,0,0,0,0.588265512913469,0,0,0,0,0,0,0.588265512913469
"749",0.0976376369690836,0.259405498823298,0.0130419219656697,0,0,0,0.0576215003377261,0,0,0.572293441904223,0,0,0,0.572293441904223
"750",0,0,0,0,0.056002414044295,0.943997585955705,0,0,0,0,0,0,0,0.943997585955705
"751",0,0,0,0,0,0,0,0,0.854849764782873,0.0147461497025758,0,0.0525117702537268,0.0778923152608247,0.854849764782873
"752",0,0.0682452522247503,0,0.00840751551904452,0.0165715117498651,0.90677572050634,0,0,0,0,0,0,0,0.90677572050634
"753",0,0.0705807788724112,0,0,0,0,0,0,0.929419221127589,0,0,0,0,0.929419221127589
"754",0,0,0,0,0,0,0,0.397136301028409,0.602863698971591,0,0,0,0,0.602863698971591
"755",0,0.934438511159513,0,0,0,0,0.0655614888404872,0,0,0,0,0,0,0.934438511159513
"756",0.00347151675796276,0,0,0,0,0,0,0,0,0.0525896562105689,0,0.759878612967474,0.184060214063995,0.759878612967474
"757",0,0.244475485381331,0,0,0,0.0893728799170898,0.66615163470158,0,0,0,0,0,0,0.66615163470158
"758",0,0.979444524057869,0,0,0,0,0.0205554759421308,0,0,0,0,0,0,0.979444524057869
"759",0,0.984391945373435,0,0,0,0,0.0156080546265652,0,0,0,0,0,0,0.984391945373435
"760",0.49973494565944,0.430449349345383,0.0625280711574362,0,0,0,0.0072876338377404,0,0,0,0,0,0,0.49973494565944
"761",0.0101245645410306,0.00740527749534169,0,0,0.670325231951449,0.312144926012179,0,0,0,0,0,0,0,0.670325231951449
"762",0,0,0,0,0,0,0,1,0,0,0,0,0,1
"763",0.960400053269135,0,0,0,0,0,0.039599946730865,0,0,0,0,0,0,0.960400053269135
"764",0,0,0,0,0,0,0,0.196295437786526,0.803704562213474,0,0,0,0,0.803704562213474
"765",0.316111376919812,0.125350029665684,0.0415829333591357,0,0,0,0.487957843684204,0.0289978163711645,0,0,0,0,0,0.487957843684204
"766",0,0,0,0,0,0,0,1,0,0,0,0,0,1
"767",0.0198230726777681,0.581912081461353,0,0,0,0,0.398264845860879,0,0,0,0,0,0,0.581912081461353
"768",0.990702904207957,0,0.00929709579204334,0,0,0,0,0,0,0,0,0,0,0.990702904207957
"769",0,1,0,0,0,0,0,0,0,0,0,0,0,1
"770",0,0.107097856594251,0,0,0.694691905572927,0,0.198210237832822,0,0,0,0,0,0,0.694691905572927
"771",0,0.0254179176153757,0,0,0,0.00814241250912926,0,0.693243996543798,0.273195673331697,0,0,0,0,0.693243996543798
"772",0,0.342713962413007,0,0,0,0,0.657286037586993,0,0,0,0,0,0,0.657286037586993
"773",0,0.089175632274298,0,0,0,0,0,0,0.910824367725702,0,0,0,0,0.910824367725702
"774",0,0,0,0,0,0,0,0,0,0.942643275207995,0,0,0.057356724792005,0.942643275207995
"775",0,0.0360336763709133,0,0,0.9583842640033,0,0.00558205962578694,0,0,0,0,0,0,0.9583842640033
"776",0,0,0,0,0,0,0,0.832567174863657,0.167432825136343,0,0,0,0,0.832567174863657
"777",0,0.788834178866334,0,0,0,0,0.211165821133666,0,0,0,0,0,0,0.788834178866334
"778",0,0.510507453092044,0,0,0.391081151078852,0,0.0984113958291042,0,0,0,0,0,0,0.510507453092044
"779",0.0461119569160044,0.223848156262348,0.656824957078827,0,0,0,0.0732149297428204,0,0,0,0,0,0,0.656824957078827
"780",0,0,0,0,0,0,0,1,0,0,0,0,0,1
"781",0,0.41790474476987,0,0,0,0,0.58209525523013,0,0,0,0,0,0,0.58209525523013
"782",0,0.0230730101723574,0,0,0,0,0,0,0,0.948906622197055,0,0,0.028020367630587,0.948906622197055
"783",0,0.0755948420805721,0,0.917833871175771,0,0,0.0065712867436567,0,0,0,0,0,0,0.917833871175771
"784",0,0.0381253073413989,0,0,0,0,0,0.901666729585827,0.0602079630727739,0,0,0,0,0.901666729585827
"785",0,0.713357338108284,0,0,0,0.0592565442773384,0.227386117614378,0,0,0,0,0,0,0.713357338108284
"786",0,0.351618100000135,0,0,0.539322797365317,0,0.109059102634549,0,0,0,0,0,0,0.539322797365317
"787",0,0.9032723184729,0.0636210550237613,0,0,0,0.0331066265033384,0,0,0,0,0,0,0.9032723184729
"788",0.787446448714836,0,0.212553551285163,0,0,0,0,0,0,0,0,0,0,0.787446448714836
"789",0,0.00968426803525404,0,0,0,0,0,0.0351986462503194,0.878478477065666,0.0558904757310632,0,0,0.0207481329176965,0.878478477065666
"790",0,0,0,0,0,0,0,0,0,0.98246445117677,0,0,0.0175355488232292,0.98246445117677
"791",0,0,0,0,0,0,0,0.999999999999999,0,0,0,0,0,0.999999999999999
"792",0,0,0,0,0,0.0116006509099975,0,0.988399349090002,0,0,0,0,0,0.988399349090002
"793",0,0.646490892537259,0,0,0.0550690258780961,0,0.298440081584645,0,0,0,0,0,0,0.646490892537259
"794",0,0.142496356574933,0,0,0.812189579704695,0,0.0453140637203722,0,0,0,0,0,0,0.812189579704695
"795",0,0,0,0,0,0,0,1,0,0,0,0,0,1
"796",0,0,0,0,0,0,0,0,0,0.98468582750035,0,0,0.0153141724996495,0.98468582750035
"797",0.0661536204815557,0.816650210875531,0,0,0,0,0.117196168642913,0,0,0,0,0,0,0.816650210875531
"798",0.0779591673377931,0.004411668472361,0,0,0,0,0,0,0.917629164189845,0,0,0,0,0.917629164189845
"799",0,0.0802463241574522,0,0,0,0,0,0,0.919753675842547,0,0,0,0,0.919753675842547
"800",0.0134557686492905,0.0673956662338176,0,0,0,0,0,0,0.919148565116892,0,0,0,0,0.919148565116892
"801",0,0,0,0,0,0,0,1,0,0,0,0,0,1
"802",0,0.0324098123045025,0,0,0,0,0,0.953218752337383,0.0143714353581157,0,0,0,0,0.953218752337383
"803",0.00851399452939677,0.00819399099576247,0,0,0.983292014474841,0,0,0,0,0,0,0,0,0.983292014474841
"804",0,0,0,0,0,0,0,1,0,0,0,0,0,1
"805",0,0.0797105669028804,0,0,0,0.528650792139692,0,0,0,0.0197080318792582,0,0.252937087952764,0.118993521125405,0.528650792139692
"806",0,0,0,0,0,0,0,0,0.948394627450366,0.0237326733247196,0,0,0.0278726992249144,0.948394627450366
"807",0,0.02889277999413,0,0,0,0.00820510583899691,0,0.375878618318889,0.587023495847984,0,0,0,0,0.587023495847984
"808",0,0,0,0,0,0,0,1,0,0,0,0,0,1
"809",0,0,0,0,0,0,0,0.398230767247215,0.487383808416687,0.0798395794563807,0,0,0.0345458448797169,0.487383808416687
"810",0,0,0,0,0,0,0,1,0,0,0,0,0,1
"811",0,0,0,0,0,0,0,0,1,0,0,0,0,1
"812",0,0.00856298265317519,0,0,0.991437017346825,0,0,0,0,0,0,0,0,0.991437017346825
"813",0,0,0,0,0,0,0,1,0,0,0,0,0,1
"814",0.00136271258060373,0.00951627123340233,0,0,0.989121016185994,0,0,0,0,0,0,0,0,0.989121016185994
"815",0,0,0,0,0,0,0,1,0,0,0,0,0,1
"816",0,0,0,0,0,0,0,1,0,0,0,0,0,1
"817",0,0,0,0,0,0,0,1,0,0,0,0,0,1
"818",0,0.0187635317025663,0,0,0,0,0,0.104318445484991,0,0.666125032264575,0,0,0.210792990547868,0.666125032264575
"819",0,0,0,0,0,0,0,1,0,0,0,0,0,1
"820",0,0,0,0,0,0,0,1,0,0,0,0,0,1
"821",0,0.779265942051829,0,0,0,0,0.220734057948171,0,0,0,0,0,0,0.779265942051829
"822",0,0.985333359671196,0,0,0,0,0.0146666403288043,0,0,0,0,0,0,0.985333359671196
"823",0.281644550505205,0,0,0,0.681818818366589,0,0.0365366311282063,0,0,0,0,0,0,0.681818818366589
"824",0,0,0,0,0,0,0,1,0,0,0,0,0,1
"825",0,0.015579155907875,0,0,0,0,0,0.984420844092125,0,0,0,0,0,0.984420844092125
"826",0,0,0,0,0,0,0,0.453799018696253,0.546200981303747,0,0,0,0,0.546200981303747
"827",0.171956603555768,0.0913485299563566,0.0748237377117912,0,0,0,0.350563189037087,0,0,0.193900165930772,0,0,0.117407773808225,0.350563189037087
"828",0.00232743402498871,0,0,0,0,0,0,0,0,0.0800191351790669,0,0.734913280181701,0.182740150614244,0.734913280181701
"829",0,0,0,0,0,0,0,0.0551529892949149,0,0.86992081707514,0,0,0.0749261936299449,0.86992081707514
"830",0,0.914175417935839,0,0.00546258841248803,0,0.0445764527547675,0.0112223979834469,0.0245631429134588,0,0,0,0,0,0.914175417935839
"831",0,7.61108064090327e-05,0,0,0,0,0,0,0,0.951036087240595,0,0,0.048887801952996,0.951036087240595
"832",0.00902164483383756,0,0,0,0.255449308384342,0.73552904678182,0,0,0,0,0,0,0,0.73552904678182
"833",0.0771593993861268,0.0384218669471135,0,0,0,0,0,0,0.88441873366676,0,0,0,0,0.88441873366676
"834",0,0,0,0,0,0,0,1,0,0,0,0,0,1
"835",0,1,0,0,0,0,0,0,0,0,0,0,0,1
"836",0.376995441251999,0.614660605649899,0,0,0,0,0.00834395309810234,0,0,0,0,0,0,0.614660605649899
"837",0,0,0,0,0,0,0,0.553375099988591,0,0.204716979378217,0,0.241907920633193,0,0.553375099988591
"838",0,0,0,0,1,0,0,0,0,0,0,0,0,1
"839",0.599474705492153,0.0223222589680137,0,0,0.218676832242111,0,0.0358129424160008,0.0666780403919727,0.0570352204897491,0,0,0,0,0.599474705492153
"840",0,0,0,0,0,0,0,0,0.0133881446480432,0.690451753239905,0,0.0200978890971004,0.276062213014952,0.690451753239905
"841",0,0.0158212573056611,0,0,0,0,0,0.955898560605351,0.0282801820889884,0,0,0,0,0.955898560605351
"842",0.095258422760102,0.896953755997837,0,0,0,0,0.00778782124206156,0,0,0,0,0,0,0.896953755997837
"843",0,0,0,0,0,0,0,1,0,0,0,0,0,1
"844",0.00920281301340261,0.316023081955981,0.597418644642161,0,0,0,0.0773554603884559,0,0,0,0,0,0,0.597418644642161
"845",0,0.0703322722733547,0,0,0,0,0,0,0.929667727726645,0,0,0,0,0.929667727726645
"846",0,0,0,0,0,0,0,1,0,0,0,0,0,1
"847",0,0,0,0,0,0,0,1,0,0,0,0,0,1
"848",0.0295371407609292,0.129699171078059,0,0,0.763282988812515,0.0240061021785158,0.0534745971699805,0,0,0,0,0,0,0.763282988812515
"849",0,0,0,0,0,0,0,0,1,0,0,0,0,1
"850",0,0.592223859917546,0,0,0,0,0.368074777094175,0.0397013629882785,0,0,0,0,0,0.592223859917546
"851",0,0,0,0,0.0548705991471912,0.945129400852808,0,0,0,0,0,0,0,0.945129400852808
"852",0,0.994458415928226,0,0,0,0,0.00554158407177463,0,0,0,0,0,0,0.994458415928226
"853",0,0.449133341616658,0,0,0,0,0,0.550866658383342,0,0,0,0,0,0.550866658383342
"854",0,0,0,0,0,0,0,1,0,0,0,0,0,1
"855",0,0.0109162484297761,0,0,0,0,0,0.166680877041839,0.822402874528385,0,0,0,0,0.822402874528385
"856",0,0,0,0,0,0,0,1,0,0,0,0,0,1
"857",0,0,0,0,0,0,0,0,1,0,0,0,0,1
"858",0,0.310574322077636,0,0,0,0,0.689425677922363,0,0,0,0,0,0,0.689425677922363
"859",0,0.926712474439905,0,0,0,0,0.0185114000338259,0,0,0,0,0,0.0547761255262692,0.926712474439905
"860",0,0,0,0,0,0,0,1,0,0,0,0,0,1
"861",0,0.0171911500981794,0,0.00336990877043624,0.0121066313085283,0.0596108862189317,0,0.907721423603924,0,0,0,0,0,0.907721423603924
"862",0.0039090680821947,0.0320210695968906,0,0,0.00938190900876844,0,0,0,0,0.275689647790993,0,0.0507942603089622,0.628204045212191,0.628204045212191
"863",0.00303832742821422,0,0,0,0,0,0,0,0,0.0743402031871583,0,0.731963807375698,0.190657662008929,0.731963807375698
"864",0,0,0,0,0,0,0,0,1,0,0,0,0,1
"865",0,0,0,0,0,0,0,1,0,0,0,0,0,1
"866",0,0,0,0,0,0,0,0,1,0,0,0,0,1
"867",0,0.0151771041315506,0,0,0,0,0,0.98482289586845,0,0,0,0,0,0.98482289586845
"868",0,0.597023755306824,0,0,0,0,0.402976244693176,0,0,0,0,0,0,0.597023755306824
"869",0,0.976442743860544,0,0,0,0,0.0235572561394564,0,0,0,0,0,0,0.976442743860544
"870",0,0.163763734440065,0,0,0.803853360956308,0,0.0323829046036274,0,0,0,0,0,0,0.803853360956308
"871",0.06666906461799,0.0943967498196069,0.0188712693102671,0,0,0,0.820062916252136,0,0,0,0,0,0,0.820062916252136
"872",0,0,0,0,0,0,0,1,0,0,0,0,0,1
"873",0,0,0,0,0,0,0,0,0,0.971594840499636,0,0,0.0284051595003645,0.971594840499636
"874",0,0,0,0,1,0,0,0,0,0,0,0,0,1
"875",0.354760261073361,0.125061299702602,0,0,0,0,0.0110444503186482,0,0.509133988905388,0,0,0,0,0.509133988905388
"876",0,0,0,0,0,0,0,0.999999999999999,0,0,0,0,0,0.999999999999999
"877",0,0,0,0,0,0,0,0,1,0,0,0,0,1
"878",0,0.970012345235785,0,0,0,0,0.0299876547642155,0,0,0,0,0,0,0.970012345235785
"879",0,0,0,0,0,0,0,1,0,0,0,0,0,1
"880",0,0,0,0,0,0,0,0.929102081253852,0,0.0708979187461477,0,0,0,0.929102081253852
"881",0,0.00513120335674017,0,0,0,0,0,0,0.99486879664326,0,0,0,0,0.99486879664326
"882",0.00540703651703388,0,0,0,0.115649396525674,0.878943566957292,0,0,0,0,0,0,0,0.878943566957292
"883",0,0,0,0,0,0,0,0,0,0.964388309118908,0,0,0.0356116908810921,0.964388309118908
"884",0,0,0,0,0,0,0,0.988030328562788,0.0119696714372116,0,0,0,0,0.988030328562788
"885",0,0.341584882022259,0,0,0.307500222174289,0,0.350914895803451,0,0,0,0,0,0,0.350914895803451
"886",0,0,0,0,0.971807333747032,0,0.0281926662529685,0,0,0,0,0,0,0.971807333747032
"887",0,1,0,0,0,0,0,0,0,0,0,0,0,1
"888",0,0.38235837957485,0,0.617641620425149,0,0,0,0,0,0,0,0,0,0.617641620425149
"889",0,0,0,0,0,0,0,0,0,0.966006868945218,0,0,0.0339931310547822,0.966006868945218
"890",0,0.137333469088183,0,0.841856029019669,0,0,0.0208105018921471,0,0,0,0,0,0,0.841856029019669
"891",0,0.90702277320238,0,0,0,0,0.0929772267976201,0,0,0,0,0,0,0.90702277320238
"892",0,0.352747785311947,0,0,0,0,0.0890726689417906,0,0,0.558179545746262,0,0,0,0.558179545746262
"893",0.00256937982104309,0,0,0,0,0,0,0,0,0.11466250046117,0,0.782695290603066,0.100072829114721,0.782695290603066
"894",0,0.0209433804673032,0,0,0,0,0,0.979056619532696,0,0,0,0,0,0.979056619532696
"895",0,0,0,0,0,0,0,1,0,0,0,0,0,1
"896",0,0.981647463470093,0,0,0,0,0.018352536529907,0,0,0,0,0,0,0.981647463470093
"897",0,0,0,0,0,0,0,1,0,0,0,0,0,1
"898",0.0287676075783666,0.437423581898466,0.00605146186904837,0,0,0,0.135720918079333,0,0.392036430574786,0,0,0,0,0.437423581898466
"899",0,0,0,0,0,0,0,1,0,0,0,0,0,1
"900",0,0,0,0,0,0,0,1,0,0,0,0,0,1
"901",0,1,0,0,0,0,0,0,0,0,0,0,0,1
"902",0,1,0,0,0,0,0,0,0,0,0,0,0,1
"903",0,0,0,0,0,0,0,1,0,0,0,0,0,1
"904",0.00972104464221082,0.363447970664236,0,0,0.162563013996401,0,0.464267970697152,0,0,0,0,0,0,0.464267970697152
"905",0,0.338142680999251,0,0,0,0,0.0424621616121281,0,0.619395157388621,0,0,0,0,0.619395157388621
"906",0,0,0,0,0,0,0,0,1,0,0,0,0,1
"907",0,0,0,0,0,0,0,0.0552615911282521,0.801323873164058,0.0986700371144911,0,0.0115898070235401,0.033154691569658,0.801323873164058
"908",0,0,0,0,0,0,0,0,1,0,0,0,0,1
"909",0,0.972727816882094,0,0,0,0,0.0272721831179065,0,0,0,0,0,0,0.972727816882094
"910",0,0,0,0,0,0,0,1,0,0,0,0,0,1
"911",0,0,0,0,0,0,0,1,0,0,0,0,0,1
"912",0,0,0,0,0,0,0,1,0,0,0,0,0,1
"913",0,0,0,0,0,0,0,0,0,0.984705358277399,0,0,0.015294641722601,0.984705358277399
"914",0,0,0,0,0,0,0,1,0,0,0,0,0,1
"915",0.0135246571634132,0.0578340806246054,0,0,0,0,0,0,0.928641262211981,0,0,0,0,0.928641262211981
"916",0,0,0,0,0,0,0,0,1,0,0,0,0,1
"917",0,0,0,0,0,0,0,0.910121990836544,0,0.0898780091634554,0,0,0,0.910121990836544
"918",0,0.425096507673416,0,0,0,0,0,0.5481571416535,0.0267463506730834,0,0,0,0,0.5481571416535
"919",0.00761107813946169,0.975668279896427,0,0,0,0,0.0167206419641114,0,0,0,0,0,0,0.975668279896427
"920",0.619514735158739,0.0693564439033278,0.127310174272852,0,0,0,0.0288738241709243,0,0.154944822494157,0,0,0,0,0.619514735158739
"921",0,0.961817180666493,0,0,0.0131128808210609,0,0.0250699385124466,0,0,0,0,0,0,0.961817180666493
"922",0,0.0412752341303128,0,0,0,0,0,0,0.958724765869687,0,0,0,0,0.958724765869687
"923",0,0,0,0,0,0,0,0,0,0.387942770974052,0,0.427114612615755,0.184942616410192,0.427114612615755
"924",0,0.925011715171766,0,0,0,0,0.0749882848282347,0,0,0,0,0,0,0.925011715171766
"925",0,0,0,0,0,0,0,0,0,0.964344280165911,0,0,0.0356557198340885,0.964344280165911
"926",0,0,0,0,0,0,0,0.46958064381327,0.53041935618673,0,0,0,0,0.53041935618673
"927",0,0,0,0,0,0,0,1,0,0,0,0,0,1
"928",0,0.191093579384958,0,0,0,0,0.808906420615042,0,0,0,0,0,0,0.808906420615042
"929",0,0.176843806920695,0,0,0,0,0.823156193079305,0,0,0,0,0,0,0.823156193079305
"930",0,0,0,0,0,0,0,1,0,0,0,0,0,1
"931",0,0,0,0,0,0,0,1,0,0,0,0,0,1
"932",0,0.0119762875403397,0,0,0,0,0,0.98802371245966,0,0,0,0,0,0.98802371245966
"933",0,0,0,0,0,0,0,0.999999999999999,0,0,0,0,0,0.999999999999999
"934",0,0.0137385914650816,0,0,0,0,0,0.986261408534918,0,0,0,0,0,0.986261408534918
"935",0,0.0461089822920729,0,0,0,0,0,0,0.953891017707927,0,0,0,0,0.953891017707927
"936",0,0,0,0,0,0,0,1,0,0,0,0,0,1
"937",0,0.758517090493569,0,0,0,0,0.24148290950643,0,0,0,0,0,0,0.758517090493569
"938",0,0.302089760322177,0,0,0,0.697910239677823,0,0,0,0,0,0,0,0.697910239677823
"939",0,0,0,0,0,0,0,1,0,0,0,0,0,1
"940",0,0,0,0,0,0,0,0.069535850210421,0.930464149789579,0,0,0,0,0.930464149789579
"941",0,0,0,0,0,0,0,1,0,0,0,0,0,1
"942",0,0,0,0,0.034731432781541,0.0448336511897775,0,0,0,0.903565054402448,0,0,0.0168698616262336,0.903565054402448
"943",0.966376858057347,0,0.0297567383570241,0,0,0,0.00386640358562924,0,0,0,0,0,0,0.966376858057347
"944",0,0,0,0,0.0547941908764693,0.945205809123531,0,0,0,0,0,0,0,0.945205809123531
"945",0,0,0,0.00343283683664584,0.0581692471245232,0.938397916038831,0,0,0,0,0,0,0,0.938397916038831
"946",0.53757890562163,0.0218643886331831,0.18823240518263,0,0,0,0.252324300562557,0,0,0,0,0,0,0.53757890562163
"947",0,0,0,0,0,0,0,0,0,0.963107712425393,0,0,0.036892287574607,0.963107712425393
"948",0.634401229771206,0.0390720666006095,0,0,0,0,0.00707365956729549,0.116741584744993,0.202711459315896,0,0,0,0,0.634401229771206
"949",0,0,0,0,0,0,0,1,0,0,0,0,0,1
"950",0,0.0304037909384681,0,0,0,0,0,0.724922688167564,0.244673520893968,0,0,0,0,0.724922688167564
"951",0.850911815125993,0.0430602484343697,0.0268741790931845,0,0,0,0.0791537573464529,0,0,0,0,0,0,0.850911815125993
"952",0.0207256463589857,0.397648411807324,0,0,0,0,0,0.554487903324857,0.0271380385088337,0,0,0,0,0.554487903324857
"953",0,0.914279634007802,0,0,0,0,0.0857203659921982,0,0,0,0,0,0,0.914279634007802
"954",0,0.932166340479584,0,0,0,0,0.0678336595204156,0,0,0,0,0,0,0.932166340479584
"955",0,1,0,0,0,0,0,0,0,0,0,0,0,1
"956",0,0,0,0,0,0,0,1,0,0,0,0,0,1
"957",1,0,0,0,0,0,0,0,0,0,0,0,0,1
"958",0.151167564405606,0.839198518996739,0,0,0,0,0.0096339165976548,0,0,0,0,0,0,0.839198518996739
"959",0,0,0,0,0,0,0,0.834780808962557,0.165219191037444,0,0,0,0,0.834780808962557
"960",0,0.0154691469618196,0,0,0,0,0,0.98453085303818,0,0,0,0,0,0.98453085303818
"961",0.0764678621765623,0.128821400840426,0,0,0,0,0.794710736983012,0,0,0,0,0,0,0.794710736983012
"962",0.239416044786266,0.0579693452689771,0.00397719597524963,0,0.0348054046166022,0,0,0.663832009352905,0,0,0,0,0,0.663832009352905
"963",0,0.0186946711996101,0,0,0,0,0,0.98130532880039,0,0,0,0,0,0.98130532880039
"964",0,0.983824150444136,0,0,0,0,0.016175849555864,0,0,0,0,0,0,0.983824150444136
"965",0,0.650899877076522,0,0,0,0,0.0154818202724291,0,0,0.333618302651049,0,0,0,0.650899877076522
"966",0,0,0,0,0,0,0,0,0,0.984031818470188,0,0,0.0159681815298123,0.984031818470188
"967",0,0.0834462550651487,0,0,0,0,0,0,0.916553744934851,0,0,0,0,0.916553744934851
"968",0,0,0,0,0,0,0,1,0,0,0,0,0,1
"969",0,0.0235516510046208,0,0.00336507720746611,0,0.0398737490371421,0,0.933209522750771,0,0,0,0,0,0.933209522750771
"970",0,0,0,0,0,0,0,0.0568741463210982,0.943125853678902,0,0,0,0,0.943125853678902
"971",0,0,0,0,0,0,0,1,0,0,0,0,0,1
"972",0,0,0,0,0,0,0,0.604792019259953,0.0109677311953093,0.00785521172226687,0.376385037822471,0,0,0.604792019259953
"973",0,0,0,0,0.0560733951626483,0.943926604837352,0,0,0,0,0,0,0,0.943926604837352
"974",0,0,0,0,0,0,0,1,0,0,0,0,0,1
"975",0,0,0,0,0,0,0,0.754934320185373,0.245065679814627,0,0,0,0,0.754934320185373
"976",0.67613376111673,0.0764634913872098,0.0143355786529368,0,0,0,0.233067168843124,0,0,0,0,0,0,0.67613376111673
"977",0.0166596184767755,0.445129843034784,0,0,0,0,0.0156132017459215,0.215746126723854,0,0.142930407316067,0,0,0.163920802702598,0.445129843034784
"978",0,0.943554866693413,0,0,0,0,0,0.0564451333065868,0,0,0,0,0,0.943554866693413
"979",0,0.0263299902202164,0,0,0,0,0,0,0,0.0786316783886108,0,0.733752874607101,0.161285456784072,0.733752874607101
"980",0,0.0161375722222983,0,0,0,0.00707236810670597,0,0.976790059670996,0,0,0,0,0,0.976790059670996
"981",0,0.0592868551620319,0,0,0.933920691872419,0,0.0067924529655494,0,0,0,0,0,0,0.933920691872419
"982",0,0,0,0,0,0,0,0.931243636629067,0.0687563633709338,0,0,0,0,0.931243636629067
"983",0,0.0748095021639617,0,0,0.917469531760847,0,0.00772096607519094,0,0,0,0,0,0,0.917469531760847
"984",0,0,0,0,0,0,0,0,1,0,0,0,0,1
"985",0.00305120719474568,0,0,0,0.0119515403202118,0,0,0,0,0.0251405823555921,0.0468176536892211,0.733768099115183,0.179270917325046,0.733768099115183
"986",0,0.972707856439278,0,0.0170020640321657,0,0,0.0102900795285557,0,0,0,0,0,0,0.972707856439278
"987",0,0.0719699400074316,0,0,0.919065950649676,0,0.00896410934289302,0,0,0,0,0,0,0.919065950649676
"988",0,1,0,0,0,0,0,0,0,0,0,0,0,1
"989",0,0.121874127124163,0,0,0,0,0,0.831644263849155,0.0464816090266813,0,0,0,0,0.831644263849155
"990",0,0,0,0,0,0,0,1,0,0,0,0,0,1
"991",0,0.979698621924248,0,0,0,0,0.020301378075752,0,0,0,0,0,0,0.979698621924248
"992",0,0.0854308746493915,0,0,0,0,0,0,0.914569125350608,0,0,0,0,0.914569125350608
"993",0,0.0637410490661491,0,0,0,0,0,0,0.936258950933851,0,0,0,0,0.936258950933851
"994",0,0,0,0,0,0,0,0,1,0,0,0,0,1
"995",0,0.927927799611859,0,0,0,0.0439694178210174,0.0281027825671234,0,0,0,0,0,0,0.927927799611859
"996",0,0.0092926817982067,0,0,0,0,0,0.694310862769582,0,0.281701787471724,0,0,0.0146946679604875,0.694310862769582
"997",0,0.165096544788372,0,0,0,0,0.0729048278908363,0,0,0.0168960812674132,0,0.466854645816416,0.278247900236962,0.466854645816416
"998",0,0.194893429338471,0,0,0,0,0,0,0.694601727639332,0.0813519056378234,0,0,0.0291529373843744,0.694601727639332
"999",0,0,0,0,0,0,0,0,1,0,0,0,0,1
