"","cell_ID","0","1","2","3","4"
"1","0",0,0.543554016328257,0.456445983671743,0,0
"2","1",0,0.669134190068397,0.330865809931603,0,0
"3","2",0,0.646285198928981,0.35371480107102,0,0
"4","3",0,1,0,0,0
"5","4",0,1,0,0,0
"6","5",0,1,0,0,0
"7","6",0,0.722383434208356,0,0,0.277616565791644
"8","7",0,1,0,0,0
"9","8",0,0.598113478073496,0,0,0.401886521926504
"10","9",0,0.567259920354716,0,0,0.432740079645284
"11","10",0,1,0,0,0
"12","11",0,1,0,0,0
"13","12",0,0.742771861698714,0,0,0.257228138301286
"14","13",0,1,0,0,0
"15","14",0,1,0,0,0
"16","15",0,1,0,0,0
"17","16",0,1,0,0,0
"18","17",0,1,0,0,0
"19","18",0,0.712135490507093,0,0,0.287864509492907
"20","19",0,0.610863772624019,0,0,0.389136227375981
"21","20",0,0.703925565946655,0,0,0.296074434053345
"22","21",0,0.516713316403503,0,0.214206105866818,0.269080577729679
"23","22",0,0.721600063548633,0,0.278399936451367,0
"24","23",0,0.531445117684509,0,0.468554882315491,0
"25","24",0,0.537790745859525,0,0.462209254140476,0
"26","25",0,0.429551791587027,0.280088332002326,0.290359876410647,0
"27","26",0,0,0.560030745444719,0.439969254555281,0
"28","27",0.290182983677392,0,0.709817016322608,0,0
"29","28",0.270711073085985,0,0.474475623372863,0.254813303541153,0
"30","29",0.456031614608945,0,0.543968385391055,0,0
"31","30",0.421115572641967,0,0.578884427358032,0,0
"32","31",0.363292633362774,0,0.310263231554139,0,0.326444135083087
"33","32",0.455066902137069,0,0.544933097862931,0,0
"34","33",0.523795700877068,0,0.476204299122932,0,0
"35","34",0.546160755635145,0,0.453839244364855,0,0
"36","35",0.515499318814125,0,0.484500681185875,0,0
"37","36",0.516913790667996,0,0.483086209332004,0,0
"38","37",0.464931810486268,0,0.535068189513732,0,0
"39","38",0.607055167109894,0,0.392944832890106,0,0
"40","39",0.365199830621012,0,0.419550158174927,0.21525001120406,0
"41","40",0,0.540825713108402,0.459174286891598,0,0
"42","41",0,0.669601096523105,0.330398903476895,0,0
"43","42",0,1,0,0,0
"44","43",0,0.695355519468134,0.304644480531866,0,0
"45","44",0,1,0,0,0
"46","45",0,1,0,0,0
"47","46",0,1,0,0,0
"48","47",0,1,0,0,0
"49","48",0,1,0,0,0
"50","49",0,0.775630787426367,0,0,0.224369212573633
"51","50",0,1,0,0,0
"52","51",0,0.795319695798097,0,0,0.204680304201903
"53","52",0,1,0,0,0
"54","53",0,0.803211193137501,0,0,0.196788806862499
"55","54",0,0.789167418278092,0,0,0.210832581721908
"56","55",0,1,0,0,0
"57","56",0,0.762010016712966,0,0,0.237989983287034
"58","57",0,1,0,0,0
"59","58",0,0.75987973592901,0,0,0.24012026407099
"60","59",0,1,0,0,0
"61","60",0,1,0,0,0
"62","61",0,0.741332954083598,0,0,0.258667045916402
"63","62",0,0.441586364169496,0,0.302979582949249,0.255434052881255
"64","63",0,0.671543759105846,0,0.328456240894154,0
"65","64",0,1,0,0,0
"66","65",0,0.369501904977795,0.282844501354046,0.347653593668159,0
"67","66",0,0,0.629441530964872,0.370558469035128,0
"68","67",0,0,1,0,0
"69","68",0.296818551056662,0,0.703181448943338,0,0
"70","69",0.344465243759726,0,0.655534756240274,0,0
"71","70",0.281882095960913,0,0.434313670566279,0,0.283804233472808
"72","71",0.534196273775102,0,0.465803726224898,0,0
"73","72",0.516354206805577,0,0.483645793194423,0,0
"74","73",0.523741476776801,0,0.476258523223199,0,0
"75","74",0.528520485894074,0,0.471479514105926,0,0
"76","75",0.610257351378122,0,0.389742648621879,0,0
"77","76",0.544493839079799,0,0.455506160920201,0,0
"78","77",0.623461745945385,0,0.376538254054615,0,0
"79","78",0.537115257973297,0,0.462884742026703,0,0
"80","79",0.497873582938183,0,0.502126417061817,0,0
"81","80",0,0.660914432227778,0.339085567772222,0,0
"82","81",0,0.640020610741892,0.359979389258108,0,0
"83","82",0,1,0,0,0
"84","83",0,1,0,0,0
"85","84",0,0.776567677695479,0.223432322304521,0,0
"86","85",0,1,0,0,0
"87","86",0,0.669036458207056,0.330963541792944,0,0
"88","87",0,0.640377098697809,0.359622901302191,0,0
"89","88",0,0.644060807870032,0.355939192129968,0,0
"90","89",0,1,0,0,0
"91","90",0,0.765125758516055,0.234874241483945,0,0
"92","91",0,0.707330198536752,0.292669801463248,0,0
"93","92",0,1,0,0,0
"94","93",0,1,0,0,0
"95","94",0,1,0,0,0
"96","95",0,0.741242229046345,0,0,0.258757770953655
"97","96",0,0.747654890064438,0,0,0.252345109935562
"98","97",0,0.780777506891805,0,0,0.219222493108195
"99","98",0,0.622951593681497,0,0,0.377048406318503
"100","99",0,0.673748280761137,0,0,0.326251719238863
"101","100",0,1,0,0,0
"102","101",0,1,0,0,0
"103","102",0,0.719752935348569,0,0.280247064651431,0
"104","103",0,0.632624205156404,0,0.367375794843596,0
"105","104",0,0.429151254019435,0.257752863323078,0.313095882657487,0
"106","105",0,0.402644685304118,0.597355314695882,0,0
"107","106",0.24523372277278,0.331715034485557,0.423051242741663,0,0
"108","107",0,0,1,0,0
"109","108",0,0,1,0,0
"110","109",0.255682206039894,0,0.744317793960106,0,0
"111","110",0.227431415560049,0,0.772568584439951,0,0
"112","111",0.448006984262061,0,0.551993015737939,0,0
"113","112",0.434097328728881,0,0.565902671271119,0,0
"114","113",0.483763600825564,0,0.516236399174436,0,0
"115","114",0.60856671330628,0,0.39143328669372,0,0
"116","115",0.570413828813444,0,0.429586171186556,0,0
"117","116",0.681825639064479,0,0.31817436093552,0,0
"118","117",0.716347916465166,0,0.283652083534834,0,0
"119","118",0.593982001263802,0,0.406017998736198,0,0
"120","119",0.54563229197617,0,0.45436770802383,0,0
"121","120",0,0.512165583483425,0.487834416516575,0,0
"122","121",0,0.617887607691027,0.382112392308973,0,0
"123","122",0,0.785762570637539,0.214237429362461,0,0
"124","123",0,0.67812343784943,0.32187656215057,0,0
"125","124",0,0.678898850589784,0.321101149410216,0,0
"126","125",0,0.618994581268223,0.381005418731777,0,0
"127","126",0,0.657067716311388,0.342932283688612,0,0
"128","127",0,0.571212624153502,0.428787375846498,0,0
"129","128",0,0.58418933183217,0.41581066816783,0,0
"130","129",0,0.480424309904263,0.519575690095737,0,0
"131","130",0,0.580899902776818,0.419100097223182,0,0
"132","131",0,0.700646316959873,0.299353683040127,0,0
"133","132",0,0.710054213553217,0.289945786446783,0,0
"134","133",0,1,0,0,0
"135","134",0,0.568788768053413,0.202405368316437,0,0.22880586363015
"136","135",0,1,0,0,0
"137","136",0,1,0,0,0
"138","137",0,0.680124757945957,0,0,0.319875242054043
"139","138",0,0.564192032879538,0,0,0.435807967120462
"140","139",0,0.642220239985822,0,0,0.357779760014178
"141","140",0,0.721678755528798,0,0,0.278321244471202
"142","141",0,1,0,0,0
"143","142",0.274473735145541,0.725526264854458,0,0,0
"144","143",0,0.526713637572261,0.473286362427739,0,0
"145","144",0,0.403653642843574,0.596346357156426,0,0
"146","145",0,0.393379471839087,0.606620528160913,0,0
"147","146",0,0,1,0,0
"148","147",0,0.347663289107744,0.652336710892256,0,0
"149","148",0,0,1,0,0
"150","149",0.260810815160916,0,0.739189184839084,0,0
"151","150",0.255619929960488,0,0.744380070039512,0,0
"152","151",0.359237876812601,0,0.640762123187399,0,0
"153","152",0.445435166910515,0,0.554564833089485,0,0
"154","153",0.536188926367479,0,0.463811073632521,0,0
"155","154",0.622050426204925,0,0.377949573795075,0,0
"156","155",0.52111784098243,0,0.47888215901757,0,0
"157","156",0.659172284472438,0,0.340827715527562,0,0
"158","157",0.659508352226145,0,0.340491647773854,0,0
"159","158",0.64558289632579,0,0.35441710367421,0,0
"160","159",0.399423577309704,0,0.600576422690296,0,0
"161","160",0,0.603724996760285,0.396275003239715,0,0
"162","161",0,0.662920085714644,0.337079914285356,0,0
"163","162",0,0.566191852545771,0.433808147454229,0,0
"164","163",0,0.580352749044783,0.419647250955217,0,0
"165","164",0,0.518235587865417,0.481764412134583,0,0
"166","165",0,0.573897490471971,0.426102509528028,0,0
"167","166",0,0.568373975788031,0.431626024211969,0,0
"168","167",0,0.388479344237504,0.611520655762496,0,0
"169","168",0,0.403121897051331,0.596878102948669,0,0
"170","169",0,0.3722544062228,0.6277455937772,0,0
"171","170",0,0.436871807400845,0.563128192599155,0,0
"172","171",0,0.503172191256757,0.496827808743243,0,0
"173","172",0,0.401074312663399,0.598925687336601,0,0
"174","173",0,0.579532910316666,0.420467089683334,0,0
"175","174",0,0.629540704051053,0.370459295948947,0,0
"176","175",0,0.583770655055249,0.416229344944751,0,0
"177","176",0,0.620784920106583,0.379215079893417,0,0
"178","177",0,0.407551797179851,0.287151763382794,0,0.305296439437355
"179","178",0,0.668159729096479,0.331840270903521,0,0
"180","179",0,0.694901782911728,0,0,0.305098217088272
"181","180",0,0.679711167542754,0.320288832457246,0,0
"182","181",0,0.566256748276226,0.433743251723774,0,0
"183","182",0.237483432450724,0.536453899424086,0,0.22606266812519,0
"184","183",0.270059458979133,0.417357052109769,0.312583488911098,0,0
"185","184",0,0.396096802346031,0.603903197653969,0,0
"186","185",0,0.376730888091583,0.623269111908417,0,0
"187","186",0,0.384633605200368,0.615366394799632,0,0
"188","187",0,0.311158536429128,0.688841463570872,0,0
"189","188",0,0.423695995640927,0.576304004359073,0,0
"190","189",0,0.278415202563356,0.721584797436644,0,0
"191","190",0,0,1,0,0
"192","191",0.280258344524464,0,0.719741655475536,0,0
"193","192",0.378366215627586,0,0.621633784372414,0,0
"194","193",0.384585737575626,0,0.615414262424374,0,0
"195","194",0.534729597207955,0,0.465270402792045,0,0
"196","195",0.566737178539707,0,0.433262821460293,0,0
"197","196",0.620221722919253,0,0.379778277080747,0,0
"198","197",0.63687502527937,0,0.36312497472063,0,0
"199","198",0.589128743080246,0,0.410871256919754,0,0
"200","199",0.484675385493277,0,0.515324614506723,0,0
"201","200",0,0.536254281575507,0.463745718424493,0,0
"202","201",0,0.51251252325174,0.48748747674826,0,0
"203","202",0,0.550542581377572,0.449457418622428,0,0
"204","203",0,0.433129975236956,0.566870024763044,0,0
"205","204",0,0.405533741516544,0.594466258483456,0,0
"206","205",0,0.363255824067789,0.636744175932211,0,0
"207","206",0,0.263116574354983,0.736883425645017,0,0
"208","207",0,0.369493568416544,0.630506431583456,0,0
"209","208",0,0,1,0,0
"210","209",0,0.3246337537873,0.6753662462127,0,0
"211","210",0,0,1,0,0
"212","211",0,0.218040197457197,0.781959802542803,0,0
"213","212",0,0.259841424410996,0.740158575589004,0,0
"214","213",0,0.417402309814492,0.582597690185508,0,0
"215","214",0,0.490350323704446,0.509649676295554,0,0
"216","215",0,0.378429384714189,0.62157061528581,0,0
"217","216",0,0.476417760310081,0.523582239689919,0,0
"218","217",0,0.44850497426414,0.55149502573586,0,0
"219","218",0,0.603622511799537,0.396377488200463,0,0
"220","219",0,0.336885635104249,0.436013577304097,0,0.227100787591654
"221","220",0,0.647242573881976,0.352757426118024,0,0
"222","221",0,0.64859106753556,0.35140893246444,0,0
"223","222",0,0.555275365914848,0.444724634085152,0,0
"224","223",0.218672179485651,0.483179303839279,0.298148516675071,0,0
"225","224",0.269546303482547,0.386227972569747,0.344225723947706,0,0
"226","225",0,0.523073810831594,0.476926189168406,0,0
"227","226",0,0.487765384285813,0.512234615714187,0,0
"228","227",0,0.34782548228704,0.65217451771296,0,0
"229","228",0,0.285623486341501,0.714376513658499,0,0
"230","229",0,0,1,0,0
"231","230",0,0,1,0,0
"232","231",0,0,1,0,0
"233","232",0.276942762969698,0,0.723057237030302,0,0
"234","233",0.449188379712133,0,0.550811620287866,0,0
"235","234",0.444684609737142,0,0.555315390262858,0,0
"236","235",0.510797180114326,0,0.489202819885674,0,0
"237","236",0.660972583171308,0,0.339027416828692,0,0
"238","237",0.566757534153891,0,0.433242465846109,0,0
"239","238",0.459079711337876,0,0.540920288662124,0,0
"240","239",0.442433156924397,0,0.557566843075603,0,0
"241","240",0,0.334316225012782,0.665683774987218,0,0
"242","241",0,0.362941776568014,0.637058223431986,0,0
"243","242",0,0.451303175831349,0.548696824168651,0,0
"244","243",0,0.385233810475281,0.614766189524719,0,0
"245","244",0,0.340334001495876,0.659665998504124,0,0
"246","245",0,0.24389397325605,0.75610602674395,0,0
"247","246",0,0.253467492764701,0.746532507235299,0,0
"248","247",0,0,1,0,0
"249","248",0,0,1,0,0
"250","249",0,0.201461901694183,0.798538098305817,0,0
"251","250",0,0,1,0,0
"252","251",0,0,1,0,0
"253","252",0,0.204449042375279,0.795550957624721,0,0
"254","253",0,0.221110440961958,0.778889559038042,0,0
"255","254",0,0.339786677642262,0.660213322357738,0,0
"256","255",0,0.261428425754533,0.738571574245467,0,0
"257","256",0,0.244403952485535,0.755596047514465,0,0
"258","257",0,0.344791618062667,0.655208381937333,0,0
"259","258",0,0.437413833047414,0.562586166952586,0,0
"260","259",0,0.592549578368249,0.407450421631751,0,0
"261","260",0,0.55566642205893,0.44433357794107,0,0
"262","261",0,0.595841775156011,0.404158224843989,0,0
"263","262",0,0.638210102707421,0.361789897292579,0,0
"264","263",0.224828948068195,0.415726257267809,0.359444794663996,0,0
"265","264",0.339549411844715,0.342272127083935,0.31817846107135,0,0
"266","265",0,0.462580015613344,0.537419984386656,0,0
"267","266",0,0.590888575860855,0.409111424139145,0,0
"268","267",0,0.465186345456368,0.534813654543632,0,0
"269","268",0,0.528103646050204,0.471896353949796,0,0
"270","269",0,0.457416580428949,0.542583419571051,0,0
"271","270",0,0.490621677742134,0.509378322257866,0,0
"272","271",0,0.419119538537235,0.580880461462765,0,0
"273","272",0,0,1,0,0
"274","273",0.248244860534379,0,0.499475599445345,0.252279540020276,0
"275","274",0.444724018289063,0,0.555275981710937,0,0
"276","275",0.497740319382588,0,0.502259680617412,0,0
"277","276",0.526431478611018,0,0.473568521388982,0,0
"278","277",0.50155461597297,0,0.49844538402703,0,0
"279","278",0.524667000792783,0,0.475332999207217,0,0
"280","279",0.439954406205658,0,0.560045593794342,0,0
"281","280",0,0.319333066966897,0.680666933033103,0,0
"282","281",0,0.274375842105414,0.725624157894586,0,0
"283","282",0,0.328716591896029,0.671283408103971,0,0
"284","283",0,0.229865768397185,0.770134231602815,0,0
"285","284",0,0,1,0,0
"286","285",0,0,1,0,0
"287","286",0,0,1,0,0
"288","287",0,0,1,0,0
"289","288",0,0,1,0,0
"290","289",0,0,1,0,0
"291","290",0,0,1,0,0
"292","291",0,0,1,0,0
"293","292",0,0,1,0,0
"294","293",0,0.282092162268294,0.717907837731706,0,0
"295","294",0,0.254067063618511,0.745932936381489,0,0
"296","295",0,0.37112311557632,0.62887688442368,0,0
"297","296",0,0.298198957432225,0.701801042567775,0,0
"298","297",0,0.290993529439051,0.709006470560949,0,0
"299","298",0,0.437082485371675,0.562917514628325,0,0
"300","299",0,0.61820901499708,0.38179098500292,0,0
"301","300",0,0.625057936961083,0.374942063038917,0,0
"302","301",0.211220523570998,0.506236703693686,0.282542772735316,0,0
"303","302",0.296040582577538,0.478038678262908,0.225920739159553,0,0
"304","303",0.52042837226743,0,0.47957162773257,0,0
"305","304",0.310224204452036,0.457340669215753,0.232435126332211,0,0
"306","305",0.272192150909192,0.727807849090808,0,0,0
"307","306",0.257366362114881,0.326413188823796,0.416220449061322,0,0
"308","307",0,0.546202904123474,0.453797095876526,0,0
"309","308",0,0.618326013299745,0.381673986700255,0,0
"310","309",0,0.466823261989709,0.533176738010291,0,0
"311","310",0,0.488340314485116,0.511659685514884,0,0
"312","311",0,0.469592749909481,0.530407250090519,0,0
"313","312",0,0,1,0,0
"314","313",0,0,0.664077503674761,0.335922496325239,0
"315","314",0.30018352641469,0,0.452921728873365,0.246894744711946,0
"316","315",0.469366870880802,0,0.530633129119198,0,0
"317","316",0.554050311233487,0,0.445949688766513,0,0
"318","317",0.503118160686083,0,0.496881839313917,0,0
"319","318",0.498830166496917,0,0.501169833503083,0,0
"320","319",0.453841171328682,0,0.546158828671318,0,0
"321","320",0.229051825377278,0.359109230250027,0.411838944372695,0,0
"322","321",0,0,1,0,0
"323","322",0,0,1,0,0
"324","323",0,0,1,0,0
"325","324",0,0,1,0,0
"326","325",0,0,1,0,0
"327","326",0,0,1,0,0
"328","327",0,0,1,0,0
"329","328",0,0,1,0,0
"330","329",0,0,1,0,0
"331","330",0,0,1,0,0
"332","331",0,0,1,0,0
"333","332",0,0,1,0,0
"334","333",0,0,1,0,0
"335","334",0,0,1,0,0
"336","335",0,0.319173396566316,0.680826603433684,0,0
"337","336",0,0.337661853538889,0.662338146461111,0,0
"338","337",0,0.379650445273904,0.620349554726096,0,0
"339","338",0,0.59440703966294,0.40559296033706,0,0
"340","339",0,0.647725692889859,0.352274307110141,0,0
"341","340",0,0.644437368200893,0.355562631799107,0,0
"342","341",0.220815528226471,0.429075011150574,0.350109460622955,0,0
"343","342",0.452122505080499,0.327275774830693,0.220601720088808,0,0
"344","343",0.563018674115931,0.436981325884069,0,0,0
"345","344",0.423481422661043,0.576518577338957,0,0,0
"346","345",0.307025487005812,0.692974512994188,0,0,0
"347","346",0.29412880392043,0.47644378863585,0.22942740744372,0,0
"348","347",0.241454758784013,0.375576906015883,0.382968335200104,0,0
"349","348",0,0.675608664529594,0.324391335470406,0,0
"350","349",0,0.613685756961778,0.386314243038222,0,0
"351","350",0,0.669284628992315,0.330715371007685,0,0
"352","351",0,0.399020865922902,0.332414827533263,0.268564306543835,0
"353","352",0,0.339869267354205,0.341917921101642,0.318212811544154,0
"354","353",0,0.297749258453604,0.322501199125396,0.379749542421,0
"355","354",0.463927582285535,0,0,0.536072417714465,0
"356","355",0.434068628702568,0,0.358599125459079,0.207332245838353,0
"357","356",0.506228759040873,0,0.493771240959127,0,0
"358","357",0.481962867122234,0,0.518037132877766,0,0
"359","358",0.479551769084312,0,0.520448230915688,0,0
"360","359",0.477264110755437,0,0.522735889244563,0,0
"361","360",0,0,1,0,0
"362","361",0.236859017033852,0.28141898339429,0.481721999571858,0,0
"363","362",0,0.312795958540801,0.687204041459199,0,0
"364","363",0,0.251318599151444,0.748681400848556,0,0
"365","364",0,0,1,0,0
"366","365",0,0,1,0,0
"367","366",0,0,1,0,0
"368","367",0,0,1,0,0
"369","368",0,0,1,0,0
"370","369",0,0,1,0,0
"371","370",0,0,1,0,0
"372","371",0,0,1,0,0
"373","372",0,0,1,0,0
"374","373",0,0,1,0,0
"375","374",0,0,1,0,0
"376","375",0,0.310188115613008,0.689811884386992,0,0
"377","376",0,0.36246637361509,0.63753362638491,0,0
"378","377",0,0.559055931461041,0.440944068538959,0,0
"379","378",0,0.638229780061171,0.361770219938829,0,0
"380","379",0,0.644343523277274,0.355656476722726,0,0
"381","380",0.22436316050726,0.562617126911777,0.213019712580964,0,0
"382","381",0.344993857631435,0.655006142368565,0,0,0
"383","382",0.423455694651117,0.576544305348883,0,0,0
"384","383",0.528132491254539,0.471867508745461,0,0,0
"385","384",0.599903292847909,0.400096707152091,0,0,0
"386","385",0.453348079008807,0.546651920991193,0,0,0
"387","386",0.353625063620943,0.646374936379057,0,0,0
"388","387",0.245297329796043,0.754702670203957,0,0,0
"389","388",0,1,0,0,0
"390","389",0,1,0,0,0
"391","390",0,0.410565426128663,0.3710639737026,0.218370600168736,0
"392","391",0,0.638060024318126,0,0.361939975681874,0
"393","392",0,0.440684650078163,0,0.559315349921837,0
"394","393",0,0,0,1,0
"395","394",0.253928946719562,0,0.393030328725454,0.353040724554984,0
"396","395",0.347728714475515,0,0.415833750262533,0.236437535261952,0
"397","396",0.497767708994105,0,0.502232291005895,0,0
"398","397",0.623843358893346,0,0.376156641106654,0,0
"399","398",0.609010623748098,0,0.390989376251903,0,0
"400","399",0.505996475160173,0,0.494003524839827,0,0
"401","400",0.34457972562319,0,0.65542027437681,0,0
"402","401",0,0,1,0,0
"403","402",0,0,1,0,0
"404","403",0,0,1,0,0
"405","404",0,0,1,0,0
"406","405",0,0,1,0,0
"407","406",0,0,1,0,0
"408","407",0,0,1,0,0
"409","408",0,0,1,0,0
"410","409",0,0,1,0,0
"411","410",0,0,1,0,0
"412","411",0,0,1,0,0
"413","412",0,0,1,0,0
"414","413",0,0,1,0,0
"415","414",0,0,1,0,0
"416","415",0,0.277044106795943,0.722955893204057,0,0
"417","416",0,0.356735326016136,0.643264673983864,0,0
"418","417",0,0.572037401972302,0.427962598027698,0,0
"419","418",0,0.525085178744537,0.474914821255463,0,0
"420","419",0,0.721627696313314,0.278372303686686,0,0
"421","420",0,1,0,0,0
"422","421",0.239921892439328,0.760078107560672,0,0,0
"423","422",0.411204431363402,0.588795568636598,0,0,0
"424","423",0.528872407850746,0.471127592149254,0,0,0
"425","424",0.662464670246055,0.337535329753945,0,0,0
"426","425",0.624292581830242,0.375707418169758,0,0,0
"427","426",0.548474335495693,0.451525664504307,0,0,0
"428","427",0.48502927335908,0.51497072664092,0,0,0
"429","428",0.405301983268243,0.594698016731757,0,0,0
"430","429",0.272848107399156,0.727151892600844,0,0,0
"431","430",0.216575038319538,0.458337437960656,0,0.325087523719806,0
"432","431",0,0.573940945305614,0,0.426059054694386,0
"433","432",0,0.450083588595928,0,0.549916411404072,0
"434","433",0,0.504766406379834,0,0.495233593620166,0
"435","434",0.336447042369983,0,0,0.262214714489478,0.401338243140539
"436","435",1,0,0,0,0
"437","436",0.570863766285966,0,0.429136233714034,0,0
"438","437",0.630085361331193,0,0.369914638668807,0,0
"439","438",0.546424731617338,0,0.453575268382662,0,0
"440","439",0.553114588760734,0,0.446885411239266,0,0
"441","440",0.272694739420997,0,0.727305260579003,0,0
"442","441",0,0.452467289948866,0.547532710051134,0,0
"443","442",0,0,1,0,0
"444","443",0,0,1,0,0
"445","444",0,0,1,0,0
"446","445",0,0,1,0,0
"447","446",0,0,1,0,0
"448","447",0,0,1,0,0
"449","448",0,0,1,0,0
"450","449",0,0,1,0,0
"451","450",0,0,1,0,0
"452","451",0,0,1,0,0
"453","452",0,0,1,0,0
"454","453",0,0,1,0,0
"455","454",0,0.231561662182134,0.768438337817866,0,0
"456","455",0,0,1,0,0
"457","456",0,0.327312964330257,0.672687035669743,0,0
"458","457",0,0.507448445545313,0.492551554454687,0,0
"459","458",0,0.642091004786978,0.357908995213022,0,0
"460","459",0,0.759453349116336,0.240546650883664,0,0
"461","460",0,1,0,0,0
"462","461",0.285101128087878,0.714898871912122,0,0,0
"463","462",0.454041199312961,0.545958800687039,0,0,0
"464","463",0.522906944429458,0.477093055570542,0,0,0
"465","464",0.67798891552576,0.32201108447424,0,0,0
"466","465",0.617967477132331,0.382032522867669,0,0,0
"467","466",0.584361449060832,0.415638550939168,0,0,0
"468","467",0.53902266902234,0.46097733097766,0,0,0
"469","468",0.490577306701106,0.509422693298894,0,0,0
"470","469",0.358085805210187,0.43144689581671,0,0.210467298973103,0
"471","470",0.29922066203735,0.462434724352487,0,0.238344613610164,0
"472","471",0,0.591935826646077,0,0.408064173353923,0
"473","472",0,0.454586592095069,0,0.545413407904931,0
"474","473",0.2920389108655,0,0,0.39230088020127,0.31566020893323
"475","474",0.317501206068037,0,0,0.289435665447255,0.393063128484708
"476","475",0.470530459499241,0,0,0,0.529469540500759
"477","476",0.551025910873602,0,0,0,0.448974089126398
"478","477",0.625874163436221,0,0,0,0.374125836563779
"479","478",1,0,0,0,0
"480","479",1,0,0,0,0
"481","480",0.284807201973995,0,0.715192798026005,0,0
"482","481",0.229555895533519,0,0.770444104466481,0,0
"483","482",0,0.362662064021399,0.637337935978601,0,0
"484","483",0,0,1,0,0
"485","484",0,0,1,0,0
"486","485",0,0,1,0,0
"487","486",0,0,0.801097984109416,0.198902015890584,0
"488","487",0,0,1,0,0
"489","488",0,0,1,0,0
"490","489",0,0,1,0,0
"491","490",0,0,1,0,0
"492","491",0,0,1,0,0
"493","492",0,0,1,0,0
"494","493",0,0.231738932696602,0.768261067303398,0,0
"495","494",0,0,1,0,0
"496","495",0,0.35652554890865,0.64347445109135,0,0
"497","496",0,0.475510574393011,0.524489425606989,0,0
"498","497",0,0.520308107332779,0.479691892667222,0,0
"499","498",0,0.539331573107833,0.460668426892167,0,0
"500","499",0,0.65308018388858,0.34691981611142,0,0
"501","500",0,1,0,0,0
"502","501",0.244212426619582,0.755787573380418,0,0,0
"503","502",0.633085542617884,0.366914457382116,0,0,0
"504","503",0.675780435956971,0.324219564043029,0,0,0
"505","504",0.690240141272166,0.309759858727834,0,0,0
"506","505",0.747345697836856,0.252654302163144,0,0,0
"507","506",0.588316962296409,0.411683037703591,0,0,0
"508","507",0.694456860817081,0.305543139182919,0,0,0
"509","508",0.712680142536463,0,0,0,0.287319857463537
"510","509",0.457615306228191,0.542384693771809,0,0,0
"511","510",0.326795206025352,0.437966264370041,0,0.235238529604607,0
"512","511",0.268265018865548,0.367468431756491,0,0.364266549377961,0
"513","512",0.276308217137846,0.424447772878444,0,0.29924400998371,0
"514","513",0.469818273998826,0,0,0.530181726001174,0
"515","514",0.406896165145049,0,0,0.252905370762905,0.340198464092046
"516","515",0.633889216444268,0,0,0,0.366110783555732
"517","516",0.643513044284993,0,0,0,0.356486955715007
"518","517",0.607586130240067,0,0,0,0.392413869759933
"519","518",0.704901685867392,0,0,0,0.295098314132609
"520","519",0.630949773102746,0,0,0,0.369050226897254
"521","520",0.20483766564409,0,0.499985169465813,0,0.295177164890098
"522","521",0,0,1,0,0
"523","522",0,0,1,0,0
"524","523",0,0,1,0,0
"525","524",0,0,0.732652056882044,0.267347943117956,0
"526","525",0,0,0.732165290697285,0.267834709302715,0
"527","526",0,0,0.713141036888859,0.286858963111141,0
"528","527",0,0,0.717037022230673,0.282962977769327,0
"529","528",0,0,1,0,0
"530","529",0,0,1,0,0
"531","530",0,0,1,0,0
"532","531",0,0,1,0,0
"533","532",0,0,1,0,0
"534","533",0,0.272925478316014,0.727074521683986,0,0
"535","534",0,0.291444142052059,0.708555857947941,0,0
"536","535",0,0.28089761654284,0.71910238345716,0,0
"537","536",0,0.347146266032096,0.652853733967904,0,0
"538","537",0,0.482642892072629,0.517357107927371,0,0
"539","538",0,0.560665787085062,0.439334212914938,0,0
"540","539",0,0.499103698104862,0.500896301895138,0,0
"541","540",0,1,0,0,0
"542","541",0.311988874893933,0.466729886657298,0.221281238448769,0,0
"543","542",0.509687509515061,0.490312490484939,0,0,0
"544","543",0.626973058838976,0.373026941161024,0,0,0
"545","544",0.607047573258166,0.392952426741834,0,0,0
"546","545",0.698412029724389,0.301587970275611,0,0,0
"547","546",0.614869889597686,0.385130110402314,0,0,0
"548","547",0.616162516083706,0.383837483916294,0,0,0
"549","548",0.699361202274469,0,0,0,0.300638797725531
"550","549",0.66212232426767,0,0,0,0.33787767573233
"551","550",0.40926109667558,0.295890681304063,0,0.294848222020357,0
"552","551",0.345683552685166,0.385020091863363,0,0.269296355451471,0
"553","552",0.373934925258919,0.323208801793123,0,0.302856272947957,0
"554","553",0.525490974496565,0,0,0.227529401442549,0.246979624060886
"555","554",0.640509661832785,0,0,0,0.359490338167215
"556","555",0.554774237599132,0,0,0,0.445225762400868
"557","556",0.637137114496393,0,0,0,0.362862885503607
"558","557",0.684803296426198,0,0,0,0.315196703573802
"559","558",0.571221189717451,0,0,0,0.428778810282549
"560","559",0.664925491115769,0,0,0,0.335074508884231
"561","560",0,0,1,0,0
"562","561",0,0,0.699428659528772,0,0.300571340471228
"563","562",0,0,0.681924673302947,0,0.318075326697053
"564","563",0,0,1,0,0
"565","564",0,0,0.683828719431132,0.316171280568868,0
"566","565",0,0,0.589054068601551,0.410945931398449,0
"567","566",0,0,0.593404543021823,0.406595456978177,0
"568","567",0,0,0.43327255476807,0.307549676719646,0.259177768512285
"569","568",0,0,0.547608794133266,0.219574957986186,0.232816247880548
"570","569",0,0,0.713259740892705,0.286740259107295,0
"571","570",0,0,0.697234848638782,0,0.302765151361218
"572","571",0,0,1,0,0
"573","572",0,0,0.688367150379982,0,0.311632849620018
"574","573",0,0,1,0,0
"575","574",0,0,0.694802149193532,0,0.305197850806467
"576","575",0,0,1,0,0
"577","576",0,0.312251371149923,0.687748628850077,0,0
"578","577",0,0.395354812135539,0.604645187864462,0,0
"579","578",0,0.482283771517122,0.517716228482878,0,0
"580","579",0,0.481282971697072,0.518717028302927,0,0
"581","580",0,0.571451233623054,0.428548766376946,0,0
"582","581",0,0.672138110446103,0.327861889553897,0,0
"583","582",0.403281611224317,0.386506210295107,0.210212178480576,0,0
"584","583",0.612554768737809,0.387445231262191,0,0,0
"585","584",0.642504778443905,0.357495221556095,0,0,0
"586","585",0.601307892547142,0.398692107452858,0,0,0
"587","586",0.595630207473205,0.404369792526795,0,0,0
"588","587",0.740127000395387,0,0,0,0.259872999604613
"589","588",0.681884467862606,0,0,0,0.318115532137394
"590","589",0.753308756513046,0,0,0,0.246691243486954
"591","590",0.533625186901595,0.466374813098405,0,0,0
"592","591",0.412656774286984,0.350755469078099,0,0.236587756634917,0
"593","592",0.503432013818586,0,0,0.250867377265721,0.245700608915693
"594","593",0.667499150646712,0,0,0,0.332500849353288
"595","594",0.655049812471424,0,0,0,0.344950187528576
"596","595",0.631202056109439,0,0,0,0.368797943890561
"597","596",0.563268729123598,0,0,0,0.436731270876402
"598","597",0.612734267810158,0,0,0,0.387265732189842
"599","598",0.681849157529075,0,0,0,0.318150842470925
"600","599",0.628543621237615,0,0,0,0.371456378762385
"601","600",0,0,1,0,0
"602","601",0,0,0.762681613841422,0,0.237318386158578
"603","602",0,0,0.622725383503182,0,0.377274616496818
"604","603",0,0,0.592588921150339,0,0.407411078849661
"605","604",0,0,0.338814380553932,0.226827077724558,0.43435854172151
"606","605",0,0,0.30534778929846,0.451746100051805,0.242906110649735
"607","606",0,0,0.50673639939994,0.49326360060006,0
"608","607",0,0,0.623090533279833,0.376909466720167,0
"609","608",0,0,0,0.505203697772518,0.494796302227482
"610","609",0,0,0.390834776537772,0.294708204396013,0.314457019066215
"611","610",0,0,0.548585567863597,0,0.451414432136402
"612","611",0,0,0.66224301174358,0,0.33775698825642
"613","612",0,0,0.628602678291517,0,0.371397321708483
"614","613",0,0,0.634265762014601,0,0.365734237985399
"615","614",0,0,0.649633486382964,0,0.350366513617036
"616","615",0,0,0.640924565195089,0,0.359075434804911
"617","616",0,0,0.781087289847115,0,0.218912710152885
"618","617",0,0.262396443944742,0.5344961497564,0,0.203107406298858
"619","618",0,0.462912374569558,0.537087625430442,0,0
"620","619",0,0.379938613615497,0.620061386384503,0,0
"621","620",0,0.51449249856929,0.48550750143071,0,0
"622","621",0.218608390951772,0.463971314980827,0.3174202940674,0,0
"623","622",0.387835270521333,0.33536423986513,0.276800489613537,0,0
"624","623",0.352500144819894,0.371130122963603,0.276369732216503,0,0
"625","624",0.614751843917302,0.385248156082698,0,0,0
"626","625",0.570420368106122,0.429579631893878,0,0,0
"627","626",0.424668296734941,0.575331703265059,0,0,0
"628","627",0.686117620856472,0,0,0,0.313882379143528
"629","628",0.5885322419352,0,0,0,0.4114677580648
"630","629",0.466493772249735,0.31448082780418,0,0.219025399946085,0
"631","630",0.716697276166284,0,0,0,0.283302723833716
"632","631",0.590451539055774,0,0,0,0.409548460944226
"633","632",0.659377073476766,0,0,0,0.340622926523234
"634","633",0.703894813736036,0,0,0,0.296105186263964
"635","634",0.62980694452368,0,0,0,0.37019305547632
"636","635",0.668575667195283,0,0,0,0.331424332804717
"637","636",0.60859206783838,0,0,0,0.39140793216162
"638","637",0.643667158980599,0,0,0,0.356332841019401
"639","638",0.632675728617654,0,0,0,0.367324271382346
"640","639",0.511097381038297,0,0,0.235614613494597,0.253288005467106
"641","640",0,0,0.707378625494627,0,0.292621374505373
"642","641",0,0,0.745372336325085,0,0.254627663674915
"643","642",0,0,0.586091654280912,0,0.413908345719087
"644","643",0,0,0.323618171630463,0.205987395107558,0.470394433261979
"645","644",0,0,0,0.3282063837491,0.6717936162509
"646","645",0,0,0.274974149262129,0.312345930199865,0.412679920538006
"647","646",0,0,0.315924818211922,0.302430600756481,0.381644581031597
"648","647",0,0,0,0.46244468165987,0.537555318340131
"649","648",0,0,0.320396335322927,0.228334061300379,0.451269603376694
"650","649",0,0,0.348136733134302,0.297408797813123,0.354454469052575
"651","650",0,0,0.570331554784879,0,0.429668445215122
"652","651",0,0,0.461457571678389,0,0.538542428321611
"653","652",0,0,0.468962518676297,0,0.531037481323703
"654","653",0,0,0.518382572352753,0,0.481617427647247
"655","654",0,0,0.571763128669047,0,0.428236871330953
"656","655",0,0,0.76548462164498,0,0.23451537835502
"657","656",0,0.309866607095859,0.690133392904141,0,0
"658","657",0,0,1,0,0
"659","658",0,0.233643420220865,0.766356579779135,0,0
"660","659",0,0.350623628544964,0.649376371455036,0,0
"661","660",0,0.386533616997407,0.613466383002593,0,0
"662","661",0,0.413787948552972,0.586212051447028,0,0
"663","662",0.221744536425598,0.332768125030492,0.44548733854391,0,0
"664","663",0.222101799514207,0.312590646432841,0.465307554052953,0,0
"665","664",0.451807680614259,0,0.548192319385741,0,0
"666","665",0.483228511222105,0,0.516771488777895,0,0
"667","666",0.358162865389629,0.641837134610371,0,0,0
"668","667",0.456954398288878,0.543045601711122,0,0,0
"669","668",1,0,0,0,0
"670","669",0.582781090186995,0,0,0,0.417218909813005
"671","670",0.538874187699153,0,0,0,0.461125812300847
"672","671",0.563484728085598,0,0,0,0.436515271914402
"673","672",0.530376271683023,0,0,0,0.469623728316977
"674","673",0.59814625943263,0,0,0,0.40185374056737
"675","674",0.671681269692827,0,0,0,0.328318730307173
"676","675",0.673772341192499,0,0,0,0.326227658807502
"677","676",0.715207315189486,0,0,0,0.284792684810514
"678","677",0.618298699477111,0,0,0,0.381701300522889
"679","678",0.599589374740263,0,0,0,0.400410625259737
"680","679",0.351771302664771,0,0,0.292493225501041,0.355735471834188
"681","680",0,0,0.740192719496973,0,0.259807280503027
"682","681",0,0,0.587758343876907,0,0.412241656123093
"683","682",0,0,0.404773837896192,0,0.595226162103808
"684","683",0,0,0,0,1
"685","684",0,0,0.395457205895322,0,0.604542794104678
"686","685",0,0,0,0.282388250917562,0.717611749082438
"687","686",0,0,0,0,1
"688","687",0,0,0,0.308221190822328,0.691778809177672
"689","688",0.332132110518184,0,0,0,0.667867889481816
"690","689",0,0,0.373975502153713,0,0.626024497846287
"691","690",0,0,0.340164771367026,0,0.659835228632974
"692","691",0,0,0,0,1
"693","692",0,0,0.349277458486553,0,0.650722541513447
"694","693",0,0,0.507458461117767,0,0.492541538882233
"695","694",0,0,0.61417653497417,0,0.38582346502583
"696","695",0,0,0.688981386344111,0,0.311018613655889
"697","696",0,0.37781748179149,0.62218251820851,0,0
"698","697",0,0,0.738590000300507,0,0.261409999699493
"699","698",0,0.312484800812358,0.687515199187642,0,0
"700","699",0,0,1,0,0
"701","700",0,0.29581426873897,0.70418573126103,0,0
"702","701",0,0,1,0,0
"703","702",0,0,1,0,0
"704","703",0,0,1,0,0
"705","704",0,0,1,0,0
"706","705",0,0,1,0,0
"707","706",0.391056608946255,0,0.608943391053745,0,0
"708","707",0.352344646905706,0,0.28323502741645,0,0.364420325677844
"709","708",0.390495491016032,0,0,0,0.609504508983968
"710","709",0.520817340897676,0,0,0,0.479182659102324
"711","710",0.398937812169917,0,0,0,0.601062187830083
"712","711",0.589865677315937,0,0,0,0.410134322684063
"713","712",0.419399608084645,0,0,0,0.580600391915355
"714","713",0.535514264899764,0,0,0,0.464485735100236
"715","714",0.615891735037302,0,0,0,0.384108264962699
"716","715",0.562421457698656,0,0,0,0.437578542301344
"717","716",0.633578181079854,0,0,0,0.366421818920146
"718","717",0.573303540201712,0,0,0,0.426696459798288
"719","718",0.459774216988877,0,0,0,0.540225783011123
"720","719",0.36381759235012,0,0,0.37077583360622,0.26540657404366
"721","720",0,0,0.70404128031601,0,0.29595871968399
"722","721",0,0,0.493065545522171,0,0.506934454477829
"723","722",0,0,0.4220775068658,0,0.5779224931342
"724","723",0,0,0.313811805055449,0,0.686188194944551
"725","724",0,0,0,0,1
"726","725",0,0,0,0,1
"727","726",0,0,0,0,1
"728","727",0,0,0,0.332934710020415,0.667065289979585
"729","728",0,0,0,0,1
"730","729",0.279250664768336,0,0,0,0.720749335231664
"731","730",0.280654884863565,0,0,0,0.719345115136435
"732","731",0,0,0,0,1
"733","732",0,0,0.428428711583136,0,0.571571288416864
"734","733",0,0,0.540830935724351,0,0.459169064275649
"735","734",0,0.251056658564012,0.39362595839913,0,0.355317383036858
"736","735",0,0,0.586117716163272,0,0.413882283836728
"737","736",0,0.231704609486503,0.481075793662733,0,0.287219596850764
"738","737",0,0.316741881399725,0.683258118600275,0,0
"739","738",0,0.39756791509546,0.60243208490454,0,0
"740","739",0,0.262587811138658,0.737412188861342,0,0
"741","740",0,0.239638149328206,0.760361850671794,0,0
"742","741",0,0,1,0,0
"743","742",0,0,1,0,0
"744","743",0,0,1,0,0
"745","744",0,0,1,0,0
"746","745",0,0,1,0,0
"747","746",0,0,0.732829410810311,0,0.267170589189688
"748","747",0,0,0.503738700903139,0,0.496261299096861
"749","748",0,0,0,0,1
"750","749",0.268586412508403,0,0,0,0.731413587491597
"751","750",0.35815704625963,0,0,0,0.64184295374037
"752","751",0.353099681172277,0,0,0,0.646900318827723
"753","752",0.522743242007765,0,0,0,0.477256757992235
"754","753",0.515976039166653,0,0,0,0.484023960833347
"755","754",0.548032887632172,0,0,0,0.451967112367828
"756","755",0.686409336504359,0,0,0,0.313590663495641
"757","756",0.537004361503484,0,0,0,0.462995638496516
"758","757",0.677232803556798,0,0,0,0.322767196443202
"759","758",0.390959496459351,0,0,0,0.609040503540649
"760","759",0.305814606191502,0,0,0.343856934599531,0.350328459208966
"761","760",0,0,0.449584706551938,0,0.550415293448062
"762","761",0,0.273131150262887,0.264908509132054,0,0.461960340605058
"763","762",0,0,0.425962553798036,0,0.574037446201964
"764","763",0,0,0,0,1
"765","764",0,0,0,0,1
"766","765",0,0,0,0,1
"767","766",0,0,0,0.266899624815891,0.733100375184109
"768","767",0,0,0,0,1
"769","768",0,0,0,0,1
"770","769",0.318460026331979,0,0,0,0.681539973668021
"771","770",0.339706156901075,0,0,0,0.660293843098925
"772","771",0.221533640328313,0,0.257489397704883,0,0.520976961966804
"773","772",0,0,0.402546093218767,0,0.597453906781233
"774","773",0,0,0.520145078459517,0,0.479854921540483
"775","774",0,0.30194746764922,0.394573981980646,0,0.303478550370134
"776","775",0,0.479822657254949,0.520177342745051,0,0
"777","776",0,0.44268946959912,0.55731053040088,0,0
"778","777",0,0.292049784219905,0.707950215780095,0,0
"779","778",0,0.350549137857539,0.649450862142461,0,0
"780","779",0,0,1,0,0
"781","780",0,0.326116580417682,0.673883419582318,0,0
"782","781",0,0,1,0,0
"783","782",0,0,1,0,0
"784","783",0,0,1,0,0
"785","784",0,0,1,0,0
"786","785",0,0,1,0,0
"787","786",0,0,0.587596504923581,0,0.412403495076419
"788","787",0,0,0.451055203675212,0,0.548944796324788
"789","788",0,0,0,0,1
"790","789",0.264186528204966,0,0,0,0.735813471795034
"791","790",0,0,0,0,1
"792","791",0.332449832311362,0,0,0,0.667550167688638
"793","792",0.423279714745209,0,0,0,0.576720285254791
"794","793",0.592160047356511,0,0,0,0.407839952643489
"795","794",0.554017726329032,0,0,0,0.445982273670968
"796","795",0.539319217729107,0,0,0,0.460680782270893
"797","796",0.648754068491611,0,0,0,0.351245931508389
"798","797",0.582199663055944,0,0,0,0.417800336944056
"799","798",0.281238698557073,0,0,0.331667533796725,0.387093767646202
"800","799",0.235285564677631,0,0,0.3692403387635,0.395474096558869
"801","800",0,0,0.578142887310046,0,0.421857112689954
"802","801",0,0,0,0,1
"803","802",0,0,0,0,1
"804","803",0,0,0,0,1
"805","804",0,0,0,0.281027178129999,0.718972821870001
"806","805",0,0,0,0,1
"807","806",0,0,0,0,1
"808","807",0,0,0,0,1
"809","808",0,0,0,0,1
"810","809",0.381842441281447,0,0,0,0.618157558718553
"811","810",0,0,0,0,1
"812","811",0.349411407617276,0,0,0,0.650588592382724
"813","812",0,0,0.436636076359985,0,0.563363923640015
"814","813",0,0,0.543357334688681,0,0.456642665311319
"815","814",0,0,0.65991434988218,0,0.34008565011782
"816","815",0,0.560801746164186,0.439198253835814,0,0
"817","816",0,0.46109356595576,0.53890643404424,0,0
"818","817",0,0.489350263063772,0.510649736936228,0,0
"819","818",0,0.500648249394103,0.499351750605897,0,0
"820","819",0,0.31283067538004,0.68716932461996,0,0
"821","820",0,0,1,0,0
"822","821",0,0,1,0,0
"823","822",0,0,1,0,0
"824","823",0,0,1,0,0
"825","824",0,0,1,0,0
"826","825",0,0,1,0,0
"827","826",0,0,0.602088928710277,0,0.397911071289724
"828","827",0,0,0.44799814643592,0,0.55200185356408
"829","828",0,0,0,0,1
"830","829",0,0,0,0,1
"831","830",0,0,0,0,1
"832","831",0.324375067275807,0,0,0,0.675624932724193
"833","832",0.411097727344984,0,0,0,0.588902272655016
"834","833",0.591901721818843,0,0,0,0.408098278181157
"835","834",0.625517696264924,0,0,0,0.374482303735076
"836","835",0.628244461516483,0,0,0,0.371755538483517
"837","836",0.701491753303064,0,0,0,0.298508246696936
"838","837",0.612205960178728,0,0,0,0.387794039821272
"839","838",0.401938420933888,0,0,0.304310107206581,0.293751471859531
"840","839",0,0,0,0.634314832152863,0.365685167847137
"841","840",0,0.354817273213013,0.315942115867193,0,0.329240610919794
"842","841",0,0.326412605983112,0,0,0.673587394016888
"843","842",0.281613927190879,0,0,0,0.718386072809121
"844","843",0,0,0,0,1
"845","844",0,0,0,0,1
"846","845",0,0,0,0.263802620001369,0.736197379998631
"847","846",0,0,0,0,1
"848","847",0,0,0,0,1
"849","848",0,0,0,0,1
"850","849",0.283499923482461,0,0,0,0.716500076517539
"851","850",0,0,0,0,1
"852","851",0.269952507796146,0,0.371064828113099,0,0.358982664090755
"853","852",0,0.320662304268443,0.296371821401669,0,0.382965874329887
"854","853",0.298788503694466,0.376241041388755,0.324970454916779,0,0
"855","854",0,0.341857289243053,0.374297033111601,0,0.283845677645346
"856","855",0,0.419804544141256,0.288195703107181,0,0.291999752751562
"857","856",0,0.703128620960612,0.296871379039388,0,0
"858","857",0,0.504019470702193,0.495980529297807,0,0
"859","858",0,0.271466371671205,0.728533628328795,0,0
"860","859",0,0,1,0,0
"861","860",0,0,1,0,0
"862","861",0,0,1,0,0
"863","862",0,0,1,0,0
"864","863",0,0,1,0,0
"865","864",0,0,0.783020368838288,0,0.216979631161712
"866","865",0,0,0.750611635508058,0,0.249388364491942
"867","866",0,0,0.558240586520063,0,0.441759413479937
"868","867",0,0,0.407112229308008,0,0.592887770691992
"869","868",0,0,0.329463442264237,0,0.670536557735763
"870","869",0,0,0,0,1
"871","870",0,0,0,0,1
"872","871",0.418595384488207,0,0,0,0.581404615511793
"873","872",0.490871919165328,0,0,0,0.509128080834672
"874","873",0.633781597239491,0,0,0,0.366218402760509
"875","874",0.710962486877267,0,0,0,0.289037513122733
"876","875",0.685826885823711,0,0,0,0.314173114176289
"877","876",0.677961048809398,0,0,0,0.322038951190601
"878","877",0.576057380271394,0,0,0,0.423942619728607
"879","878",0.484226584679037,0,0,0,0.515773415320963
"880","879",0.343155966003951,0,0,0.322405596380684,0.334438437615366
"881","880",0,0.563373583441639,0,0,0.436626416558361
"882","881",0.36720132968616,0,0,0,0.63279867031384
"883","882",0,0,0,0,1
"884","883",0,0,0,0,1
"885","884",0,0.240705973030435,0,0.227754076496029,0.531539950473536
"886","885",0,0,0,0.305113569039644,0.694886430960356
"887","886",0,0,0,0,1
"888","887",0,0,0,0,1
"889","888",0,0,0,0,1
"890","889",0,0,0,0,1
"891","890",0,0,0,0,1
"892","891",0.321084965294881,0,0,0,0.678915034705119
"893","892",0.408470594598475,0,0.591529405401525,0,0
"894","893",0.242120053626706,0.418208505033964,0,0,0.339671441339329
"895","894",0,0.606034103861751,0,0,0.393965896138249
"896","895",0,0.604741532710061,0.395258467289939,0,0
"897","896",0,0.559040519748584,0.440959480251416,0,0
"898","897",0,0.633017928584666,0.366982071415334,0,0
"899","898",0,0.499806174448495,0.500193825551505,0,0
"900","899",0,0,1,0,0
"901","900",0,0,1,0,0
"902","901",0,0,1,0,0
"903","902",0,0,1,0,0
"904","903",0,0,1,0,0
"905","904",0,0,1,0,0
"906","905",0,0,0.733501948185696,0,0.266498051814304
"907","906",0,0,0.574508318812131,0,0.425491681187869
"908","907",0,0,0.430867607955321,0,0.569132392044679
"909","908",0,0,0.331895724949166,0,0.668104275050833
"910","909",0,0,0,0,1
"911","910",0.294412497730868,0,0,0,0.705587502269132
"912","911",0.392156508136024,0,0,0,0.607843491863976
"913","912",0.548967417444444,0,0,0,0.451032582555556
"914","913",1,0,0,0,0
"915","914",1,0,0,0,0
"916","915",1,0,0,0,0
"917","916",1,0,0,0,0
"918","917",1,0,0,0,0
"919","918",0.564234992269794,0,0.435765007730206,0,0
"920","919",0.355734764131702,0,0.286884054681138,0.35738118118716,0
"921","920",0.271028757180094,0.417002667957254,0,0,0.311968574862652
"922","921",0,0.610687119860243,0,0,0.389312880139757
"923","922",0,0.479221387765596,0,0,0.520778612234404
"924","923",0,0,0,0,1
"925","924",0,0,0,0,1
"926","925",0,0,0,0,1
"927","926",0,0.396834393759124,0,0,0.603165606240876
"928","927",0,0,0,0,1
"929","928",0,0,0,0,1
"930","929",0,0,0,0,1
"931","930",0,0,0,0,1
"932","931",0.266828596441907,0.494058059505446,0,0,0.239113344052646
"933","932",0.292001250036376,0.707998749963624,0,0,0
"934","933",0.291033147454894,0.434434591270328,0,0,0.274532261274778
"935","934",0,0.639290886172792,0,0,0.360709113827208
"936","935",0,0.395618778713227,0.325028569122832,0.279352652163941,0
"937","936",0,0.456146850107344,0,0.267589545351013,0.276263604541643
"938","937",0,0.400586723182309,0.328255669641425,0.271157607176266,0
"939","938",0,0,0.373236122956469,0.276496735180937,0.350267141862594
"940","939",0,0,1,0,0
"941","940",0,0,1,0,0
"942","941",0,0,1,0,0
"943","942",0,0,1,0,0
"944","943",0,0,1,0,0
"945","944",0,0,1,0,0
"946","945",0,0,0.707435188358712,0,0.292564811641288
"947","946",0,0,0.590896838442802,0,0.409103161557198
"948","947",0,0,0.404324122450172,0,0.595675877549828
"949","948",0,0,0.375801832915874,0,0.624198167084126
"950","949",0.304670654157453,0,0,0,0.695329345842547
"951","950",0,0,0,0,1
"952","951",0.546341237752611,0,0,0,0.453658762247389
"953","952",0.479885814425556,0,0.520114185574444,0,0
"954","953",1,0,0,0,0
"955","954",1,0,0,0,0
"956","955",1,0,0,0,0
"957","956",1,0,0,0,0
"958","957",1,0,0,0,0
"959","958",0.459217866399662,0,0.540782133600338,0,0
"960","959",0.472355413584952,0,0,0.527644586415048,0
"961","960",0.288466735976551,0.41605785699612,0,0,0.295475407027328
"962","961",0,0.500181191057749,0,0,0.499818808942251
"963","962",0.32902398166057,0,0,0,0.67097601833943
"964","963",0.364891845876905,0,0,0,0.635108154123095
"965","964",0,0.33613636065436,0,0.234598157455301,0.429265481890338
"966","965",0,0,0,0,1
"967","966",0,0,0,0,1
"968","967",0,0.33179980713221,0,0,0.66820019286779
"969","968",0,0.301025316866071,0,0,0.698974683133929
"970","969",0,0,0,0,1
"971","970",0,0.238152970663413,0.27914154941038,0,0.482705479926206
"972","971",0.251876387599209,0,0.358493115405849,0,0.389630496994941
"973","972",0,0.435832205598006,0,0.264218347765756,0.299949446636238
"974","973",0.317019668264101,0.682980331735899,0,0,0
"975","974",0,0.595364914557025,0,0,0.404635085442975
"976","975",0,0.656440167343765,0,0.343559832656235,0
"977","976",0,0.574112726094581,0,0.425887273905419,0
"978","977",0,0.624313234986169,0,0.375686765013831,0
"979","978",0,0.335529333673366,0,0.263246007531043,0.401224658795591
"980","979",0,0,1,0,0
"981","980",0,0,0.595610689977301,0,0.404389310022699
"982","981",0,0,0.740872542388985,0,0.259127457611015
"983","982",0,0,0.713632914683715,0,0.286367085316285
"984","983",0,0,1,0,0
"985","984",0,0,1,0,0
"986","985",0,0,0.660538368534516,0,0.339461631465484
"987","986",0,0,0.547856518720542,0,0.452143481279458
"988","987",0,0,0.473867113021644,0,0.526132886978356
"989","988",0,0,0.483600343420075,0,0.516399656579925
"990","989",0,0,0.55515726088964,0,0.44484273911036
"991","990",0.302822635397949,0,0.36824521388628,0,0.328932150715771
"992","991",0.332204528041767,0,0.667795471958233,0,0
"993","992",0.280824850113271,0,0.719175149886729,0,0
"994","993",0.786235512905007,0,0,0.213764487094993,0
"995","994",0.485097521247357,0,0.514902478752643,0,0
"996","995",1,0,0,0,0
"997","996",1,0,0,0,0
"998","997",0.480705625857136,0,0.519294374142864,0,0
"999","998",0.418955042279377,0,0.581044957720623,0,0
"1000","999",0.376765411414398,0,0.348487228610605,0,0.274747359974997
"1001","1000",0.317434648813797,0.682565351186203,0,0,0
"1002","1001",0,0.540185389354767,0,0,0.459814610645233
"1003","1002",0.251149353782666,0.33334184993112,0,0,0.415508796286214
"1004","1003",0,0,0,0,1
"1005","1004",0,0,0,0,1
"1006","1005",0,0,0,0,1
"1007","1006",0,0,0,0,1
"1008","1007",0,0,0,0,1
"1009","1008",0,0,0,0,1
"1010","1009",0,0,0.373659680988402,0,0.626340319011598
"1011","1010",0,0,0,0,1
"1012","1011",0.238586808402793,0.246541699081132,0.242551631597262,0,0.272319860918813
"1013","1012",0,0.441614398868688,0.28708276536333,0.271302835767982,0
"1014","1013",0,0.579744539011053,0,0,0.420255460988947
"1015","1014",0,0,0,1,0
"1016","1015",0,0,0,1,0
"1017","1016",0,0,0,1,0
"1018","1017",0,0,0,0.484706920193385,0.515293079806615
"1019","1018",0,0,0,0.449875835887262,0.550124164112738
"1020","1019",0,0,0.542942464451777,0,0.457057535548223
"1021","1020",0,0,0.502418926367576,0,0.497581073632424
"1022","1021",0,0,0.567345423638674,0,0.432654576361326
"1023","1022",0,0,1,0,0
"1024","1023",0,0,0.680353941220326,0,0.319646058779674
"1025","1024",0,0,0.709673721791462,0,0.290326278208537
"1026","1025",0,0,0.695456903025745,0,0.304543096974255
"1027","1026",0,0,0.580768075217788,0,0.419231924782212
"1028","1027",0,0,0.600215915726671,0,0.399784084273329
"1029","1028",0,0,0.634193394251186,0,0.365806605748813
"1030","1029",0,0,1,0,0
"1031","1030",0,0.273736385380236,0.440648622492708,0,0.285614992127056
"1032","1031",0.400302421486761,0,0.599697578513239,0,0
"1033","1032",0.396474114926254,0,0.603525885073746,0,0
"1034","1033",0.4870752341973,0,0.5129247658027,0,0
"1035","1034",0.358476275623188,0,0.641523724376812,0,0
"1036","1035",0.407610796222893,0,0.592389203777107,0,0
"1037","1036",0.401899837685686,0,0.598100162314314,0,0
"1038","1037",0.399483007991388,0,0.600516992008612,0,0
"1039","1038",0.434297302520121,0,0.565702697479879,0,0
"1040","1039",0.407758347649696,0,0.592241652350304,0,0
"1041","1040",0.278744857826203,0.474039908099947,0,0,0.247215234073851
"1042","1041",0.298777335430818,0.449168841293646,0,0,0.252053823275536
"1043","1042",0,0.545332242733616,0,0,0.454667757266384
"1044","1043",0,0,0,0,1
"1045","1044",0,0,0,0,1
"1046","1045",0,0,0,0,1
"1047","1046",0,0,0,0,1
"1048","1047",0,0,0,0,1
"1049","1048",0,0,0,0,1
"1050","1049",0,0,0.377031871586241,0,0.622968128413759
"1051","1050",0,0,0.465048685625744,0,0.534951314374256
"1052","1051",0,0.524050424608662,0,0,0.475949575391338
"1053","1052",0,0,0.520024016214385,0,0.479975983785615
"1054","1053",0,0,0.329100730517285,0.310705692197555,0.36019357728516
"1055","1054",0,0,0,1,0
"1056","1055",0,0,0,1,0
"1057","1056",0,0,0,0.58936407168798,0.41063592831202
"1058","1057",0,0,0,0.556552593435832,0.443447406564168
"1059","1058",0,0,0,0.501684818236792,0.498315181763208
"1060","1059",0,0,0,0.363199623375604,0.636800376624396
"1061","1060",0,0,0.397988481827769,0,0.602011518172231
"1062","1061",0,0,0.548327425915798,0,0.451672574084202
"1063","1062",0,0,0.549951002985387,0,0.450048997014613
"1064","1063",0,0,0.73106043784233,0,0.26893956215767
"1065","1064",0,0,0.748457380427291,0,0.251542619572709
"1066","1065",0,0,0.697995796120781,0,0.302004203879219
"1067","1066",0,0,0.637175789014266,0,0.362824210985734
"1068","1067",0,0,0.604500009155491,0,0.395499990844509
"1069","1068",0,0.253655699313699,0.463350475449232,0,0.282993825237069
"1070","1069",0,0,0.743204896292553,0.256795103707447,0
"1071","1070",0,0.322511557560111,0.403566565934678,0,0.273921876505211
"1072","1071",0,0.451385965338541,0.548614034661459,0,0
"1073","1072",0.252797424787507,0,0.747202575212493,0,0
"1074","1073",0.352758506532645,0,0.647241493467354,0,0
"1075","1074",0.349028245177011,0,0.650971754822989,0,0
"1076","1075",0.329667542424313,0,0.670332457575687,0,0
"1077","1076",0.311786530847451,0,0.688213469152549,0,0
"1078","1077",0.347800152122578,0,0.652199847877422,0,0
"1079","1078",0.310979019968382,0,0.689020980031618,0,0
"1080","1079",0.532408795112577,0,0.467591204887423,0,0
"1081","1080",0,1,0,0,0
"1082","1081",0.258725194021111,0.337094176587029,0,0,0.40418062939186
"1083","1082",0,0.446296802725449,0,0,0.553703197274551
"1084","1083",0,0,0,0,1
"1085","1084",0,0,0,0,1
"1086","1085",0,0,0,0,1
"1087","1086",0,0,0,0,1
"1088","1087",0,0,0,0,1
"1089","1088",0,0,0,0,1
"1090","1089",0,0,0.320384272217622,0,0.679615727782378
"1091","1090",0,0,0.473604922615618,0,0.526395077384382
"1092","1091",0,0,0.578556424938108,0,0.421443575061892
"1093","1092",0,0,0,0.482094690063411,0.517905309936589
"1094","1093",0,0,0,1,0
"1095","1094",0,0,0,1,0
"1096","1095",0,0,0,1,0
"1097","1096",0,0.400080529344299,0,0.599919470655701,0
"1098","1097",0,0,0,0.513636728435565,0.486363271564435
"1099","1098",0,0,0,0.503214469126568,0.496785530873432
"1100","1099",0,0,0,0.406189782872373,0.593810217127627
"1101","1100",0,0,0.254348203417158,0.261331374431392,0.48432042215145
"1102","1101",0,0,0.458513023703529,0,0.541486976296471
"1103","1102",0,0,0.527601349657059,0,0.472398650342941
"1104","1103",0,0,0.656171546049777,0,0.343828453950223
"1105","1104",0,0,0.657160404228278,0,0.342839595771722
"1106","1105",0,0,0.689356021141989,0,0.310643978858011
"1107","1106",0,0,1,0,0
"1108","1107",0,0,0.674938739933635,0,0.325061260066365
"1109","1108",0,0,0.685431305632485,0,0.314568694367515
"1110","1109",0,0.53694508495731,0.46305491504269,0,0
"1111","1110",0,0.487112623533052,0.512887376466948,0,0
"1112","1111",0,0,1,0,0
"1113","1112",0,0,1,0,0
"1114","1113",0.326282043579445,0,0.673717956420555,0,0
"1115","1114",0.371201946486695,0,0.628798053513305,0,0
"1116","1115",0.302245416214246,0,0.697754583785755,0,0
"1117","1116",0.372372723606285,0,0.627627276393715,0,0
"1118","1117",0.464255070772935,0,0.535744929227065,0,0
"1119","1118",0.273266196929307,0,0.726733803070693,0,0
"1120","1119",0.389710588914714,0,0.610289411085286,0,0
"1121","1120",0,0.600815773259824,0,0,0.399184226740176
"1122","1121",0,0,0.420730300193747,0,0.579269699806253
"1123","1122",0,0.421066850959735,0,0,0.578933149040265
"1124","1123",0,0,0,0,1
"1125","1124",0,0,0,0,1
"1126","1125",0,0,0,0,1
"1127","1126",0,0,0,0,1
"1128","1127",0,0,0,0,1
"1129","1128",0,0,0,0,1
"1130","1129",0,0,0,0,1
"1131","1130",0,0,0.446220237834016,0,0.553779762165984
"1132","1131",0,0,0.317828306402355,0.257809309578941,0.424362384018704
"1133","1132",0.212550699924384,0,0.288870488283129,0.247683657210426,0.250895154582061
"1134","1133",0,0,0,1,0
"1135","1134",0.300298621721136,0,0,0.699701378278864,0
"1136","1135",0,0.359906969492761,0,0.640093030507239,0
"1137","1136",0,0,0,1,0
"1138","1137",0,0,0,1,0
"1139","1138",0,0,0,0.483890909121387,0.516109090878612
"1140","1139",0,0,0,0.286588335248044,0.713411664751956
"1141","1140",0,0.304703993204498,0.256303075682637,0,0.438992931112865
"1142","1141",0,0.285637526382157,0.304013218276605,0,0.410349255341238
"1143","1142",0,0,0.556006860567886,0,0.443993139432114
"1144","1143",0,0,0.756041372757261,0,0.243958627242739
"1145","1144",0,0,0.719297409461969,0,0.280702590538031
"1146","1145",0,0,0.706229405972799,0,0.293770594027201
"1147","1146",0,0,1,0,0
"1148","1147",0,0.342740074504139,0.657259925495861,0,0
"1149","1148",0,0.457616810355609,0.542383189644391,0,0
"1150","1149",0,0.378405147739968,0.33624537367214,0,0.285349478587892
"1151","1150",0,0.564042077166095,0.435957922833905,0,0
"1152","1151",0,0,1,0,0
"1153","1152",0,0.520589962060629,0.479410037939371,0,0
"1154","1153",0,0,1,0,0
"1155","1154",0.331908072987857,0,0.668091927012143,0,0
"1156","1155",0.326427790947846,0,0.673572209052154,0,0
"1157","1156",0.360915302219688,0,0.639084697780312,0,0
"1158","1157",0.343436312833432,0.324460109759226,0.332103577407342,0,0
"1159","1158",0.478222981684869,0,0.521777018315131,0,0
"1160","1159",0.318022898455769,0,0.681977101544231,0,0
"1161","1160",0.219872039284153,0.496191389272312,0,0,0.283936571443534
"1162","1161",0,0,0,0,1
"1163","1162",0,0,0,0,1
"1164","1163",0,0,0,0,1
"1165","1164",0,0,0,0,1
"1166","1165",0,0,0,0,1
"1167","1166",0,0,0,0,1
"1168","1167",0,0,0,0,1
"1169","1168",0,0,0,0,1
"1170","1169",0,0,0.331685656737389,0,0.66831434326261
"1171","1170",0,0,0.518918412381027,0,0.481081587618973
"1172","1171",0.225313713073559,0,0.232897897176488,0.22987466561393,0.311913724136023
"1173","1172",0,0,0.390887698370345,0.280001762476124,0.329110539153531
"1174","1173",0,0,0,1,0
"1175","1174",0,0,0,1,0
"1176","1175",0,0,0,1,0
"1177","1176",0,0.363914246248555,0,0.636085753751445,0
"1178","1177",0,0,0,1,0
"1179","1178",0,0.267746035983891,0,0.429614170546144,0.302639793469965
"1180","1179",0,0.445210900925971,0,0,0.554789099074029
"1181","1180",0,0,0.324604615090002,0,0.675395384909998
"1182","1181",0,0,0.419209337264641,0,0.580790662735359
"1183","1182",0,0,0.559027290155722,0,0.440972709844278
"1184","1183",0,0,0.607588522406997,0,0.392411477593003
"1185","1184",0,0,1,0,0
"1186","1185",0,0,1,0,0
"1187","1186",0,0,1,0,0
"1188","1187",0,0,1,0,0
"1189","1188",0,0.403430852170658,0.596569147829341,0,0
"1190","1189",0,0.439016545033324,0.560983454966676,0,0
"1191","1190",0,0.377454209990626,0.348473186036553,0,0.274072603972821
"1192","1191",0,0.573399233764264,0,0,0.426600766235736
"1193","1192",0,0.614574923626991,0.385425076373009,0,0
"1194","1193",0.290782963257169,0.358742028222074,0.350475008520757,0,0
"1195","1194",0.280505457276736,0,0.440732555531473,0.278761987191791,0
"1196","1195",0.386412070690028,0,0.613587929309972,0,0
"1197","1196",0.467589238066253,0,0,0,0.532410761933747
"1198","1197",0.245878134494308,0,0.449703965728646,0,0.304417899777046
"1199","1198",0.298830481404627,0.310615390993977,0.390554127601397,0,0
"1200","1199",1,0,0,0,0
"1201","1200",0,0,0.386682645722989,0,0.613317354277011
"1202","1201",0,0.387953161558005,0,0,0.612046838441995
"1203","1202",0,0,0,0,1
"1204","1203",0,0,0,0,1
"1205","1204",0,0,0,0,1
"1206","1205",0,0,0,0,1
"1207","1206",0,0,0,0,1
"1208","1207",0,0,0,0,1
"1209","1208",0,0,0.245127242817285,0,0.754872757182715
"1210","1209",0,0,0,0,1
"1211","1210",0.369648730418694,0,0,0,0.630351269581306
"1212","1211",0,0,0.331741156999447,0.371151666748294,0.297107176252259
"1213","1212",0,0,0,1,0
"1214","1213",0,0,0.426514423786977,0.573485576213023,0
"1215","1214",0.319513378156282,0,0,0.680486621843719,0
"1216","1215",0,0.383161894293649,0,0.616838105706351,0
"1217","1216",0,0.342803845478675,0,0.657196154521325,0
"1218","1217",0,0.444171441388869,0,0.555828558611131,0
"1219","1218",0,0.344178269165652,0,0.32217873913853,0.333642991695818
"1220","1219",0,0,0,0.284229061247297,0.715770938752703
"1221","1220",0,0,0,0,1
"1222","1221",0,0,0.450867220686744,0,0.549132779313256
"1223","1222",0,0,0.594274106454898,0,0.405725893545102
"1224","1223",0,0,0.70349139345081,0,0.29650860654919
"1225","1224",0,0,1,0,0
"1226","1225",0,0,1,0,0
"1227","1226",0,0,1,0,0
"1228","1227",0,0,1,0,0
"1229","1228",0,0.434241728754317,0.565758271245683,0,0
"1230","1229",0,0.596872046228795,0.403127953771205,0,0
"1231","1230",0,0.606088548281022,0.393911451718978,0,0
"1232","1231",0.437503092599163,0,0.562496907400837,0,0
"1233","1232",0.231629227549535,0.307724730806077,0,0.223285322753574,0.237360718890814
"1234","1233",1,0,0,0,0
"1235","1234",0,0.569049318192451,0.430950681807549,0,0
"1236","1235",0,0.378998349080755,0.337135651048792,0.283865999870454,0
"1237","1236",0.273498751606093,0.455083984925211,0,0,0.271417263468697
"1238","1237",0.392651809935573,0,0.607348190064427,0,0
"1239","1238",0.315426768673141,0.29745172185829,0.38712150946857,0,0
"1240","1239",0.506573468171925,0,0.493426531828075,0,0
"1241","1240",0.247546798205637,0.348723013690804,0,0,0.403730188103559
"1242","1241",0,0,0,0,1
"1243","1242",0,0,0,0,1
"1244","1243",0,0,0,0,1
"1245","1244",0,0,0,0,1
"1246","1245",0,0,0,0,1
"1247","1246",0,0,0,0,1
"1248","1247",0,0,0,0,1
"1249","1248",0,0,0.394262317145858,0,0.605737682854142
"1250","1249",0.28354042264215,0,0,0.259460862047363,0.456998715310487
"1251","1250",0.556133226030869,0,0,0,0.443866773969131
"1252","1251",0.352575960060467,0,0,0.257474660950478,0.389949378989056
"1253","1252",0.45085571264631,0,0,0.54914428735369,0
"1254","1253",0.37926163654447,0,0,0.62073836345553,0
"1255","1254",0,0,0,1,0
"1256","1255",0,0,0,1,0
"1257","1256",0,0.48526466128615,0,0.51473533871385,0
"1258","1257",0,0.536178000763511,0,0.463821999236489,0
"1259","1258",0,0.335271042884449,0,0.323240275938218,0.341488681177333
"1260","1259",0,0,0,0.323469165217488,0.676530834782512
"1261","1260",0,0,0.412030531684437,0,0.587969468315563
"1262","1261",0,0.255802827044362,0.349277161700222,0,0.394920011255416
"1263","1262",0,0,0.66136660350065,0,0.33863339649935
"1264","1263",0,0,0.693329912003739,0,0.306670087996261
"1265","1264",0,0,0.716053043612649,0,0.283946956387351
"1266","1265",0,0.235026745158335,0.764973254841665,0,0
"1267","1266",0,0,1,0,0
"1268","1267",0,0,1,0,0
"1269","1268",0,0.42112338639181,0.57887661360819,0,0
"1270","1269",0,0.530042676018497,0.469957323981503,0,0
"1271","1270",0,0,0.666260752291886,0,0.333739247708114
"1272","1271",0,0.406653408294759,0,0.265024284263477,0.328322307441765
"1273","1272",0.444282222701831,0.555717777298169,0,0,0
"1274","1273",0.236592026588014,0,0,0.284309502659071,0.479098470752915
"1275","1274",0.317760668487265,0,0,0.273897122256018,0.408342209256718
"1276","1275",0.416842323292539,0,0,0,0.58315767670746
"1277","1276",0.399747550917013,0.335114981937206,0,0,0.265137467145781
"1278","1277",0.396069924774914,0.603930075225086,0,0,0
"1279","1278",1,0,0,0,0
"1280","1279",0.549354513508103,0,0.450645486491897,0,0
"1281","1280",0,0,0,0,1
"1282","1281",0,0,0,0,1
"1283","1282",0,0,0,0,1
"1284","1283",0,0,0,0,1
"1285","1284",0,0,0,0,1
"1286","1285",0,0,0,0,1
"1287","1286",0,0,0,0,1
"1288","1287",0.292294094320586,0,0,0,0.707705905679414
"1289","1288",0.47305971102377,0,0,0,0.52694028897623
"1290","1289",0.70744558998606,0,0,0.29255441001394,0
"1291","1290",0.528950109971366,0,0,0.232040099161289,0.239009790867345
"1292","1291",0.658173349770864,0,0,0.341826650229136,0
"1293","1292",0.430876346293945,0,0,0.569123653706055,0
"1294","1293",0.467702513982952,0,0,0.532297486017048,0
"1295","1294",0.334218081112412,0,0,0.665781918887588,0
"1296","1295",0,0,0,1,0
"1297","1296",0,0,0,1,0
"1298","1297",0,0.344004956716328,0,0.389939246607212,0.266055796676461
"1299","1298",0,0.343024664681692,0,0.290431484958804,0.366543850359504
"1300","1299",0,0.461517315083476,0,0,0.538482684916524
"1301","1300",0,0.219670820751743,0.239689196425963,0,0.540639982822294
"1302","1301",0,0.22961756059661,0.441314346138745,0,0.329068093264645
"1303","1302",0,0.255586690613142,0.520254106479637,0,0.224159202907222
"1304","1303",0,0,1,0,0
"1305","1304",0,0,1,0,0
"1306","1305",0,0,1,0,0
"1307","1306",0,0,1,0,0
"1308","1307",0,0,1,0,0
"1309","1308",0,0,1,0,0
"1310","1309",0,0.477408776037996,0.522591223962004,0,0
"1311","1310",0,0.587709487209093,0.412290512790907,0,0
"1312","1311",0,0,1,0,0
"1313","1312",0,0.374916138861581,0,0.27861660860385,0.346467252534569
"1314","1313",0.26647160552038,0,0,0.285430390004962,0.448098004474658
"1315","1314",0.331851210780199,0,0,0,0.6681487892198
"1316","1315",0.377561241908735,0,0,0,0.622438758091265
"1317","1316",1,0,0,0,0
"1318","1317",0.426181528051836,0.573818471948164,0,0,0
"1319","1318",0.504445655665426,0,0.495554344334574,0,0
"1320","1319",0.482998143138512,0.248109968872683,0.268891887988805,0,0
"1321","1320",0.225080321651158,0,0,0,0.774919678348842
"1322","1321",0,0,0,0,1
"1323","1322",0.250682329451132,0,0,0,0.749317670548868
"1324","1323",0,0,0,0,1
"1325","1324",0.370438935181526,0,0,0,0.629561064818474
"1326","1325",0.263934511220843,0,0,0,0.736065488779156
"1327","1326",0.3240212859622,0,0,0,0.6759787140378
"1328","1327",0.441108061464551,0,0,0,0.558891938535449
"1329","1328",0.78031587475159,0,0,0.21968412524841,0
"1330","1329",0.763179733102002,0,0,0.236820266897998,0
"1331","1330",0.724467861415324,0,0,0.275532138584676,0
"1332","1331",0.612058051280055,0,0,0.387941948719945,0
"1333","1332",0.727424269067689,0,0,0.272575730932311,0
"1334","1333",0.486772009805681,0,0,0.513227990194319,0
"1335","1334",0.333529672438727,0,0,0.666470327561273,0
"1336","1335",0,0,0.518550082858742,0.481449917141258,0
"1337","1336",0,0,0,0.53902948017346,0.46097051982654
"1338","1337",0,0.314932075768906,0,0.300477318482199,0.384590605748894
"1339","1338",0,0.304982224865452,0,0.282985309731309,0.412032465403239
"1340","1339",0,0,0,0.317689800524031,0.682310199475969
"1341","1340",0,0.244714990579172,0.314340779241071,0,0.440944230179757
"1342","1341",0,0,0.586741253681977,0,0.413258746318023
"1343","1342",0,0,0.62122005170506,0,0.37877994829494
"1344","1343",0,0,1,0,0
"1345","1344",0,0,1,0,0
"1346","1345",0,0,1,0,0
"1347","1346",0,0,1,0,0
"1348","1347",0,0,1,0,0
"1349","1348",0,0,1,0,0
"1350","1349",0,0,0.706919302882152,0,0.293080697117849
"1351","1350",0,0,0.736043737035246,0.263956262964754,0
"1352","1351",0,0,0.65937568239092,0.34062431760908,0
"1353","1352",0,0,0.408789693201367,0.306312917610506,0.284897389188126
"1354","1353",0.238846123721876,0,0,0.284166798480646,0.476987077797478
"1355","1354",0.211274897278393,0.318953767270043,0,0.24864191352173,0.221129421929834
"1356","1355",0.333554934948515,0,0,0,0.666445065051485
"1357","1356",0.312002433020768,0.366152166327584,0,0,0.321845400651648
"1358","1357",0.379570130506487,0.318307021984168,0,0,0.302122847509345
"1359","1358",0.471619486511266,0.528380513488734,0,0,0
"1360","1359",0.63177585190994,0,0.36822414809006,0,0
"1361","1360",0.359792317115895,0,0,0,0.640207682884105
"1362","1361",0.238686081263281,0,0,0,0.761313918736719
"1363","1362",0.34941735888405,0,0,0,0.65058264111595
"1364","1363",0.346197612617279,0,0,0,0.653802387382721
"1365","1364",0.429798147973157,0,0,0,0.570201852026843
"1366","1365",0.491743700913467,0,0,0,0.508256299086533
"1367","1366",0.513747715061704,0,0,0,0.486252284938296
"1368","1367",0.714492713848422,0,0,0,0.285507286151578
"1369","1368",0.755365113858578,0,0,0.244634886141422,0
"1370","1369",1,0,0,0,0
"1371","1370",0.755910614632508,0,0,0.244089385367492,0
"1372","1371",0.701404782603293,0,0,0.298595217396707,0
"1373","1372",0.653792152058558,0,0,0.346207847941442,0
"1374","1373",0.49878400630711,0,0,0.50121599369289,0
"1375","1374",0,0,0,1,0
"1376","1375",0,0,0,0.572524084026246,0.427475915973754
"1377","1376",0,0,0,1,0
"1378","1377",0,0.325045513409933,0.264345382560906,0.410609104029161,0
"1379","1378",0,0,0.326430659837981,0.262971833880845,0.410597506281174
"1380","1379",0,0.344760148563774,0.302321213938728,0,0.352918637497498
"1381","1380",0,0.254787602549123,0.304468810568669,0,0.440743586882208
"1382","1381",0,0.221597467108032,0.444508314835012,0,0.333894218056955
"1383","1382",0,0.227033633877028,0.535644354700699,0,0.237322011422272
"1384","1383",0,0,1,0,0
"1385","1384",0,0,1,0,0
"1386","1385",0,0,1,0,0
"1387","1386",0,0,1,0,0
"1388","1387",0,0,1,0,0
"1389","1388",0,0,1,0,0
"1390","1389",0,0,1,0,0
"1391","1390",0,0,0.702613326388052,0.297386673611948,0
"1392","1391",0,0,0.642473147712592,0.357526852287408,0
"1393","1392",0,0,0,0.414601182432053,0.585398817567947
"1394","1393",0.30862393307892,0,0,0.244697659957891,0.446678406963189
"1395","1394",0.310397971840481,0,0,0.250060987735676,0.439541040423843
"1396","1395",0.371303859376949,0,0,0,0.628696140623051
"1397","1396",0.368641117116528,0.272565144161725,0,0,0.358793738721748
"1398","1397",0.341468881069721,0.306394810822213,0,0,0.352136308108065
"1399","1398",0.548043012209215,0.451956987790786,0,0,0
"1400","1399",1,0,0,0,0
"1401","1400",0.379553271760557,0,0,0,0.620446728239443
"1402","1401",0.407561208353213,0,0,0,0.592438791646787
"1403","1402",0.407754155271185,0,0,0,0.592245844728815
"1404","1403",0.429032935110945,0,0,0,0.570967064889055
"1405","1404",0.497898959502389,0,0,0,0.502101040497611
"1406","1405",0.628221614636898,0,0,0,0.371778385363102
"1407","1406",0.663844874848177,0,0,0,0.336155125151823
"1408","1407",1,0,0,0,0
"1409","1408",1,0,0,0,0
"1410","1409",1,0,0,0,0
"1411","1410",1,0,0,0,0
"1412","1411",0.791249879024334,0,0,0.208750120975666,0
"1413","1412",0.681086148848401,0,0,0.318913851151599,0
"1414","1413",0.445945674959466,0,0,0.554054325040534,0
"1415","1414",0.239737428545758,0,0.376503743034182,0.383758828420061,0
"1416","1415",0,0,0.50889292733453,0.491107072665471,0
"1417","1416",0,0,0,0.501807718443651,0.498192281556349
"1418","1417",0,0,0.550682461470453,0.449317538529547,0
"1419","1418",0,0,0.341238800710682,0.319228995525679,0.33953220376364
"1420","1419",0,0.32257192642829,0.298799612554596,0,0.378628461017114
"1421","1420",0,0.287842320598735,0.344002430908844,0,0.368155248492421
"1422","1421",0,0.24765905263027,0.378625240617808,0,0.373715706751923
"1423","1422",0,0.414454999987458,0.585545000012542,0,0
"1424","1423",0,0.341372407428542,0.658627592571458,0,0
"1425","1424",0,0,1,0,0
"1426","1425",0,0,1,0,0
"1427","1426",0,0,1,0,0
"1428","1427",0,0,1,0,0
"1429","1428",0,0,1,0,0
"1430","1429",0,0,1,0,0
"1431","1430",0,0,0.733220198385939,0.266779801614061,0
"1432","1431",0,0,0.674932769640235,0.325067230359765,0
"1433","1432",0,0,0,0.486405500190592,0.513594499809408
"1434","1433",0.234850786640274,0.275000821595978,0,0.212280019875581,0.277868371888167
"1435","1434",0,0,0,0,1
"1436","1435",0.316069135591918,0,0,0,0.683930864408082
"1437","1436",0.365682646031736,0,0,0,0.634317353968264
"1438","1437",0.393245339667238,0.338732892722675,0,0,0.268021767610087
"1439","1438",1,0,0,0,0
"1440","1439",0.574570493470895,0,0.425429506529105,0,0
"1441","1440",0.375988851732487,0,0,0,0.624011148267513
"1442","1441",0.467950729894359,0,0,0,0.532049270105641
"1443","1442",0.447376432985909,0,0,0,0.552623567014091
"1444","1443",0.503737436259943,0,0,0,0.496262563740057
"1445","1444",0.530159582077803,0,0,0,0.469840417922197
"1446","1445",0.729770882526977,0,0,0,0.270229117473023
"1447","1446",1,0,0,0,0
"1448","1447",1,0,0,0,0
"1449","1448",1,0,0,0,0
"1450","1449",1,0,0,0,0
"1451","1450",0.78121161863846,0,0,0.21878838136154,0
"1452","1451",0.724776661418586,0,0,0.275223338581414,0
"1453","1452",0.716884452819532,0,0,0.283115547180468,0
"1454","1453",0.549841564599694,0,0,0.450158435400306,0
"1455","1454",0.450348939058333,0,0,0.549651060941667,0
"1456","1455",0,0,0.512263299356404,0.487736700643596,0
"1457","1456",0,0,0.501288530964021,0.498711469035979,0
"1458","1457",0,0.254439785470087,0.205087497607365,0.338744645987926,0.201728070934622
"1459","1458",0,0.33741930841408,0.335729149374596,0.326851542211324,0
"1460","1459",0,0.684639937443707,0,0.315360062556293,0
"1461","1460",0,0.438361139995294,0.561638860004706,0,0
"1462","1461",0,0.267838378203318,0.499332589978315,0,0.232829031818367
"1463","1462",0,0.301155812404932,0.698844187595068,0,0
"1464","1463",0,0,1,0,0
"1465","1464",0,0,1,0,0
"1466","1465",0,0,1,0,0
"1467","1466",0,0,1,0,0
"1468","1467",0,0,1,0,0
"1469","1468",0,0,1,0,0
"1470","1469",0,0,1,0,0
"1471","1470",0,0,0.65155147529557,0,0.34844852470443
"1472","1471",0,0,0.662875152746629,0.337124847253371,0
"1473","1472",0,0,0.527416585342709,0,0.472583414657291
"1474","1473",0,0,0.431774171421956,0,0.568225828578044
"1475","1474",0.277392799395373,0.264212971828467,0,0,0.45839422877616
"1476","1475",0.316536607645775,0,0,0,0.683463392354225
"1477","1476",0.464193849241675,0,0,0,0.535806150758325
"1478","1477",0.320220410840606,0.268358766472449,0,0,0.411420822686945
"1479","1478",1,0,0,0,0
"1480","1479",1,0,0,0,0
"1481","1480",0.52862028398333,0,0,0,0.47137971601667
"1482","1481",0.637651890780355,0,0,0,0.362348109219645
"1483","1482",0.507001184195622,0,0,0,0.492998815804378
"1484","1483",0.639193120387876,0,0,0,0.360806879612124
"1485","1484",0.681465407294186,0,0,0,0.318534592705814
"1486","1485",0.688833418015855,0,0,0,0.311166581984145
"1487","1486",1,0,0,0,0
"1488","1487",1,0,0,0,0
"1489","1488",1,0,0,0,0
"1490","1489",1,0,0,0,0
"1491","1490",0.771438098715605,0,0,0.228561901284395,0
"1492","1491",0.69800545732521,0,0,0.30199454267479,0
"1493","1492",0.64220797888607,0,0,0.35779202111393,0
"1494","1493",0.502579260112779,0,0,0.497420739887221,0
"1495","1494",0.228889380302418,0,0.357389012534352,0.41372160716323,0
"1496","1495",0,0,0,1,0
"1497","1496",0,0,0.51500563167872,0.48499436832128,0
"1498","1497",0,0,0.544800889694498,0.455199110305502,0
"1499","1498",0,0.318050167377157,0.34634985624057,0.335599976382273,0
"1500","1499",0,0,0.649017396496449,0.350982603503551,0
"1501","1500",0,0.705561649487929,0.294438350512071,0,0
"1502","1501",0,0,1,0,0
"1503","1502",0,0.416072752398325,0.583927247601675,0,0
"1504","1503",0,0,1,0,0
"1505","1504",0,0,1,0,0
"1506","1505",0,0,1,0,0
"1507","1506",0,0,1,0,0
"1508","1507",0,0,1,0,0
"1509","1508",0,0,1,0,0
"1510","1509",0,0,0.75689246846971,0.24310753153029,0
"1511","1510",0,0,0.488132575771598,0.244025942332669,0.267841481895733
"1512","1511",0,0,1,0,0
"1513","1512",0,0,0.453247003999998,0.236773825180732,0.30997917081927
"1514","1513",0,0,0.517113657599263,0,0.482886342400737
"1515","1514",0,0,0,0,1
"1516","1515",0.264646714048778,0.279217883275856,0,0,0.456135402675365
"1517","1516",0.283045679544345,0.238456074672915,0,0,0.478498245782741
"1518","1517",0.410674265029017,0,0,0,0.589325734970983
"1519","1518",0.507525656670972,0,0,0,0.492474343329028
"1520","1519",0.616495180266812,0,0,0,0.383504819733188
"1521","1520",0.493245456874,0,0,0,0.506754543126
"1522","1521",0.659636578703283,0,0,0,0.340363421296717
"1523","1522",0.645889384934323,0,0,0,0.354110615065677
"1524","1523",0.749232883802384,0,0,0,0.250767116197616
"1525","1524",0.733409930383465,0,0,0,0.266590069616535
"1526","1525",1,0,0,0,0
"1527","1526",1,0,0,0,0
"1528","1527",0.750945364295782,0,0,0.249054635704218,0
"1529","1528",0.794196162082713,0,0,0.205803837917287,0
"1530","1529",0.777827749267965,0,0,0.222172250732035,0
"1531","1530",0.754158868163099,0,0,0.245841131836901,0
"1532","1531",0.639085756655173,0,0,0.360914243344827,0
"1533","1532",0.61309010957341,0,0,0.38690989042659,0
"1534","1533",0.554579444597632,0,0,0.445420555402368,0
"1535","1534",0.426341007719992,0,0,0.573658992280008,0
"1536","1535",0.25820906244685,0.37135806840446,0,0.370432869148691,0
"1537","1536",0,0,0.500130788691281,0.499869211308719,0
"1538","1537",0,0.594482197474168,0,0.405517802525832,0
"1539","1538",0,0.373027567977595,0.239312712249041,0.387659719773364,0
"1540","1539",0,0,0.599411462611546,0.400588537388454,0
"1541","1540",0,0.340521469492581,0.377617393616076,0.281861136891343,0
"1542","1541",0,0.402115790180599,0.320838450564408,0.277045759254994,0
"1543","1542",0,0,1,0,0
"1544","1543",0,0,1,0,0
"1545","1544",0,0,1,0,0
"1546","1545",0,0,1,0,0
"1547","1546",0,0,1,0,0
"1548","1547",0,0,1,0,0
"1549","1548",0,0,1,0,0
"1550","1549",0,0,1,0,0
"1551","1550",0,0,1,0,0
"1552","1551",0,0,0.720769189415582,0.279230810584419,0
"1553","1552",0,0,0.353088881530051,0.227055016461742,0.419856102008207
"1554","1553",0,0,0.415095762613957,0,0.584904237386043
"1555","1554",0,0,0.448420934266465,0,0.551579065733535
"1556","1555",0.301456852412337,0,0,0,0.698543147587663
"1557","1556",0,0.363259216900785,0,0,0.636740783099215
"1558","1557",0.432790573958984,0,0,0,0.567209426041016
"1559","1558",0.528924646685244,0,0,0,0.471075353314756
"1560","1559",0.520024668458539,0,0,0,0.479975331541461
"1561","1560",0.644058381481854,0,0,0,0.355941618518146
"1562","1561",0.68919760922459,0,0,0,0.31080239077541
"1563","1562",0.729318490789905,0,0,0,0.270681509210095
"1564","1563",1,0,0,0,0
"1565","1564",1,0,0,0,0
"1566","1565",0.747376542812867,0,0,0.252623457187133,0
"1567","1566",0.739965928925716,0,0,0.260034071074284,0
"1568","1567",0.632483944488675,0,0,0.367516055511325,0
"1569","1568",0.672297117375246,0,0,0.327702882624754,0
"1570","1569",0.671829542879582,0,0,0.328170457120418,0
"1571","1570",0.676166909750972,0,0,0.323833090249028,0
"1572","1571",0.557448801564729,0,0,0.442551198435271,0
"1573","1572",0.606700960368252,0,0,0.393299039631748,0
"1574","1573",0.576287539987546,0,0,0.423712460012453,0
"1575","1574",0.476145571603322,0,0,0.523854428396678,0
"1576","1575",0.262270829016088,0,0.40948667112015,0.328242499863762,0
"1577","1576",0,0,0,1,0
"1578","1577",0,0.484391299308431,0,0.515608700691569,0
"1579","1578",0,0,0.497448128468293,0.502551871531707,0
"1580","1579",0,0.302398972374735,0.35235411241157,0.345246915213695,0
"1581","1580",0.38013027954853,0,0,0.61986972045147,0
"1582","1581",0,0,0.676787728008593,0.323212271991407,0
"1583","1582",0.278439117421453,0,0.489971636045051,0.231589246533497,0
"1584","1583",0,0,0.590711753384446,0.409288246615554,0
"1585","1584",0,0,1,0,0
"1586","1585",0,0,0.624389403749339,0.375610596250661,0
"1587","1586",0,0,1,0,0
"1588","1587",0,0,0.729348634893822,0.270651365106178,0
"1589","1588",0,0,0.633404318737219,0.366595681262781,0
"1590","1589",0,0,0.691777697149616,0.308222302850384,0
"1591","1590",0,0,1,0,0
"1592","1591",0,0,0.517223786890577,0.233065724026038,0.249710489083385
"1593","1592",0,0,0.39619958569784,0.245504975926606,0.358295438375555
"1594","1593",0,0,0.357730374458505,0,0.642269625541495
"1595","1594",0,0,0.345070664040501,0,0.654929335959499
"1596","1595",0,0,0,0,1
"1597","1596",0.300741434253502,0,0,0,0.699258565746498
"1598","1597",0.27566499988176,0,0,0,0.72433500011824
"1599","1598",0.423454179098671,0,0,0,0.576545820901329
"1600","1599",0.547751314921947,0,0,0,0.452248685078053
