"","cell_ID","pancreatic D cell","pancreatic A cell","pancreatic PP cell","pancreatic ductal cell","pancreatic acinar cell","type B pancreatic cell","pancreatic stellate cell","endothelial cell","pancreatic epsilon cell","mast cell"
"1","0",0.120614934219076,0,0,0,0.727938657545215,0.15144640823571,0,0,0,0
"2","1",0.168211646223341,0,0,0.454856621009731,0,0.376931732766928,0,0,0,0
"3","2",0,0.0733783267464232,0,0.201280554600648,0,0.368734378253751,0.356606740399177,0,0,0
"4","3",0,0.117529359006071,0,0,0.612639369111105,0.269831271882823,0,0,0,0
"5","4",0,0,0,0,0.2933073263033,0.7066926736967,0,0,0,0
"6","5",0,0.835611958124482,0,0,0,0.164388041875517,0,0,0,0
"7","6",0,0.326378044228666,0,0,0,0.673621955771334,0,0,0,0
"8","7",0,0.460614530044444,0,0,0,0,0.342440755576883,0,0.196944714378673,0
"9","8",0,0,0,0.514543890203974,0,0.467448552578096,0,0.0180075572179293,0,0
"10","9",0,0,0,0.388385926293236,0,0.611614073706764,0,0,0,0
"11","10",0,0,0,0.447153254160766,0.254935008466728,0.297911737372507,0,0,0,0
"12","11",0.113774756872723,0,0,0,0.646891877068164,0.239333366059113,0,0,0,0
"13","12",0,0.551553020288361,0,0,0,0.448446979711639,0,0,0,0
"14","13",0,0.801371074317533,0,0.198628925682467,0,0,0,0,0,0
"15","14",0.269526077859141,0.106206048604905,0,0.300753557214757,0,0,0.323514316321197,0,0,0
"16","15",0.35122423880739,0.218797349878832,0.288771136881908,0,0,0.14120727443187,0,0,0,0
"17","16",0,0.297878387816998,0,0,0,0.702121612183002,0,0,0,0
"18","17",0,0,0,0.14574994173087,0.709978564261416,0.144271494007713,0,0,0,0
"19","18",0.184008492393699,0,0,0,0.360872051939618,0.331211713032304,0,0.123907742634378,0,0
"20","19",0,0.46547563069383,0,0,0.534524369306171,0,0,0,0,0
"21","20",0,0.383905049953018,0.202233178771861,0,0.192214048176655,0.221647723098465,0,0,0,0
"22","21",0,0.481305251985348,0.217859176735313,0.300835571279339,0,0,0,0,0,0
"23","22",0,0.395923565163622,0,0.441887495783524,0,0.162188939052854,0,0,0,0
"24","23",0,0.18810540311205,0,0.544368222028885,0,0.267526374859065,0,0,0,0
"25","24",0,0.316066018084782,0,0.0724274657390947,0.381631168741764,0.22987534743436,0,0,0,0
"26","25",0,0.0969279428307963,0,0,0.903072057169204,0,0,0,0,0
"27","26",0,0,0,0.169952583974019,0.830047416025981,0,0,0,0,0
"28","27",0,0,0,0,0.844659764718954,0,0.155340235281046,0,0,0
"29","28",0,0.580607113760965,0,0.419392886239035,0,0,0,0,0,0
"30","29",0,0.280443686436241,0,0,0.312782949541354,0.246378410569103,0,0.160394953453302,0,0
"31","30",0,0.111222912074721,0,0,0.668518985502297,0.220258102422981,0,0,0,0
"32","31",0,0.264633663615439,0.450767419546268,0,0.284598916838292,0,0,0,0,0
"33","32",0.335828554575577,0.178688706675243,0,0.485482738749179,0,0,0,0,0,0
"34","33",0.0996161214735551,0.396156679182847,0,0,0,0.504227199343598,0,0,0,0
"35","34",0,1,0,0,0,0,0,0,0,0
"36","35",0.349400712971753,0.369666717142944,0.132672802949019,0,0,0,0,0,0.148259766936284,0
"37","36",0.0802398072177497,0.563321550247407,0,0.356438642534843,0,0,0,0,0,0
"38","37",0,0.300508493951941,0,0,0.699491506048059,0,0,0,0,0
"39","38",0,0.64108536008589,0,0,0,0.35891463991411,0,0,0,0
"40","39",0,0,0.387979156657781,0,0.312984484668524,0.299036358673695,0,0,0,0
"41","40",0,0.221476354674193,0.350327687936303,0,0.428195957389504,0,0,0,0,0
"42","41",0.347029002969138,0,0,0.0634855957736539,0.48293462787248,0.106550773384727,0,0,0,0
"43","42",0,0.126911332502918,0,0,0.613121973158746,0,0.259966694338336,0,0,0
"44","43",0,0.597003397256811,0,0,0,0.402996602743189,0,0,0,0
"45","44",0,0.510183244994699,0,0,0,0.489816755005301,0,0,0,0
"46","45",0,0.303699574413559,0,0,0.696300425586441,0,0,0,0,0
"47","46",0,0.271131043439653,0,0.330960054616129,0,0,0.397908901944219,0,0,0
"48","47",0,0.664782211099005,0,0,0,0.335217788900995,0,0,0,0
"49","48",0,0.181930854066444,0.195923947121344,0,0.622145198812212,0,0,0,0,0
"50","49",0,0.2209258321425,0.425096408822056,0.224372573657686,0,0,0,0,0,0.129605185377759
"51","50",0,0.157879072801944,0.298161537339215,0,0.543959389858842,0,0,0,0,0
"52","51",0.374700669015158,0.118960477507435,0,0.276787580593216,0,0.229551272884192,0,0,0,0
"53","52",0,0.569167834260363,0,0,0,0.430832165739637,0,0,0,0
"54","53",0.173664412819149,0.637453156194846,0,0,0,0.188882430986005,0,0,0,0
"55","54",0,0,0.21878191476335,0,0,0.78121808523665,0,0,0,0
"56","55",0.290252441550441,0,0.284322590424076,0.425424968025483,0,0,0,0,0,0
"57","56",0,0.299602415443084,0,0.20373134593558,0,0.496666238621335,0,0,0,0
"58","57",0,0,0.29847505122667,0,0.390928993574439,0.310595955198891,0,0,0,0
"59","58",0,0.279873453650602,0,0,0.458216801115165,0.261909745234233,0,0,0,0
"60","59",0,0,0,0,0,0.441918035782491,0.558081964217509,0,0,0
"61","60",0.314121021006169,0.289388051775637,0,0,0,0.396490927218194,0,0,0,0
"62","61",0,0.153917544691063,0.259780169037898,0.586302286271038,0,0,0,0,0,0
"63","62",0,0.515806879373537,0,0,0,0.484193120626463,0,0,0,0
"64","63",0,0.30388021272226,0,0,0.540679033386318,0.155440753891422,0,0,0,0
"65","64",0,0.126154140938931,0,0,0.873845859061069,0,0,0,0,0
"66","65",0,0.636124370335299,0,0,0,0.363875629664701,0,0,0,0
"67","66",0,0.167062146612337,0,0,0.537754937449864,0.295182915937798,0,0,0,0
"68","67",0,0.768762769254321,0,0,0,0.231237230745679,0,0,0,0
"69","68",0,0,0.417898509033266,0,0,0.582101490966733,0,0,0,0
"70","69",0,0.212396346706289,0,0,0.787603653293711,0,0,0,0,0
"71","70",0,0.759830872361302,0,0,0,0.240169127638698,0,0,0,0
"72","71",0,0.47709220673215,0,0,0,0.52290779326785,0,0,0,0
"73","72",0,0,0,0.392481710381136,0,0.30360357906271,0.303914710556153,0,0,0
"74","73",0,0,0,0.102090775267606,0.430685793260661,0.259876411284371,0.207347020187362,0,0,0
"75","74",0,0.104074893343999,0,0,0.567898213537407,0.328026893118593,0,0,0,0
"76","75",0.473532877916094,0.526467122083906,0,0,0,0,0,0,0,0
"77","76",0,0,0,0,0,0.384398721817886,0,0.615601278182114,0,0
"78","77",0.152522926110053,0.737731882442871,0,0,0,0.109745191447077,0,0,0,0
"79","78",0,0,0,0.221360064787832,0,0.180818634707401,0.597821300504767,0,0,0
"80","79",0,0.180116829443694,0,0,0.819883170556306,0,0,0,0,0
"81","80",0,0,0.0887621125658376,0,0.500474558611515,0.410763328822648,0,0,0,0
"82","81",0,0,0.498389524867134,0,0,0.288200229480416,0.21341024565245,0,0,0
"83","82",0,0,0,0,0.46372616009936,0,0.53627383990064,0,0,0
"84","83",0,0.09158128272755,0,0,0.646599450214675,0.261819267057775,0,0,0,0
"85","84",0,0.472711771929935,0,0,0,0.527288228070065,0,0,0,0
"86","85",0.290898364531596,0.00334158487626673,0,0,0,0.521591368897792,0.184168681694345,0,0,0
"87","86",0,0.307036359690779,0,0.528536866402576,0,0.164426773906645,0,0,0,0
"88","87",0,0.31644019006605,0,0,0,0.68355980993395,0,0,0,0
"89","88",0,0,0,0.160309386827715,0.384649902032226,0.455040711140059,0,0,0,0
"90","89",0.186421412168473,0.526826537147686,0,0.28675205068384,0,0,0,0,0,0
"91","90",0,0.6532492346115,0,0,0,0.3467507653885,0,0,0,0
"92","91",0,0.116379982060484,0,0.167348470683175,0.308705632856646,0.407565914399696,0,0,0,0
"93","92",0,0.848767384966609,0,0.122191201346205,0,0.0290414136871851,0,0,0,0
"94","93",0,0.713761113268293,0,0,0,0.286238886731708,0,0,0,0
"95","94",0.21208344497999,0,0,0,0,0.689314267699186,0,0.0986022873208236,0,0
"96","95",0,0,0,0,0.584413802315309,0.304396087593046,0,0.111190110091645,0,0
"97","96",0.558293784365716,0,0,0.10969975156448,0,0.0982684499096068,0.233738014160197,0,0,0
"98","97",0,0.590724045276006,0,0,0,0.409275954723994,0,0,0,0
"99","98",0,0,0,0.356480079644648,0.643519920355352,0,0,0,0,0
"100","99",0,0.315751448676979,0.130750052696818,0,0.553498498626204,0,0,0,0,0
"101","100",0.252919477013095,0.589680788051335,0,0,0,0.15739973493557,0,0,0,0
"102","101",0,0.27154952138564,0,0.448504359670917,0,0.279946118943443,0,0,0,0
"103","102",0,0.398460633601984,0,0.150190855359477,0.334886822543084,0.116461688495455,0,0,0,0
"104","103",0.143025905380744,0,0,0,0,0.856974094619256,0,0,0,0
"105","104",0.39376551590366,0,0,0.303440876813801,0,0.302793607282539,0,0,0,0
"106","105",0,0.248341772266068,0,0,0,0.751658227733932,0,0,0,0
"107","106",0,0.401902090929286,0,0,0,0.194381298479548,0,0.403716610591166,0,0
"108","107",0,0,0,0,0.812183298214515,0.187816701785485,0,0,0,0
"109","108",0,0.1450455375983,0.363703903819542,0.491250558582158,0,0,0,0,0,0
"110","109",0,0,0,1,0,0,0,0,0,0
"111","110",0.148717501289965,0.648756844409699,0,0,0,0.202525654300336,0,0,0,0
"112","111",0,0.381283986321145,0,0,0,0.618716013678855,0,0,0,0
"113","112",0,0.493925896346577,0,0.103487174276338,0,0.402586929377085,0,0,0,0
"114","113",0,0.570050720396313,0,0,0,0,0.185971985308179,0.243977294295508,0,0
"115","114",0,0.338995179635498,0,0,0,0.447142672903598,0.213862147460904,0,0,0
"116","115",0.0877583252699645,0.441907001665617,0,0.470334673064419,0,0,0,0,0,0
"117","116",0,0,0,0,0,1,0,0,0,0
"118","117",0,0.329123483447624,0,0,0,0,0.670876516552376,0,0,0
"119","118",0,0.404895080357238,0,0.436700855266029,0,0.158404064376732,0,0,0,0
"120","119",0,0,0,0,0,0.504715503337891,0.495284496662109,0,0,0
"121","120",0,0,0,0,0,1,0,0,0,0
"122","121",0.0813742069843363,0.325000085320202,0,0,0.593625707695462,0,0,0,0,0
"123","122",0,0.27321282830385,0,0,0,0.72678717169615,0,0,0,0
"124","123",0,0.3834205850032,0,0,0,0.6165794149968,0,0,0,0
"125","124",0,0.406462396450349,0,0,0,0.156184054006129,0,0.437353549543522,0,0
"126","125",0.525797543900122,0.1282814625104,0,0,0,0,0.345920993589478,0,0,0
"127","126",0,0,0,0,1,0,0,0,0,0
"128","127",0,0,0,0.15134050650577,0.448944929100343,0.399714564393887,0,0,0,0
"129","128",0,0.0548134703714839,0,0.503620333218871,0,0.441566196409645,0,0,0,0
"130","129",0,0.397077641345908,0,0.191254310353971,0,0.242707160863428,0,0.168960887436693,0,0
"131","130",0,0,0,0,0,0.660447839188126,0,0.339552160811874,0,0
"132","131",0,0.306345619630313,0,0.143892327869182,0,0,0.549762052500505,0,0,0
"133","132",0,0,0,0,0.774642916119675,0.225357083880325,0,0,0,0
"134","133",0,0.746086386767047,0,0.125735989627243,0,0,0,0.128177623605709,0,0
"135","134",0.364806765342552,0.0918254406508952,0,0,0.45041283429321,0.0929549597133425,0,0,0,0
"136","135",0,0.107407722134948,0,0.172074455781331,0.720517822083722,0,0,0,0,0
"137","136",0,0.391518810191185,0,0.154846232292831,0.176531424204438,0.277103533311547,0,0,0,0
"138","137",0,0.459776121535941,0,0,0,0.540223878464059,0,0,0,0
"139","138",0,0.34809935261274,0,0.174054858929241,0.28926953603978,0.18857625241824,0,0,0,0
"140","139",0,0.398324151725625,0,0,0,0.601675848274375,0,0,0,0
"141","140",0.231926215957575,0.00349777131747171,0,0,0,0.366617351159219,0.397958661565734,0,0,0
"142","141",0,0.311186981447784,0,0.232335604579471,0.25173127945383,0.204746134518916,0,0,0,0
"143","142",0,0,0,0,0.305479844909547,0.579403769013425,0,0.115116386077028,0,0
"144","143",0,0,0.32864162028543,0.67135837971457,0,0,0,0,0,0
"145","144",0,0,0,0,0.22312722101104,0.198957251135046,0.577915527853914,0,0,0
"146","145",0,0.405641525661839,0.247833539584424,0.346524934753737,0,0,0,0,0,0
"147","146",0,0.334013075256857,0,0.665986924743143,0,0,0,0,0,0
"148","147",0,0,0,0.0473837984949365,0.760726505084614,0.19188969642045,0,0,0,0
"149","148",0.252581175608554,0,0,0,0.633773743494228,0,0,0.113645080897218,0,0
"150","149",0,0.134347044182283,0,0,0.747590036898625,0.118062918919092,0,0,0,0
"151","150",0,0,0,0,0.581112908080997,0.220465989256322,0,0.198421102662681,0,0
"152","151",0,0,0,0,0.810708020210364,0.189291979789636,0,0,0,0
"153","152",0,0,0,0,0,0.423161498371788,0.576838501628212,0,0,0
"154","153",0.153420147619229,0.236030702953088,0,0,0,0.610549149427683,0,0,0,0
"155","154",0,0,0,0.268363545691289,0,0.270230400527242,0.461406053781469,0,0,0
"156","155",0.0978350376319554,0.242548065812561,0,0.131163456485875,0,0,0.528453440069608,0,0,0
"157","156",0,0.382265411456305,0,0,0,0.617734588543695,0,0,0,0
"158","157",0,0.458036507544831,0,0,0,0.148994058741442,0.392969433713727,0,0,0
"159","158",0.39141650106578,0,0,0,0,0.198761018486948,0.409822480447271,0,0,0
"160","159",0,0,0,0,0.168261330773119,0.205238456497179,0.626500212729702,0,0,0
"161","160",0,0,0,0,0.332914844406234,0.256608750830863,0.410476404762903,0,0,0
"162","161",0,0,0,0.334718424950249,0.455302152386607,0.209979422663144,0,0,0,0
"163","162",0,0.429512396500087,0,0,0,0.263547475792973,0.306940127706939,0,0,0
"164","163",0,0.0876359510619367,0,0,0.667621449215714,0.244742599722349,0,0,0,0
"165","164",0,0.27661060964107,0,0,0.522923289468191,0.200466100890738,0,0,0,0
"166","165",0,0,0,0,0,1,0,0,0,0
"167","166",0,0.540219222815785,0,0,0,0.459780777184215,0,0,0,0
"168","167",0,0.316574932518453,0,0,0.683425067481547,0,0,0,0,0
"169","168",0,0,0,0,0.815102173062185,0,0.184897826937815,0,0,0
"170","169",0.258140846451263,0.391117515923095,0,0,0.350741637625642,0,0,0,0,0
"171","170",0,0.10918929106992,0,0,0.89081070893008,0,0,0,0,0
"172","171",0.160589677022535,0,0,0.414067499773061,0,0.425342823204404,0,0,0,0
"173","172",0,0,0,0,0,1,0,0,0,0
"174","173",0,0.423068862286583,0,0.373594773174653,0,0.203336364538765,0,0,0,0
"175","174",0,0.509508201661081,0,0,0,0.490491798338919,0,0,0,0
"176","175",0,0,0,0.903035335144126,0,0.0969646648558738,0,0,0,0
"177","176",0,0.168571012967721,0,0,0.831428987032279,0,0,0,0,0
"178","177",0,0,0,0.0616765432399496,0.820701482019516,0.117621974740534,0,0,0,0
"179","178",0,0.202936786829809,0.117196062623097,0,0,0.679867150547094,0,0,0,0
"180","179",0,0.456015858021434,0,0,0,0.543984141978566,0,0,0,0
"181","180",0,0,0,0.49025951897644,0,0.50974048102356,0,0,0,0
"182","181",0,0.0595201406854052,0,0,0.940479859314595,0,0,0,0,0
"183","182",0,0.482641093718945,0,0.517358906281055,0,0,0,0,0,0
"184","183",0,0,0,0,0.509161825328471,0.262391804164117,0.228446370507412,0,0,0
"185","184",0,0.804402928074832,0,0,0,0.195597071925168,0,0,0,0
"186","185",0,0,0,0.225192154317373,0.774807845682627,0,0,0,0,0
"187","186",0,0.3334290164582,0,0.215650973046316,0.450920010495484,0,0,0,0,0
"188","187",0.148674263257036,0,0,0.288843370952219,0,0.562482365790745,0,0,0,0
"189","188",0,0,0,0,1,0,0,0,0,0
"190","189",0.201821698854039,0.302744729833697,0,0,0,0.495433571312264,0,0,0,0
"191","190",0.473005209549936,0.116785615832931,0,0,0,0,0.410209174617133,0,0,0
"192","191",0,0.677945981876196,0,0,0,0.322054018123804,0,0,0,0
"193","192",0,0.479898197848978,0,0,0,0.316484139844069,0,0.203617662306954,0,0
"194","193",0.23595081015389,0,0,0.57992346208496,0,0.18412572776115,0,0,0,0
"195","194",0,0.162384918977412,0,0,0,0.387019503644357,0.45059557737823,0,0,0
"196","195",0,0,0,0.446425320014179,0.442993865613851,0.11058081437197,0,0,0,0
"197","196",0.0814846554816596,0.474194665010083,0,0.444320679508257,0,0,0,0,0,0
"198","197",0,0,0,0.210572090129413,0,0.469258447941404,0.219759235844267,0.100410226084916,0,0
"199","198",0,0.030098964253894,0,0.365965767597812,0.299486118976488,0.304449149171805,0,0,0,0
"200","199",0,0.191460569320658,0,0.523439809252629,0,0.285099621426713,0,0,0,0
"201","200",0,0.146397255711878,0,0,0.411495552372015,0,0.442107191916107,0,0,0
"202","201",0,0.390330403667569,0,0,0,0.263370460833563,0,0.346299135498868,0,0
"203","202",0,0,0,0,0.831547288264488,0,0.168452711735512,0,0,0
"204","203",0,0.138201091768013,0,0,0.62590782370289,0,0.235891084529097,0,0,0
"205","204",0,0.258011616105678,0,0.473959960065402,0,0,0.26802842382892,0,0,0
"206","205",0,0.264548113514928,0,0,0.735451886485072,0,0,0,0,0
"207","206",0,0.341888585540568,0,0,0,0.489953709800806,0,0.168157704658627,0,0
"208","207",0,0.000448002011845693,0,0,0,0.44931639034676,0.550235607641395,0,0,0
"209","208",0.200507183649603,0,0,0,0,0.799492816350397,0,0,0,0
"210","209",0,0.263605311784055,0,0.193674804801168,0,0.542719883414777,0,0,0,0
"211","210",0,0.15716045837526,0,0,0.457034918738844,0.159073206125936,0.22673141675996,0,0,0
"212","211",0,0.29043628633228,0,0,0.569657553335408,0,0.139906160332312,0,0,0
"213","212",0,0,0,0.152261256605541,0.609515467020271,0.238223276374189,0,0,0,0
"214","213",0,0.44750303424895,0,0.55249696575105,0,0,0,0,0,0
"215","214",0,0.401464942810081,0,0.258091292355461,0,0.340443764834458,0,0,0,0
"216","215",0,0,0.315391987229072,0,0.42560996828997,0.258998044480958,0,0,0,0
"217","216",0,0.195525289202786,0,0.151027403050634,0,0,0.478965783474488,0.174481524272092,0,0
"218","217",0,0.329512558258986,0,0,0,0.670487441741014,0,0,0,0
"219","218",0,0.256333893215322,0,0,0,0.639416974074922,0,0.104249132709756,0,0
"220","219",0,0.522883560228185,0,0,0.194715512060315,0.2824009277115,0,0,0,0
"221","220",0,0.305117857944279,0,0.127442786254332,0.268418655443556,0.299020700357833,0,0,0,0
"222","221",0,0,0,0,0.722942108830076,0.164654426294062,0.112403464875862,0,0,0
"223","222",0,0,0,0,1,0,0,0,0,0
"224","223",0,0.361401047867922,0,0,0,0.638598952132078,0,0,4.46595827283523e-18,0
"225","224",0,0,0,0.615557031072302,0,0,0.260181682596553,0.124261286331145,0,0
"226","225",0,0.151882228445432,0,0.48254977215137,0,0.22637877021574,0,0.139189229187458,0,0
"227","226",0,0.243117639238759,0,0.233735731573545,0.350013672738238,0.173132956449458,0,0,0,0
"228","227",0,0.0808596877701751,0,0,0.695504511444959,0.223635800784866,0,0,0,0
"229","228",0,0.322513443693181,0,0,0,0.480410568660227,0,0.197075987646592,0,0
"230","229",0,0.325522890034607,0,0,0.531696129384961,0.142780980580432,0,0,0,0
"231","230",0,0.446631963397223,0.28178317974047,0,0,0.271584856862308,0,0,0,0
"232","231",0,0.159584848909514,0,0.172079406691514,0.668335744398972,0,0,0,0,0
"233","232",0.312503409090943,0,0.146753448850823,0.399381824892483,0,0.141361317165751,0,0,0,0
"234","233",0,0,0,0,0,1,0,0,0,0
"235","234",0,0,0.719797632588906,0,0,0.280202367411094,0,0,0,0
"236","235",0,0.629380476427359,0,0,0,0.370619523572641,0,0,0,0
"237","236",0,0.0567812367650294,0,0.0741281945261882,0.717453624823858,0.151636943884924,0,0,0,0
"238","237",0.259181908501188,0.12099396472982,0,0,0.619824126768992,0,0,0,0,0
"239","238",0,0.366499893662672,0,0.297395502123118,0,0.108008139182052,0.228096465032158,0,0,0
"240","239",0,0.395431441738067,0,0,0,0.604568558261933,0,0,0,0
"241","240",0,0.376673937964972,0,0,0.397763432239331,0.225562629795696,0,0,0,0
"242","241",0.385357545274707,0.614642454725293,0,0,0,0,0,0,0,0
"243","242",0,0,0,0,0.541952974718369,0.458047025281631,0,0,0,0
"244","243",0,0.302377004586137,0.532401282049685,0,0,0,0,0.165221713364178,0,0
"245","244",0.108727172583041,0.643861348840744,0,0.247411478576215,0,0,0,0,0,0
"246","245",0,0,0,0,0.38293494079146,0.61706505920854,0,0,0,0
"247","246",0.105687835493573,0.401663842314588,0,0.255241370747262,0,0.237406951444577,0,0,0,0
"248","247",0,0.0987105440274556,0,0,0.683208693363255,0,0.21808076260929,0,0,0
"249","248",0,0,0,0,0.598882176782946,0.140270414695545,0.260847408521509,0,0,0
"250","249",0,0,0,0,0.618481749527052,0.220991544371477,0,0.160526706101471,0,0
"251","250",0,0.388853652836744,0,0,0.202510017695612,0.208095389884232,0.200540939583412,0,0,0
"252","251",0,0.354569585387407,0,0,0,0.256134233409052,0.389296181203541,0,0,0
"253","252",0,0.380316028199819,0,0.372568744417793,0,0,0.247115227382388,0,0,0
"254","253",0,0.47578716345888,0,0,0,0.52421283654112,0,0,0,0
"255","254",0.46619984084388,0.102159507958951,0,0.149868394336258,0,0.281772256860912,0,0,0,0
"256","255",0.489871241467149,0.0286686479866821,0,0.243104510205353,0,0,0.238355600340816,0,0,0
"257","256",0,0.134317946794694,0,0,0,0.336249594133507,0.529432459071799,0,0,0
"258","257",0,0.348877579419065,0,0,0.49319146567213,0.157930954908805,0,0,0,0
"259","258",0,0.11030588533458,0,0,0.518079770033063,0.371614344632357,0,0,0,0
"260","259",0,0.48615237748866,0,0,0,0,0.51384762251134,0,0,0
"261","260",0,0,0,0.211657093937972,0.528043563390223,0.260299342671805,0,0,0,0
"262","261",0.128320007375271,0.282540760225613,0,0,0,0.589139232399117,0,0,0,0
"263","262",0,0,0.282236990050628,0,0,0.717763009949372,0,0,0,0
"264","263",0,0.547475395160811,0,0.16151547864469,0,0.291009126194499,0,0,0,0
"265","264",0.0576263525140882,0.437708222622742,0,0,0,0.504665424863169,0,0,0,0
"266","265",0,0.328360793467113,0,0,0,0.671639206532886,0,0,0,0
"267","266",0,0.118670317220671,0,0.440608444653845,0,0.440721238125485,0,0,0,0
"268","267",0,0.672920763721354,0,0.327079236278646,0,0,0,0,0,0
"269","268",0,0.480930968886613,0,0,0,0.519069031113387,0,0,0,0
"270","269",0.440824998690195,0.154975541710686,0.0901747317158294,0,0,0,0.31402472788329,0,0,0
"271","270",0.400418908511901,0.170660978362959,0,0,0,0.42892011312514,0,0,0,0
"272","271",0.537816438013383,0.0121814480483014,0,0,0,0.247208853519525,0.202793260418791,0,0,0
"273","272",0,0.54588883030595,0,0,0,0.23417068683882,0,0.21994048285523,0,0
"274","273",0,0.286414203228631,0,0,0.504786964216635,0.208798832554734,0,0,0,0
"275","274",0,0,0,0,0.550585482797051,0.449414517202949,0,0,0,0
"276","275",0,0.142169424624837,0,0,0.857830575375163,0,0,0,0,0
"277","276",0,0.232025265022309,0,0,0.615267008851225,0.152707726126466,0,0,0,0
"278","277",0,0.508402557548432,0,0,0.491597442451568,0,0,0,0,0
"279","278",0,0.324794326292644,0,0,0.675205673707356,0,0,0,0,0
"280","279",0,0.643055818793718,0,0,0,0.356944181206282,0,0,0,0
"281","280",0,0,0,0,0.340097700709565,0.277953665951271,0.381948633339164,0,0,0
"282","281",0,0.631141789367745,0,0,0,0.368858210632255,0,0,0,0
"283","282",0,0.31661800015647,0,0,0.397170024948454,0.286211974895076,0,0,0,0
"284","283",0,0,0,0.323200980208579,0.547828707770516,0.128970312020906,0,0,0,0
"285","284",0,0.342780591592177,0,0.0272412141320719,0.629978194275752,0,0,0,0,0
"286","285",0.100634909204476,0,0,0,0.702713568859369,0.196651521936156,0,0,0,0
"287","286",0,0.457322452134285,0,0,0,0.542677547865715,0,0,0,0
"288","287",0,0.405648667485136,0,0.326028525083848,0,0,0.268322807431016,0,0,0
"289","288",0,0.200892784664243,0,0.212181933307369,0.415543950323834,0.171381331704554,0,0,0,0
"290","289",0,0.42838953942685,0,0,0,0.57161046057315,0,0,0,0
"291","290",0.460268726509932,0.155808046167632,0,0.383923227322436,0,0,0,0,0,0
"292","291",0.255525181934113,0,0,0.380025707605562,0,0.364449110460325,0,0,0,0
"293","292",0,0,0,0,0.394893036292718,0.499986983806673,0,0.10511997990061,0,0
"294","293",0.334046328680401,0,0.233699304924718,0,0,0.432254366394881,0,0,0,0
"295","294",0,0,0,0.810383084878473,0,0.189616915121527,0,0,0,0
"296","295",0,0,0,0.178556898654531,0,0.152782482552618,0.668660618792851,0,0,0
"297","296",0,0,0,0,0,1,0,0,0,0
"298","297",0,0.19197359573213,0,0,0.559385569990077,0.248640834277793,0,0,0,0
"299","298",0,0.413529256844276,0,0,0,0.586470743155724,0,0,0,0
"300","299",0,0.363337680571403,0,0,0.636662319428597,0,0,0,0,0
"301","300",0,0.141072747813179,0,0,0.734288836521589,0.124638415665232,0,0,0,0
"302","301",0.458333520291283,0.540422073799995,0.0012444059087224,0,0,0,0,0,0,0
"303","302",0,0.617100162510557,0,0,0,0.382899837489443,0,0,0,0
"304","303",0,0,0.350760322373176,0.649239677626824,0,0,0,0,0,0
"305","304",0,0.0956099871713421,0,0,0.786958385903262,0.117431626925396,0,0,0,0
"306","305",0,0,0,0,0.684692057428767,0.315307942571232,0,0,0,0
"307","306",0.192335378572225,0.31883932840356,0,0,0,0.488825293024216,0,0,0,0
"308","307",0,0.327776370640879,0,0,0,0.672223629359121,0,0,0,0
"309","308",0,0.453135955369892,0,0,0.28622301709687,0.260641027533238,0,0,0,0
"310","309",0,0.396578244995451,0,0,0,0.603421755004549,0,0,0,0
"311","310",0,0.328733776146398,0,0.393152622235978,0,0,0,0.278113601617624,0,0
"312","311",0.115940902471597,0,0,0,0.884059097528403,0,0,0,0,0
"313","312",0,0.348423357114576,0,0,0.287019391297506,0.364557251587919,0,0,0,0
"314","313",0,0,0,0,1,0,0,0,0,0
"315","314",0,0,0,0,0.722057145532,0,0.277942854468,0,0,0
"316","315",0,0.507017735837171,0,0.270166180240785,0,0.222816083922045,0,0,0,0
"317","316",0.330531670608355,0,0,0,0.390528928596547,0.135806579816681,0,0.143132820978417,0,0
"318","317",0.0686794225326725,0.334723171136908,0,0.596597406330419,0,0,0,0,0,0
"319","318",0.000944756136057421,0.454669084603656,0,0,0,0.544386159260287,0,0,0,0
"320","319",0,0,0,0,0.738524242992913,0.261475757007087,0,0,0,0
"321","320",0,0.620350357943601,0,0,0,0.379649642056399,0,0,0,0
"322","321",0,0,0,0.191687072574653,0.430321591062847,0.3779913363625,0,0,0,0
"323","322",0,0.594938789498375,0,0.177122044235417,0,0.227939166266208,0,0,0,0
"324","323",0.421932643655772,0,0,0.328258854892319,0,0.249808501451909,0,0,0,0
"325","324",0,0,0,0,0.650097882178309,0.349902117821691,0,0,0,0
"326","325",0,0.0901310059017496,0,0,0.90986899409825,0,0,0,0,0
"327","326",0,0.384041153905555,0,0,0,0.615958846094445,0,0,0,0
"328","327",0,0.629018889017662,0,0,0,0.370981110982338,0,0,0,0
"329","328",0,0.0876258002283127,0,0,0.693745831704447,0.21862836806724,0,0,0,0
"330","329",0,0.108080226038599,0,0.149541282599942,0.742378491361458,0,0,0,0,0
"331","330",0,0,0.343422711179823,0,0.656577288820177,0,0,0,0,0
"332","331",0,0,0,0,0.840612588211673,0.159387411788327,0,0,0,0
"333","332",0.135566022460161,0.103545685814466,0,0,0.529075661774772,0.231812629950601,0,0,0,0
"334","333",0,0.776641919175318,0,0.223358080824682,0,0,0,0,0,0
"335","334",0,0,0.183984618961476,0,0,0.517409178492684,0.29860620254584,0,0,0
"336","335",0,0.129995304455143,0,0.530082777651979,0,0.339921917892878,0,0,0,0
"337","336",0,0.131461209300028,0,0,0.56863093394753,0.299907856752442,0,0,0,0
"338","337",0,0,0,0,0,0.196698304282178,0.803301695717822,0,0,0
"339","338",0.349633075431467,0,0,0,0.507491422556504,0.142875502012028,0,0,0,0
"340","339",0.679441039440297,0.320558960559703,0,0,0,0,0,0,0,0
"341","340",0,0,0,0,0.625480745894044,0.374519254105956,0,0,0,0
"342","341",0,0.546383319782338,0,0,0,0,0.453616680217662,0,0,0
"343","342",0,0.154254231677964,0,0.591585325931673,0,0,0.254160442390363,0,0,0
"344","343",0.109586630075941,0,0,0,0.690856658581529,0.19955671134253,0,0,0,0
"345","344",0,0.322395858945492,0.455931109285728,0,0,0,0.22167303176878,0,0,0
"346","345",0,0.393623505743193,0,0.39862163085685,0,0.207754863399958,0,0,0,0
"347","346",0.0617931216184576,0.497671936655246,0,0,0,0.440534941726297,0,0,0,0
"348","347",0.373846945553789,0,0,0,0.626153054446211,0,0,0,0,0
"349","348",0,0.225642556674744,0.550430019200344,0,0,0.223927424124912,0,0,0,0
"350","349",0,0.0504153840948168,0,0.171298126337507,0,0.778286489567676,0,0,0,0
"351","350",0,0.559890946953078,0,0,0,0.440109053046922,0,0,0,0
"352","351",0,0.265303777096527,0,0.480287721550879,0,0.254408501352594,0,0,0,0
"353","352",0,0.602563426306166,0,0.116182319952656,0.281254253741177,0,0,0,0,0
"354","353",0,1,0,0,0,0,0,0,0,0
"355","354",0,0.626395267892909,0,0,0,0.373604732107091,0,0,0,0
"356","355",0,0.520047451934249,0,0,0,0.479952548065751,0,0,0,0
"357","356",0.180829332407833,0,0,0,0.714159612340368,0.1050110552518,0,0,0,0
"358","357",0,0.251293700284641,0,0.192620470547402,0,0.388710333015326,0,0.167375496152632,0,0
"359","358",0,0.00242835580753089,0,0.361883570887666,0,0.635688073304803,0,0,0,0
"360","359",0,0,0,0,0.690967720895485,0.309032279104515,0,0,0,0
"361","360",0,0.250777704833518,0,0,0.749222295166482,0,0,0,0,0
"362","361",0,0.50011357942937,0,0,0,0.499886420570631,0,0,0,0
"363","362",0,0,0,0.771499665992455,0.228500334007545,0,0,0,0,0
"364","363",0,0.246314359202613,0,0,0.430466789311917,0.32321885148547,0,0,0,0
"365","364",0,0.161522545863877,0,0.325815376484413,0.51266207765171,0,0,0,0,0
"366","365",0.388324342177196,0,0,0.273655247361481,0,0.338020410461324,0,0,0,0
"367","366",0,0.116801556111474,0,0,0.643366734189247,0.239831709699279,0,0,0,0
"368","367",0,0.622511448861897,0,0.377488551138103,0,0,0,0,0,0
"369","368",0.140611050850933,0.581882632546569,0.277506316602498,0,0,0,0,0,0,0
"370","369",0,0.804758488102924,0,0,0,0,0,0,0.195241511897076,0
"371","370",0,0.721031939787665,0,0,0,0.278968060212336,0,0,0,0
"372","371",0,0,0,0.362473416233261,0,0.637526583766739,0,0,0,0
"373","372",0.18683253823029,0.0160681069581489,0,0,0.535964999247097,0.261134355564463,0,0,0,0
"374","373",0,0.559500110266735,0.440499889733265,0,0,0,0,0,0,0
"375","374",0,0.484377413852239,0,0,0,0.515622586147761,0,0,0,0
"376","375",0.112620745943442,0.328994790763308,0.350207326180473,0.208177137112777,0,0,0,0,0,0
"377","376",0.389439379290041,0.0923279199211188,0,0.51823270078884,0,0,0,0,0,0
"378","377",0.303969837853426,0,0,0.318235033465537,0,0.377795128681037,0,0,0,0
"379","378",0,0.302433676882225,0,0,0,0.447583000535246,0,0.24998332258253,0,0
"380","379",0.16293599255312,0,0.269018672658394,0,0.428645168451398,0.139400166337089,0,0,0,0
"381","380",0,0.10880907096498,0,0,0.89119092903502,0,0,0,0,0
"382","381",0,0,0.165809883332376,0.225136202251183,0,0,0.448896319624274,0.160157594792166,0,0
"383","382",0.401480224989693,0,0.598519775010307,0,0,0,0,0,0,0
"384","383",0,0.126668965805385,0.120152612111077,0,0,0.753178422083538,0,0,0,0
"385","384",0,0.054907710605262,0,0.13063232567321,0.814459963721528,0,0,0,0,0
"386","385",0,0.575085891309159,0,0,0,0,0,0.424914108690841,0,0
"387","386",0,0.53979842936494,0,0,0,0.46020157063506,0,0,0,0
"388","387",0,0.531260823196708,0,0,0,0.468739176803292,0,0,0,0
"389","388",0,0.527124255146107,0,0,0,0.472875744853893,0,0,0,0
"390","389",0.118718866649951,0.365488840849102,0,0,0,0,0.354649103219829,0.161143189281118,0,0
"391","390",0,0.538484660560421,0,0.271705701432938,0,0,0.189809638006641,0,0,0
"392","391",0,0.320344113976038,0,0.32309307018454,0,0,0,0.356562815839422,0,0
"393","392",0.43100202108312,0.220702014805598,0,0,0,0.348295964111282,0,0,0,0
"394","393",0,0.0975988115301638,0,0,0.614665182754682,0.287736005715154,0,0,0,0
"395","394",0.356392802535414,0.462501167585843,0,0,0,0.181106029878743,0,0,0,0
"396","395",0.696113406909876,0.303886593090125,0,0,0,0,0,0,0,0
"397","396",0,0.26514680681335,0,0.297830511495064,0,0.437022681691586,0,0,0,0
"398","397",0,0.0848367834302825,0,0,0.648216956308078,0.266946260261639,0,0,0,0
"399","398",0.444994286474095,0,0,0,0,0.555005713525904,0,0,0,0
"400","399",0,0,0,0.659050254567596,0,0.340949745432404,0,0,0,0
"401","400",0,0.250336290353029,0,0,0.525789690871185,0.223874018775786,0,0,0,0
"402","401",0,0.441403755472479,0,0.255382163759049,0,0.303214080768472,0,0,0,0
"403","402",0.322648614318973,0,0,0,0.47157333466184,0,0,0.205778051019187,0,0
"404","403",0,0.241144404556248,0,0.288604489693381,0,0.470251105750371,0,0,0,0
"405","404",0.178552120985824,0.248410687819412,0,0,0.573037191194763,0,0,0,0,0
"406","405",0,0,0,0,1,0,0,0,0,0
"407","406",0,0.395629862165131,0,0.335286928517115,0,0.269083209317753,0,0,0,0
"408","407",0,0.355948439673501,0.644051560326499,0,0,0,0,0,0,0
"409","408",0.24295709462662,0.132290154319348,0.624752751054032,0,0,0,0,0,0,0
"410","409",0,0.175821326621179,0,0,0.619804240629482,0.204374432749339,0,0,0,0
"411","410",0.434617759102672,0.473683775034927,0,0,0,0.0916984658624009,0,0,0,0
"412","411",0,0.351505573238137,0,0,0,0.648494426761863,0,0,0,0
"413","412",0,0.291285189167192,0,0.171072313358796,0,0.365104185107901,0,0.172538312366111,0,0
"414","413",0,0,0,0,0.655588393717598,0.344411606282402,0,0,0,0
"415","414",0,0.355232350079501,0,0,0.380934031362365,0.263833618558134,0,0,0,0
"416","415",0,0.431984249481664,0,0,0.568015750518336,0,0,0,0,0
"417","416",0.20881944320652,0,0,0,0.575331894109403,0.215848662684078,0,0,0,0
"418","417",0,0,0,0,0.484280483751682,0.329164798243951,0.186554718004367,0,0,0
"419","418",0,0.591917092480868,0,0,0,0.408082907519132,0,0,0,0
"420","419",0.299288562529946,0,0,0,0,0.700711437470054,0,0,0,0
"421","420",0,0.197797764674337,0,0,0.802202235325662,0,0,0,0,0
"422","421",0,0.169252467282895,0,0.139039146679666,0.373538885952089,0,0.31816950008535,0,0,0
"423","422",0,0.0811514086831921,0,0.0681037500453437,0.712093207861489,0.138651633409975,0,0,0,0
"424","423",0,0,0,0,0.196409532475669,0.621746899431105,0,0.181843568093226,0,0
"425","424",0,0.363524274324045,0,0,0,0.636475725675955,0,0,0,0
"426","425",0,0,0,0,0.260453654690682,0,0.739546345309318,0,0,0
"427","426",0,0,0,0,0.783501549132887,0.216498450867112,0,0,0,0
"428","427",0,0,0,0.227107255399188,0.602502820984282,0.170389923616529,0,0,0,0
"429","428",0,0.0924742699218177,0.434919483069884,0,0,0,0.472606247008299,0,0,0
"430","429",0,0.399193115888001,0.277090986678199,0,0,0,0.3237158974338,0,0,0
"431","430",0,0.0869640453183128,0,0,0.913035954681687,0,0,0,0,0
"432","431",0,0,0,0,0.760030664411796,0,0.239969335588204,0,0,0
"433","432",0,0,0,0,0.548787030760097,0.212268558686838,0,0.203788403352322,0,0.0351560072007433
"434","433",0,0.608613340157445,0,0.224562666073616,0,0.166823993768939,0,0,0,0
"435","434",0,0.432832776710771,0,0,0,0.567167223289229,0,0,0,0
"436","435",0,0.470909499784786,0.303823763125127,0,0,0,0,0.225266737090087,0,0
"437","436",0,0,0,0,0.61804278903756,0.154836576283164,0,0.227120634679276,0,0
"438","437",0.287487483697513,0.284255233233553,0,0,0,0.428257283068934,0,0,0,0
"439","438",0,0,0,0,0.750911121442278,0.249088878557722,0,0,0,0
"440","439",0,0.112517634610362,0,0,0.409371388949199,0.478110976440439,0,0,0,0
"441","440",0,0,0,0.427109826714972,0.154618444581311,0.418271728703717,0,0,0,0
"442","441",0.318225450168692,1.83965209124794e-19,0,0.459660480316908,0,0.2221140695144,0,0,0,0
"443","442",0,0.480797034463945,0,0,0,0,0.383115413853124,0.13608755168293,0,0
"444","443",0,0.268818974093298,0,0,0,0.123783168082357,0.607397857824345,0,0,0
"445","444",0,0.304099617379658,0,0.487599905993963,0.208300476626379,0,0,0,0,0
"446","445",0.17374466476831,0.82625533523169,0,0,0,0,0,0,0,0
"447","446",0,0.28849499613288,0,0,0.436288336507345,0.275216667359775,0,0,0,0
"448","447",0,0,0,0,0.683942483085497,0.316057516914503,0,0,0,0
"449","448",0,0.0373140248211602,0,0.368887386047394,0.239829961162843,0.353968627968603,0,0,0,0
"450","449",0.135897552320363,0.153868626417004,0,0,0,0.710233821262633,0,0,0,0
"451","450",0,0.684890237852535,0,0,0,0.315109762147465,0,0,0,0
"452","451",0,0.460992081850907,0,0,0,0.344181216526287,0,0,0,0.194826701622806
"453","452",0,0.43249946860205,0,0,0,0.127190102397726,0.356622530329514,0.0836878986707097,0,0
"454","453",0,0.355144875672391,0,0,0,0.644855124327609,0,0,0,0
"455","454",0,0,0.238775922752476,0,0.761224077247524,0,0,0,0,0
"456","455",0,0.0841245836504097,0,0,0.76412910379677,0.151746312552821,0,0,0,0
"457","456",0,0.299848117232278,0,0,0,0.700151882767722,0,0,0,0
"458","457",0,0.782727258032012,0,0,0,0,0.217272741967988,0,0,0
"459","458",0.107039507134542,0.251416180221447,0,0.386575656177365,0,0.254968656466646,0,0,0,0
"460","459",0,0.343142591374694,0,0,0,0,0.656857408625306,0,0,0
"461","460",0,0,0.354083583271838,0.102596412046087,0,0.543320004682075,0,0,0,0
"462","461",0,0.403092293702826,0,0,0.596907706297174,0,0,0,0,0
"463","462",0,0,0,0,0.772665079768022,0.227334920231978,0,0,0,0
"464","463",0.579065477972651,0.00465189273186605,0,0,0,0.416282629295483,0,0,0,0
"465","464",0.0983619725805307,0.495457250587124,0,0,0,0.406180776832345,0,0,0,0
"466","465",0,0.559012871537314,0,0,0,0.238698579517455,0,0.202288548945231,0,0
"467","466",0,0,0,0,0.52502970005888,0.155110458407843,0,0.319859841533277,0,0
"468","467",0.321056471723854,0.0692120374483829,0,0,0.361841213095705,0.247890277732058,0,0,0,0
"469","468",0,0.352081947389698,0,0,0,0.647918052610302,0,0,0,0
"470","469",0,0.786806997302112,0,0,0,0.213193002697888,0,0,0,0
"471","470",0.331875919951726,0.668124080048274,0,0,0,0,0,0,0,0
"472","471",0.174313529613254,0.528373360109379,0,0.297313110277367,0,0,0,0,0,0
"473","472",0,0.188617253254495,0,0,0.625377368578566,0.186005378166939,0,0,0,0
"474","473",0,0.625816787905004,0,0,0,0.374183212094996,0,0,0,0
"475","474",0,0,0,0.521639469858362,0.478360530141639,0,0,0,0,0
"476","475",0,0.538120335002071,0,0,0,0.461879664997929,0,0,0,0
"477","476",0,0.55839482593756,0,0.251446202374739,0,0.190158971687702,0,0,0,0
"478","477",0.259967730395889,0,0,0.0833979540490768,0.343880511196446,0.312753804358588,0,0,0,0
"479","478",0,0.218093561140915,0,0.378331862423773,0.204134195625687,0.199440380809625,0,0,0,0
"480","479",0,0.401371297730645,0,0,0,0.179896250658041,0,0.323855312359438,0.094877139251876,0
"481","480",0.351423093288164,0,0,0,0,0.648576906711836,0,0,0,0
"482","481",0,0,0.176915031644458,0,0.823084968355542,0,0,0,0,0
"483","482",0,0,0,0,0,1,0,0,0,0
"484","483",0.159056705296262,0,0,0.247661208463257,0,0.383943731713083,0.209338354527398,0,0,0
"485","484",0.334782459790723,0,0,0.295437321032199,0,0.369780219177078,0,0,0,0
"486","485",0,0.385497874898789,0,0,0.614502125101211,0,0,0,0,0
"487","486",0,0.134865418658577,0.492921291425591,0,0,0.372213289915832,0,0,0,0
"488","487",0,0.116626980468654,0,0,0.560885148946773,0.322487870584573,0,0,0,0
"489","488",0.335120409578915,0.175190514687169,0,0,0.422489056240368,0.0672000194935476,0,0,0,0
"490","489",0.161325522210461,0.00378171631805959,0,0,0,0.691069282657524,0,0.143823478813956,0,0
"491","490",0,0,0,0,0.776474580047965,0.223525419952035,0,0,0,0
"492","491",0,0,0.246624443759852,0,0.529544954219555,0.223830602020593,0,0,0,0
"493","492",0,0.392274738018871,0,0.415155119999503,0,0.192570141981626,0,0,0,0
"494","493",0,0.0534570455068619,0,0,0.476972395038665,0.469570559454473,0,0,0,0
"495","494",0,0.189085035751769,0,0,0,0.810914964248231,0,0,0,0
"496","495",0,0.546522953273326,0,0,0,0.453477046726674,0,0,0,0
"497","496",0,0,0,0,0.758954513107105,0.241045486892895,0,0,0,0
"498","497",0,0.374163514588923,0.447704432641498,0,0,0.178132052769579,0,0,0,0
"499","498",0.226166923030953,0.773833076969047,0,0,0,0,0,0,0,0
"500","499",0,0.621277303519311,0,0.378722696480689,0,0,0,0,0,0
"501","500",0,0.260104686112727,0,0.474909544935097,0,0.264985768952176,0,0,0,0
"502","501",0,0,0,0,0.67028895435562,0.32971104564438,0,0,0,0
"503","502",0,0,0,0,0.886935697116793,0,0,0,0.113064302883207,0
"504","503",0.367260629805712,0.299223897794525,0,0,0,0.333515472399763,0,0,0,0
"505","504",0,0.291377411684714,0,0,0.708622588315286,0,0,0,0,0
"506","505",0,0.517316069113268,0,0,0,0.482683930886732,0,0,0,0
"507","506",0,0.626043399183368,0,0,0,0.373956600816632,0,0,0,0
"508","507",0,0.299761565967017,0,0,0,0.700238434032983,0,0,0,0
"509","508",0.228530823617716,0.200775159285792,0,0,0.562966741880528,0,0,0,0.00772727521596451,0
"510","509",0.249244165369734,0,0,0.221018902336092,0.529736932294174,0,0,0,0,0
"511","510",0,0.602565138245591,0,0,0,0.397434861754409,0,0,0,0
"512","511",0,0.202758829323275,0,0,0.207362014422804,0.589879156253921,0,0,0,0
"513","512",0,0.148131556747934,0.0835037554927178,0,0.527169091307724,0.241195596451624,0,0,0,0
"514","513",0,0.0667185488236473,0,0,0.933281451176353,0,0,0,0,0
"515","514",0,0,0,0,0.859148753190752,0.140851246809248,0,0,0,0
"516","515",0.220903349100929,0.238168821352925,0,0,0,0.540927829546146,0,0,0,0
"517","516",0,0.622106862019645,0.377893137980354,0,0,0,0,0,0,0
"518","517",0,0,0,0,0.886505853693323,0,0,0.113494146306677,0,0
"519","518",0,0,0,0.206035494488046,0,0.793964505511954,0,0,0,0
"520","519",0,0,0,0,1,0,0,0,0,0
"521","520",0,0,0,0,0.581065572453033,0.418934427546967,0,0,0,0
"522","521",0.415980323586011,0,0,0.208616688181807,0,0.375402988232182,0,0,0,0
"523","522",0,0,0,0.321371847184164,0.678628152815836,0,0,0,0,0
"524","523",0.462513930735751,4.12770745738594e-05,0,0,0,0.537444792189675,0,0,0,0
"525","524",0.123386953554165,0,0,0,0,0.576589696760846,0.300023349684988,0,0,0
"526","525",0,0.578678100107412,0,0,0,0.290707161220731,0,0,0,0.130614738671857
"527","526",0.529434353798651,0.137158165872494,0,0.333407480328855,0,0,0,0,0,0
"528","527",0,0.822767615757087,0,0,0,0,0,0.177232384242913,0,0
"529","528",0.303987927234838,0.366126434335125,0,0,0,0.329885638430037,0,0,0,0
"530","529",0,0.55280926221158,0,0.44719073778842,0,0,0,0,0,0
"531","530",0,0,0,0.207137269040472,0.393685627116418,0.197185727195125,0,0.201991376647985,0,0
"532","531",0.214754301429648,0.533800481346723,0,0,0,0.251445217223629,0,0,0,0
"533","532",0,0,0.196251330815716,0,0.581483576178532,0.222265093005752,0,0,0,0
"534","533",0,0,0,0.400580310371367,0.392214768564384,0.207204921064249,0,0,0,0
"535","534",0,0.115591646154342,0,0,0.228261528095564,0.253982918816086,0.402163906934007,0,0,0
"536","535",0,0.660738503281868,0,0.18211753140171,0.157143965316422,0,0,0,0,0
"537","536",0,0.33838261470258,0,0.661617385297421,0,0,0,0,0,0
"538","537",0,0.41913253666363,0,0,0,0.58086746333637,0,0,0,0
"539","538",0,0.319292913833918,0,0.55071280623124,0,0.129994279934842,0,0,0,0
"540","539",0,0,0.252862323132447,0,0,0.747137676867553,0,0,0,0
"541","540",0.18052250168003,0.00212265472310404,0,0,0.366982587020806,0.450372256576061,0,0,0,0
"542","541",0,0.309628784516742,0,0,0.690371215483258,0,0,0,0,0
"543","542",0,0,0,0,0.822837487246379,0.177162512753621,0,0,0,0
"544","543",0,0.441348171429767,0,0,0,0.558651828570233,0,0,0,0
"545","544",0,1,0,0,0,0,0,0,0,0
"546","545",0,0,0,0,0.577188828765051,0.123219980197075,0.299591191037874,0,0,0
"547","546",0,0.608607628296841,0,0,0,0.391392371703159,0,0,0,0
"548","547",0,0.100855811070937,0,0,0.899144188929063,0,0,0,0,0
"549","548",0.295790807072353,0,0,0.229355551282647,0,0.474853641645,0,0,0,0
"550","549",0,0.447315089700355,0,0,0,0.552684910299646,0,0,0,0
"551","550",0.00775519337492396,0,0,0.289436604758875,0,0.702808201866201,0,0,0,0
"552","551",0,0.544173444598388,0,0,0,0.455826555401612,0,0,0,0
"553","552",0,0.339808051881823,0,0,0,0.347464742047623,0,0.312727206070554,0,0
"554","553",0,0.32228173169316,0.28177007359086,0,0,0.39594819471598,0,0,0,0
"555","554",0,0,0.550537780411558,0,0,0.449462219588442,0,0,0,0
"556","555",0,0.109137319346951,0,0,0.890862680653049,0,0,0,0,0
"557","556",0,0,0,0.506145438024285,0,0.138292487956938,0.181917697957576,0.1736443760612,0,0
"558","557",0.0859171593514786,0,0,0,0.806491023832118,0.107591816816404,0,0,0,0
"559","558",0,0.274554545880965,0,0,0.482287204470845,0.243158249648191,0,0,0,0
"560","559",0,0,0,0,1,0,0,0,0,0
"561","560",0,0.622026448768657,0,0,0,0.377973551231343,0,0,0,0
"562","561",0,0.566371566967159,0,0,0,0.433628433032841,0,0,0,0
"563","562",0.248636508857249,0.446051900145177,0,0,0,0.305311590997575,0,0,0,0
"564","563",0,0.635728201623833,0,0,0,0.364271798376167,0,0,0,0
"565","564",0.26546665982827,0,0,0,0.73453334017173,0,0,0,0,0
"566","565",0.203680393034622,0,0,0,0.559308178153109,0,0.237011428812269,0,0,0
"567","566",0,0.0801728394955177,0,0,0.511813920552034,0.408013239952448,0,0,0,0
"568","567",0,0.799033563813329,0,0,0,0.200966436186671,0,0,0,0
"569","568",0,0,0,0.0343827145264315,0.839717016674198,0.125900268799371,0,0,0,0
"570","569",0,0,0,0,1,0,0,0,0,0
"571","570",0,0.363527262647046,0,0.182172065802481,0.454300671550473,0,0,0,0,0
"572","571",0,0.485747218976001,0,0.208775329936608,0,0.305477451087392,0,0,0,0
"573","572",0,0.592347369317306,0,0.213874459441227,0,0,0,0.193778171241467,0,0
"574","573",0,0.124059611140307,0,0,0.596734239833353,0.27920614902634,0,0,0,0
"575","574",0.158503148912376,0.401074087023323,0,0.248272190576358,0,0.192150573487943,0,0,0,0
"576","575",0.537436820613552,0.063717172134399,0,0.398846007252049,0,0,0,0,0,0
"577","576",0,0,0,0,0.475002785372229,0.524997214627771,0,0,0,0
"578","577",0,0,0,0,0.547087605554749,0.290857049056122,0,0.162055345389129,0,0
"579","578",0,0.372715134560346,0,0,0,0.627284865439654,0,0,0,0
"580","579",0,0.354306169282424,0.0781339243116029,0,0,0,0.567559906405973,0,0,0
"581","580",0,0.108581654855606,0,0,0.630941553326637,0.260476791817757,0,0,0,0
"582","581",0,0.47407526126014,0.174569257299512,0,0,0.147265017318583,0.204090464121765,0,0,0
"583","582",0,0.219755963262015,0,0,0,0.348243285047712,0.432000751690273,0,0,0
"584","583",0,0.34328919066844,0,0.65671080933156,0,0,0,0,0,0
"585","584",0,0.642413666357887,0,0,0,0,0.357586333642113,0,0,0
"586","585",0,0,0,0.0867346929197863,0.640493612878429,0.272771694201784,0,0,0,0
"587","586",0,0,0,0,0.827352762196766,0.172647237803234,0,0,0,0
"588","587",0,0,0,0,0.749526464357828,0.250473535642172,0,0,0,0
"589","588",0.180546039099163,0,0.459797802999232,0,0,0.359656157901605,0,0,0,0
"590","589",0,0,0,0,0.592016117897713,0.218511735826638,0.18947214627565,0,0,0
"591","590",0,0,0,0.146633046770543,0.492352578252903,0.361014374976554,0,0,0,0
"592","591",0.783657859579046,0.216342140420954,0,0,0,0,0,0,0,0
"593","592",0,0.174063447180058,0,0,0,0.485594995561216,0.340341557258726,0,0,0
"594","593",0,0.471525571301567,0,0,0,0,0.126969213355432,0.401505215343001,0,0
"595","594",0,0.000218887838503173,0,0.689554650296477,0,0.31022646186502,0,0,0,0
"596","595",0,0.691425858460999,0,0.308574141539001,0,0,0,0,0,0
"597","596",0.128913038123479,0,0,0.395517492830616,0,0.222732303534415,0.252837165511489,0,0,0
"598","597",0.41905041815576,0,0,0,0,0,0.201053613327251,0.379895968516989,0,0
"599","598",0,0,0,0.504904283881852,0,0.342231030327376,0,0.152864685790772,0,0
"600","599",0,0.173021123887992,0.312594289756364,0,0,0.514384586355644,0,0,0,0
"601","600",0,0,0,0.27328919538009,0,0.72671080461991,0,0,0,0
"602","601",0.169061702870435,0,0,0,0.567830136443078,0.263108160686487,0,0,0,0
"603","602",0,0,0,0,1,0,0,0,0,0
"604","603",0.289588045335417,0.247764311047686,0,0,0,0.462647643616897,0,0,0,0
"605","604",0,0.465796783718107,0,0,0,0.381562004269761,0.152641212012132,0,0,0
"606","605",0,0.552549133155684,0,0,0,0.447450866844316,0,0,0,0
"607","606",0,0,0,0.20097572780742,0.472728475411006,0.326295796781575,0,0,0,0
"608","607",0,0.145561062644303,0,0.118233870026083,0,0,0.736205067329613,0,0,0
"609","608",0,0.173652573701285,0,0.0670596221267487,0.759287804171967,0,0,0,0,0
"610","609",0.283691300138393,0,0,0,0.716308699861607,0,0,0,0,0
"611","610",0,0.243914501798856,0.196028391111754,0.212101687520006,0,0.347955419569384,0,0,0,0
"612","611",0,0.494671079587558,0,0,0,0.505328920412442,0,0,0,0
"613","612",0.143229940688899,0,0,0,0.550013649266083,0.306756410045018,0,0,0,0
"614","613",0,0.503682684077379,0.072150290847733,0,0,0,0.424167025074888,0,0,0
"615","614",0.127391534678882,0.412466922677071,0,0,0,0.460141542644047,0,0,0,0
"616","615",0.203775152825275,0.796224847174725,0,0,0,0,0,0,0,0
"617","616",0,0.198956759303285,0,0,0.370900765446271,0.430142475250444,0,0,0,0
"618","617",0,1.9268060559862e-19,0,0.28987163865613,0,0.71012836134387,0,0,0,0
"619","618",0,0.32602575971918,0.197934423689948,0.19645458228068,0,0.279585234310192,0,0,0,0
"620","619",0,0.0361411650169953,0,0,0,0.629252905618405,0.3346059293646,0,0,0
"621","620",0.160461171317227,0,0.235447514726869,0,0.431078807416944,0.17301250653896,0,0,0,0
"622","621",0,0.804330606731981,0,0,0,0,0,0.195669393268019,0,0
"623","622",0,1,0,0,0,0,0,0,0,0
"624","623",0.135483202008996,0,0,0.492699274762867,0,0.371817523228136,0,0,0,0
"625","624",0,0.476806735321751,0,0,0,0.523193264678249,0,0,0,0
"626","625",0.374898653348735,0.499215808941974,0,0,0,0.125885537709291,0,0,0,0
"627","626",0,0.378151647389247,0,0.357771108718661,0,0.264077243892092,0,0,0,0
"628","627",0,0.637448569303672,0,0,0,0.362551430696328,0,0,0,0
"629","628",0,0.353515592525683,0,0.142888149968565,0.304781728343926,0.198814529161826,0,0,0,0
"630","629",0.220726697538678,0,0,0,0.345821923508019,0.433451378953303,0,0,0,0
"631","630",0,0,0,0,0.641418539119126,0.151308630808937,0.207272830071937,0,0,0
"632","631",0.305850715928669,0.486910813227995,0,0,0,0.207238470843336,0,0,0,0
"633","632",0.365871329172424,0.231054373821776,0,0,0,0.4030742970058,0,0,0,0
"634","633",0,0.00181752783369473,0,0,0,0.722370006840636,0.27581246532567,0,0,0
"635","634",0,0.785158821740296,0,0,0,0,0.214841178259704,0,0,0
"636","635",0.230933587292294,0.540357377077517,0,0,0,0,0,0.22870903563019,0,0
"637","636",0,0.559047850205741,0,0.201090020007279,0,0.23986212978698,0,0,0,0
"638","637",0,0,0,0,0.774875946732147,0.225124053267853,0,0,0,0
"639","638",0,0.105340723170502,0,0,0.894659276829498,0,0,0,0,0
"640","639",0,0,0,0,0.61706522562755,0,0.38293477437245,0,0,0
"641","640",0,0.628043615178894,0,0,0,0.371956384821106,0,0,0,0
"642","641",0.167481748639752,0.577499768510734,0,0,0,0.255018482849514,0,0,0,0
"643","642",0,0.663636152214898,0,0,0,0.336363847785102,0,0,0,0
"644","643",0,0.0087964297401242,0,0,0,0.699520429758643,0.291683140501233,0,0,0
"645","644",0,0.271731052970249,0,0,0.62367997608773,0.104588970942021,0,0,0,0
"646","645",0.548467880870253,0.451532119129747,0,0,0,0,0,0,0,0
"647","646",0,0.322914562707833,0,0.226258024491671,0.164669770084776,0.28615764271572,0,0,0,0
"648","647",0,0.33943292130427,0.153188366143401,0,0,0.384049296995682,0,0.123329415556647,0,0
"649","648",0.217439093890295,0,0,0.535115234878258,0,0.247445671231447,0,0,0,0
"650","649",0,0,0,0,0,0.862221215515215,0.137778784484785,0,0,0
"651","650",0.319446032862276,0,0,0,0,0.680553967137724,0,0,0,0
"652","651",0,0.564593740856841,0,0,0.309364984897265,0,0.126041274245894,0,0,0
"653","652",0,0,0,0,0.807584955290635,0,0,0,0.192415044709365,0
"654","653",0.119658025109096,0.168631012490024,0,0,0.421214906929334,0.290496055471546,0,0,0,0
"655","654",0,0.231864726034276,0,0.174742452137276,0,0.235579577812626,0,0.165202241520287,0.192611002495535,0
"656","655",0,0.68181576434719,0,0,0,0.31818423565281,0,0,0,0
"657","656",0,0.616654657136802,0,0,0,0.383345342863198,0,0,0,0
"658","657",0,0,0,0.220020507870572,0.157182500408081,0.622796991721347,0,0,0,0
"659","658",0,0.496053061275672,0,0,0,0.503946938724328,0,0,0,0
"660","659",0,0,0.281713494330416,0,0,0.718286505669584,0,0,0,0
"661","660",0.254927697876676,0.332098945570947,0,0,0,0.412973356552377,0,0,0,0
"662","661",0,0.696703287071629,0,0,0,0,0,0.303296712928371,0,0
"663","662",0,0.55898770284646,0,0,0.221322143928199,0,0.219690153225341,0,0,0
"664","663",0,0.565755259013506,0,0,0,0.299484772302831,0.134759968683664,0,0,0
"665","664",0,0.516689757680206,0,0.483310242319794,0,0,0,0,0,0
"666","665",0,0.251087635242809,0,0,0.748912364757191,0,0,0,0,0
"667","666",0,0.447081238670497,0,0,0,0.552918761329503,0,0,0,0
"668","667",0,0,0,0.349284376310292,0.395058162601052,0.255657461088656,0,0,0,0
"669","668",0.340368338167805,0.322438105371071,0,0,0,0.337193556461124,0,0,0,0
"670","669",0,0.110280011763207,0,0.144533123204626,0,0.745186865032167,0,0,0,0
"671","670",0.2084799589545,0,0,0,0.568846656936312,0.222673384109188,0,0,0,0
"672","671",0,0,0,0.342019880776794,0.230167155910922,0.427812963312283,0,0,0,0
"673","672",0,0.230077741753758,0,0,0,0.228042249575849,0.541880008670393,0,0,0
"674","673",0,0.584311070630034,0,0,0,0.415688929369966,0,0,0,0
"675","674",0,0,0,0,0.501439828418478,0.316159639323706,0,0.182400532257816,0,0
"676","675",0,0.263079275301137,0,0,0,0.736920724698863,0,0,0,0
"677","676",0,0.251980183331869,0,0.243727681989356,0,0.504292134678775,0,0,0,0
"678","677",0,0,0,0,0.677745107466448,0,0,0.322254892533552,0,0
"679","678",0,0.0689515467441327,0,0.434252662647991,0,0.245292445987613,0.251503344620264,0,0,0
"680","679",0,0.421816927215026,0.215020218475803,0,0,0.363162854309172,0,0,0,0
"681","680",0,0.265229066755995,0,0,0,0.215397747046424,0.51937318619758,0,0,0
"682","681",0.394993453396963,0.161207286816305,0,0,0,0.443799259786733,0,0,0,0
"683","682",0,0.49022138752136,0,0,0,0.27210939627138,0,0.23766921620726,0,0
"684","683",0.423895070910031,0.0645154885116279,0,0,0,0.36400896521043,0.147580475367912,0,0,0
"685","684",0,0.390226775144259,0,0,0,0.609773224855741,0,0,0,0
"686","685",0,0.351663139526762,0,0,0,0.254925810112269,0.39341105036097,0,0,0
"687","686",0,0.354695600415948,0,0,0,0.645304399584052,0,0,0,0
"688","687",0,0.39920094284072,0,0.146892715421181,0.205140800500734,0.248765541237365,0,0,0,0
"689","688",0,0,0,0,1,0,0,0,0,0
"690","689",0,0.0528630306912389,0,0,0.947136969308761,0,0,0,0,0
"691","690",0,0.221766712461861,0,0.336894524054764,0.189651479865701,0.251687283617674,0,0,0,0
"692","691",0,0.415784496422337,0,0,0,0.256050524320168,0.328164979257495,0,0,0
"693","692",0,0.446132489711623,0,0.294891182900839,0,0.258976327387537,0,0,0,0
"694","693",0,0,0,0,0,1,0,0,0,0
"695","694",0,0.486403349275966,0,0,0,0.173533250910263,0.34006339981377,0,0,0
"696","695",0,0.176093028418701,0,0.291833955875052,0.325855320752082,0.206217694954165,0,0,0,0
"697","696",0,0,0,0.299512199380702,0.700487800619298,0,0,0,0,0
"698","697",0,0,0,0,0.642624647691059,0.357375352308941,0,0,0,0
"699","698",0,0,0,0,0.888737631676265,0.111262368323735,0,0,0,0
"700","699",0,0.40768742827899,0,0.357995014150431,0,0.23431755757058,0,0,0,0
"701","700",0,0.101463362258926,0,0,0,0.400978389273373,0.497558248467701,0,0,0
"702","701",0,0.62823288905845,0,0,0,0.37176711094155,0,0,0,0
"703","702",0,0.503476722930962,0,0,0,0.496523277069038,0,0,0,0
"704","703",0.678660788569608,0,0.159069960178362,0,0,0.162269251252029,0,0,0,0
"705","704",0,0,0,0,0.816735163437919,0.183264836562081,0,0,0,0
"706","705",0,0,0,0.321239268215095,0,0,0.426647788379644,0.252112943405261,0,0
"707","706",0,0,0.191463391587567,0,0.808536608412433,0,0,0,0,0
"708","707",0,0,0,0,0.857480170121571,0.142519829878429,0,0,0,0
"709","708",0,0.622645212566705,0,0,0,0.377354787433295,0,0,0,0
"710","709",0,0.565537602660352,0,0,0,0.162427175006766,0,0.272035222332882,0,0
"711","710",0,0.368097466825454,0.289321509429728,0.223876575652095,0,0.118704448092722,0,0,0,0
"712","711",0.283512069716101,0.114560094836355,0,0.122647623015565,0.47928021243198,0,0,0,0,0
"713","712",0,0.456424672445067,0,0.120069380239033,0,0.4235059473159,0,0,0,0
"714","713",0.267178882031859,0.239291908552918,0,0,0,0.493529209415223,0,0,0,0
"715","714",0,0,0,0,0.819744059234254,0.180255940765746,0,0,0,0
"716","715",0,0.249732017065838,0.220077218138227,0.185705556843981,0,0,0.344485207951955,0,0,0
"717","716",0,0.0901720978626287,0,0.431457378258263,0,0.478370523879109,0,0,0,0
"718","717",0,0.0511350659668265,0,0.292108328930428,0,0.656756605102746,0,0,0,0
"719","718",0,0.356274584955594,0,0,0.224836010585418,0,0.418889404458989,0,0,0
"720","719",0,0,0,0.176130141770212,0.270506703209086,0.328582667784246,0,0.224780487236456,0,0
"721","720",0,0.340479615548362,0,0.21247878242237,0,0.281930973571524,0.165110628457745,0,0,0
"722","721",0,0.608990001316446,0,0.279943484983852,0,0,0,0.111066513699702,0,0
"723","722",0,0.191202013073794,0.165542813539735,0,0,0.643255173386472,0,0,0,0
"724","723",0,0,0.341659187822673,0.16048516253395,0.307066127451878,0.190789522191499,0,0,0,0
"725","724",0,0,0,0.131443659938304,0,0.276314146859245,0.592242193202451,0,0,0
"726","725",0,0,0,0,0.758686050797921,0.241313949202079,0,0,0,0
"727","726",0,0.0572849763372215,0,0,0,0.572224366861335,0.370490656801444,0,0,0
"728","727",0,0.0494941163191791,0,0,0.57915331624356,0.371352567437261,0,0,0,0
"729","728",0,0.47684753161746,0,0.359804965105622,0,0.163347503276918,0,0,0,0
"730","729",0,0.397958293543278,0,0,0.248061942483271,0.353979763973451,0,0,0,0
"731","730",0,0.142931088720563,0,0.124718136445353,0.544584219086071,0.187766555748013,0,0,0,0
"732","731",0,0.0170637927186411,0,0,0.982936207281359,0,0,0,0,0
"733","732",0.182167893320409,0.0494948658996183,0,0.210102168390552,0,0.558235072389421,0,0,0,0
"734","733",0,0.571704953808177,0,0.108748750998852,0,0.319546295192971,0,0,0,0
"735","734",0,0.636645986499953,0,0,0,0.363354013500047,0,0,0,0
"736","735",0,0.353396576107601,0,0.233899608670595,0,0.412703815221804,0,0,0,0
"737","736",0,0.266630546165115,0,0,0.733369453834885,0,0,0,0,0
"738","737",0.50883450454267,0,0,0,0.49116549545733,0,0,0,0,0
"739","738",0,0.0884244294480219,0,0,0.744397420492644,0.167178150059334,0,0,0,0
"740","739",0,0.640853348730143,0,0,0,0,0.359146651269857,0,0,0
"741","740",0,0.433459600934064,0,0,0.341035198813733,0.225505200252203,0,0,0,0
"742","741",0.13280820112626,0.486908047037575,0,0,0,0.380283751836164,0,0,0,0
"743","742",0,0,0.278968064325772,0,0,0.721031935674228,0,0,0,0
"744","743",0.266857082230806,0,0,0.1648838172898,0.410678280736218,0,0,0.157580819743176,0,0
"745","744",0,0.255552087037024,0,0,0,0.29721395337837,0.447233959584606,0,0,0
"746","745",0,0.851777415306718,0,0,0,0.148222584693282,0,0,0,0
"747","746",0,0.777637265758225,0,0,0,0.222362734241776,0,0,0,0
"748","747",0,0.0439060160263662,0,0,0,0.395218534941077,0.560875449032557,0,0,0
"749","748",0,0.209985347953602,0,0.365849075758587,0,0.424165576287812,0,0,0,0
"750","749",0.212718771170878,0,0,0.364552113179875,0,0.422729115649246,0,0,0,0
"751","750",0,0.0856195476626718,0,0.310914471062921,0,0.580655574618259,0,0,0.0228104066561486,0
"752","751",0,0.283508720239197,0,0,0,0.627611638593519,0,0.0888796411672839,0,0
"753","752",0,0.178497649179848,0,0,0.466842349560243,0.354660001259909,0,0,0,0
"754","753",0,0,0,0.651756854737878,0,0.348243145262122,0,0,0,0
"755","754",0,0.494636150690502,0,0,0,0.505363849309498,0,0,0,0
"756","755",0,0,0,0.13078164731586,0.481658109815209,0.387560242868931,0,0,0,0
"757","756",0.132494764423416,0,0,0,0.76844014428922,0.0990650912873638,0,0,0,0
"758","757",0.14554817755335,0.533863232933232,0,0,0,0.320588589513418,0,0,0,0
"759","758",0,0.415324644366658,0,0,0,0.584675355633342,0,0,0,0
"760","759",0,0.102033371963026,0,0,0.897966628036974,0,0,0,0,0
"761","760",0,0,0,0.411384665618837,0.341111550427434,0.247503783953729,0,0,0,0
"762","761",0,0.31672291137969,0,0,0,0.68327708862031,0,0,0,0
"763","762",0,0.0862235533652359,0.169499679557666,0,0.441821673606706,0.302455093470393,0,0,0,0
"764","763",0,0.71437218389068,0,0,0,0.28562781610932,0,0,0,0
"765","764",0,1,0,0,0,0,0,0,0,0
"766","765",0,0.125542568732047,0,0.093900895070246,0.780556536197707,0,0,0,0,0
"767","766",0,0.360840011317781,0,0,0,0.430531517489964,0,0.208628471192255,0,0
"768","767",0,0.324402799265412,0,0.429685263737139,0,0.245911936997449,0,0,0,0
"769","768",0,0.493887716665173,0,0,0,0.506112283334826,0,0,0,0
"770","769",0,0.0552971519575194,0,0,0.739793716818878,0.204909131223603,0,0,0,0
"771","770",0,0.639319723079122,0,0,0,0.360680276920878,0,0,0,0
"772","771",0,0.508662526786677,0,0,0,0.491337473213323,0,0,0,0
"773","772",0,0.0807628589702391,0,0.0938274908287238,0.825409650201037,0,0,0,0,0
"774","773",0,1,0,0,0,0,0,0,0,0
"775","774",0,0.764692745011906,0,0.235307254988094,0,0,0,0,0,0
"776","775",0.173266998024369,0.685967548695431,0,0,0,0.1407654532802,0,0,0,0
"777","776",0,1,0,0,0,0,0,0,0,0
"778","777",0,0.357134531072,0,0,0.432904783253174,0.209960685674826,0,0,0,0
"779","778",0,0.721659258414699,0,0,0,0,0.278340741585301,0,0,0
"780","779",0,0.711570066818897,0,0,0,0.288429933181103,0,0,0,0
"781","780",0,0.641896155864274,0,0,0,0.358103844135726,0,0,0,0
"782","781",0.586646341685043,0.0803262690574865,0,0.33302738925747,0,0,0,0,0,0
"783","782",0,0.179117229231935,0,0.089571403072452,0.731311367695613,0,0,0,0,0
"784","783",0.22440798470212,0,0,0,0.363302862137218,0.412289153160663,0,0,0,0
"785","784",0,0.0936967743774348,0,0,0.50186132639295,0.404441899229616,0,0,0,0
"786","785",0,0.120214107935519,0,0,0.558704067490341,0,0.32108182457414,0,0,0
"787","786",0.339058215746772,0.181008319594564,0,0,0,0.204595822968527,0.275337641690136,0,0,0
"788","787",0.237816679014671,0,0,0,0.600955606469951,0,0,0.161227714515378,0,0
"789","788",0,0,0,0,0.661491762439065,0,0.338508237560935,0,0,0
"790","789",0,0,0,0,0.850453136719469,0.149546863280531,0,0,0,0
"791","790",0,0.256610344894056,0.236096981479453,0,0.507292673626491,0,0,0,0,0
"792","791",0,0,0,0,0.554902979566941,0.445097020433059,0,0,0,0
"793","792",0,0.181952635667956,0,0,0.66483017830985,0.153217186022194,0,0,0,0
"794","793",0,0.11650582185314,0.411987860137331,0,0,0.471506318009529,0,0,0,0
"795","794",0,0.138333921379931,0,0,0.623901895924815,0.237764182695254,0,0,0,0
"796","795",0.374441007637441,0.625558992362559,0,0,0,0,0,0,0,0
"797","796",0.559675174394367,0,0,0,0,0.142160466479609,0.298164359126024,0,0,0
"798","797",0.601478916248841,0,0,0,0,0.398521083751159,0,0,0,0
"799","798",0.531944375404076,0.00443923342888835,0,0,0,0.463616391167035,0,0,0,0
"800","799",0.107166540463589,0,0.134964122870972,0,0,0.757869336665439,0,0,0,0
"801","800",0.26274945451961,0.378591630645166,0,0,0,0.358658914835223,0,0,0,0
"802","801",0,0.335028764084564,0,0,0.474205513437654,0.190765722477782,0,0,0,0
"803","802",0,0.129073417380266,0.47080346223352,0,0,0.400123120386213,0,0,0,0
"804","803",0,0,0,0,0.651641524840856,0.348358475159144,0,0,0,0
"805","804",0.268606038337268,0.134690507643305,0,0.257482871074206,0.339220582945221,0,0,0,0,0
"806","805",0.144607718693453,0.293387508242615,0,0,0,0.428826803032839,0,0.133177970031094,0,0
"807","806",0,0.405835226282629,0,0.594164773717371,0,0,0,0,0,0
"808","807",0,0,0,0,0.812180678343516,0.187819321656484,0,0,0,0
"809","808",0,0,0.435537828493134,0.365628238772596,0,0.19883393273427,0,0,0,0
"810","809",0,0.270652089642633,0.29183427800971,0,0,0.437513632347657,0,0,0,0
"811","810",0,0,0,0,0.316799992105919,0.683200007894081,0,0,0,0
"812","811",0,0.150685366361358,0,0,0,0.849314633638642,0,0,0,0
"813","812",0,0.533201132775894,0,0,0,0,0.466798867224106,0,0,0
"814","813",0,0.387593081207255,0.148333319363622,0,0,0.464073599429123,0,0,0,0
"815","814",0.554500686675292,0,0,0.241863480161302,0,0.203635833163406,0,0,0,0
"816","815",0,0.342978476462299,0,0,0,0.657021523537701,0,0,0,0
"817","816",0,0.592793290033581,0,0,0,0.407206709966419,0,0,0,0
"818","817",0,0,0,0,0.487271333342967,0.284339095019393,0,0,0,0.22838957163764
"819","818",0,0,0,0,0.758187881839053,0.241812118160947,0,0,0,0
"820","819",0,0.671583851743909,0,0,0,0.328416148256091,0,0,0,0
"821","820",0,0.458275450998084,0,0,0,0.290328785215074,0.251395763786842,0,0,0
"822","821",0.37744040195333,0,0,0.14841254783339,0,0.47414705021328,0,0,0,0
"823","822",0,0.303805189725319,0,0,0.523657814421998,0.172536995852684,0,0,0,0
"824","823",0,0.118157789771982,0.881842210228018,0,0,0,0,0,0,0
"825","824",0.199868726982293,0.09978477233569,0,0,0.554575031013449,0.145771469668568,0,0,0,0
"826","825",0,0,0,0.543211533332404,0,0.456788466667596,0,0,0,0
"827","826",0.739418423568779,0,0.128810955503601,0,0,0,0.131770620927619,0,0,0
"828","827",0,0.146429281341964,0,0,0.853570718658036,0,0,0,0,0
"829","828",0,0.427730386941465,0,0,0.446243949197749,0.126025663860785,0,0,0,0
"830","829",0,0,0,0,0,0.753554739413445,0,0,0.246445260586555,0
"831","830",0,0.000234252340278051,0,0,0,0.420604710881519,0.351157104892783,0.22800393188542,0,0
"832","831",0,0,0,0.466409642653749,0,0.533590357346251,0,0,0,0
"833","832",0,0.705222622893814,0,0,0,0.294777377106187,0,0,0,0
"834","833",0.40822613052326,0.441091513276008,0,0,0,0.150682356200731,0,0,0,0
"835","834",0,0.338723731449957,0,0,0,0.661276268550043,0,0,0,0
"836","835",0,0,0,0.550119316148243,0,0.449880683851757,0,0,0,0
"837","836",0,0.302285106275639,0.136915113527147,0.123373844725224,0,0.437425935471991,0,0,0,0
"838","837",0,0.580015590029419,0,0,0.276027842091679,0.143956567878902,0,0,0,0
"839","838",0.405350190507795,0.311553387716472,0,0.283096421775734,0,0,0,0,0,0
"840","839",0,0.515643368914283,0,0,0,0.484356631085717,0,0,0,0
"841","840",0,0.336569645428119,0,0,0.499341215548711,0.164089139023169,0,0,0,0
"842","841",0,0,0,0.0875476718845872,0.262500458911267,0,0.649951869204146,0,0,0
"843","842",0,0.258555495429269,0,0.440658681825948,0,0,0.192423784066435,0.108362038678348,0,0
"844","843",0,0,0,0,1,0,0,0,0,0
"845","844",0.248998884582598,0,0,0,0.751001115417402,0,0,0,0,0
"846","845",0,0.487590003392524,0,0,0,0.512409996607476,0,0,0,0
"847","846",0.267496977634804,0.30985596824564,0,0,0,0.422647054119556,0,0,0,0
"848","847",0.245021176275676,0,0,0,0.526911266959098,0,0.228067556765226,0,0,0
"849","848",0,0,0,0,0,0.708270254400351,0.291729745599649,0,0,0
"850","849",0,0.185572608285044,0.26035608653341,0.174366304994177,0,0.379705000187369,0,0,0,0
"851","850",0,0.519250531314968,0,0,0,0.480749468685032,0,0,0,0
"852","851",0,0.257740308131639,0,0,0,0.651937562399838,0,0.0903221294685229,0,0
"853","852",0,0.204955151798338,0.15007756936016,0.144175104622157,0.217234347280112,0.283557826939233,0,0,0,0
"854","853",0.291886528560863,0.30930959997475,0,0,0,0.398803871464387,0,0,0,0
"855","854",0,0.211549897451084,0,0,0,0.279093257293376,0.50935684525554,0,0,0
"856","855",0,0.724523713441516,0,0,0,0.275476286558484,0,0,0,0
"857","856",0,0.517049639368805,0,0.114786809223231,0,0.368163551407963,0,0,0,0
"858","857",0,0,0.330034655602003,0.384390078269775,0,0.285575266128222,0,0,0,0
"859","858",0,0.317578886332242,0,0.329546496288099,0,0.352874617379659,0,0,0,0
"860","859",0.582295887726468,1.00914704283332e-19,0,0.417704112273532,0,0,0,0,0,0
"861","860",0,0,0,0.406184542284502,0,0.593815457715498,0,0,0,0
"862","861",0,0.043281738901292,0,0.184612147648841,0.276766607221461,0.495339506228406,0,0,0,0
"863","862",0,0.773019528239831,0,0,0,0.226980471760169,0,0,0,0
"864","863",0,0.0532828771512098,0,0,0.94671712284879,0,0,0,0,0
"865","864",0.629153742164229,0.185867069720815,0,0,0,0,0.184979188114956,0,0,0
"866","865",0,0.610931748046411,0,0.389068251953589,0,0,0,0,0,0
"867","866",0,0.530320128103132,0,0,0.469679871896867,0,0,0,0,0
"868","867",0,0,0.235501554282652,0.314142402119452,0,0.450356043597895,0,0,0,0
"869","868",0.189312222163574,0.686017264908407,0,0,0,0,0,0.124670512928018,0,0
"870","869",0,0.449069033343283,0,0,0,0.550930966656717,0,0,0,0
"871","870",0,0,0,0.573115316217388,0.426884683782612,0,0,0,0,0
"872","871",0,0.361942464907789,0,0,0.402408663291759,0.235648871800452,0,0,0,0
"873","872",0,0.662474294494272,0,0,0,0.337525705505728,0,0,0,0
"874","873",0,0.648812905621064,0,0,0,0.351187094378936,0,0,0,0
"875","874",0,0.165314130527913,0,0,0.324979867511952,0.23952274233955,0.270183259620584,0,0,0
"876","875",0,0.344081663559416,0,0.138853787889587,0,0.517064548550997,0,0,0,0
"877","876",0,0.149030187218482,0,0.375034901054841,0,0.475934911726677,0,0,0,0
"878","877",0,0,0,0,0,0.555745406128073,0,0.444254593871927,0,0
"879","878",0,0,0.238752539402239,0,0.761247460597761,0,0,0,0,0
"880","879",0,0.00352493482044811,0,0,0.66110430759835,0.335370757581202,0,0,0,0
"881","880",0,0.091523317399234,0,0,0.508303311856337,0.400173370744429,0,0,0,0
"882","881",0,0,0,0.553078538379878,0,0.446921461620122,0,0,0,0
"883","882",0,0.577349447748779,0,0.225648355486973,0,0.197002196764247,0,0,0,0
"884","883",0,0.804386282638355,0,0,0,0,0,0.195613717361645,0,0
"885","884",0.255594257644776,0,0,0,0.558049207837183,0.186356534518041,0,0,0,0
"886","885",0,0.208649646563396,0,0,0.791350353436605,0,0,0,0,0
"887","886",0,0,0,0,0.859550304676199,0,0.140449695323801,0,0,0
"888","887",0,0,0,0,0.655478872305709,0,0.344521127694291,0,0,0
"889","888",0,0,0,0,0.684570317203905,0.315429682796095,0,0,0,0
"890","889",0,0,0,0,0.293725869925406,0.706274130074594,0,0,0,0
"891","890",0,0.701723542646009,0,0,0,0.298276457353991,0,0,0,0
"892","891",0.429457720562473,0.000961793989208812,0,0,0,0.228108358723625,0.341472126724693,0,0,0
"893","892",0,0,0,0.249970192675533,0,0.750029807324467,0,0,0,0
"894","893",0,0.23035401796407,0,0,0.348663291731693,0.420982690304237,0,0,0,0
"895","894",0,0.542319563050748,0,0,0,0.457680436949252,0,0,0,0
"896","895",0.358762947992199,0,0.281816031232263,0.359421020775538,0,0,0,0,0,0
"897","896",0,0.335375220529855,0,0,0.594631193298337,0.0699935861718074,0,0,0,0
"898","897",0,0,0,0,0.780250479279538,0.219749520720462,0,0,0,0
"899","898",0,0.0448231386665573,0,0.187954394393538,0,0.286880752595382,0.480341714344522,0,0,0
"900","899",0,0.38937101514779,0,0.226664858700053,0,0.383964126152157,0,0,0,0
"901","900",0,0,0,0,0.900704802390484,0.0992951976095158,0,0,0,0
"902","901",0,0,0.286703002761582,0,0.412548751802982,0.300748245435436,0,0,0,0
"903","902",0,0.186553087778632,0,0,0.443681017138719,0.369765895082649,0,0,0,0
"904","903",0,1,0,0,0,0,0,0,0,0
"905","904",0,0.00806107256979575,0,0.117703197840609,0.502223042505976,0.37201268708362,0,0,0,0
"906","905",0.193666629906762,0,0,0,0.699504885841829,0.106828484251409,0,0,0,0
"907","906",0.48678180225088,0,0,0.222315631533588,0,0,0.290902566215532,0,0,0
"908","907",0,0,0,0,0.846331533372813,0,0.153668466627187,0,0,0
"909","908",0,0.431021749821404,0,0,0.38794138735484,0.181036862823757,0,0,0,0
"910","909",0,0.105151559374135,0,0.141238535214364,0.576984889743579,0.176625015667922,0,0,0,0
"911","910",0,0,0,0,0.624554322199397,0.375445677800603,0,0,0,0
"912","911",0,0,0,0.202484585191913,0.14073922686936,0.49376801141573,0,0.163008176522997,0,0
"913","912",0.565487654545186,0.284153059980079,0.150359285474736,0,0,0,0,0,0,0
"914","913",0,0.0779736549764608,0,0,0.310198652870799,0.61182769215274,0,0,0,0
"915","914",0,0.0930538942567548,0,0.0746228365187098,0.832323269224535,0,0,0,0,0
"916","915",0.4034415155788,0.118660857729582,0,0.134104437377944,0,0,0.343793189313674,0,0,0
"917","916",0,0,0,0,0.465452170130884,0.355440360019182,0,0.179107469849934,0,0
"918","917",0.243772340879098,0,0,0.393440142419435,0,0.362787516701467,0,0,0,0
"919","918",0,0,0,0.127036676117127,0.353634002051423,0.51932932183145,0,0,0,0
"920","919",0,0,0,0,0.710438962861501,0.289561037138499,0,0,0,0
"921","920",0.0831548724779056,0.23488397628444,0,0.483479567564152,0,0.198481583673502,0,0,0,0
"922","921",0,0.490332708983052,0,0,0,0.509667291016948,0,0,0,0
"923","922",0,0,0,0,0.165519608440917,0.620786035894459,0,0.213694355664625,0,0
"924","923",0,0,0,0,0.85258043914997,0.14741956085003,0,0,0,0
"925","924",0,0.594582412873527,0,0.285997145539692,0,0.119420441586781,0,0,0,0
"926","925",0.401809542002955,0.141303691904044,0,0,0.280537654445786,0,0.176349111647215,0,0,0
"927","926",0,0.219000801816372,0,0,0.500532902423664,0.280466295759963,0,0,0,0
"928","927",0,0.15778375565505,0,0,0.632239642040165,0.209976602304785,0,0,0,0
"929","928",0.234350484302822,0.0963626299664089,0,0,0.504251109653131,0.165035776077638,0,0,0,0
"930","929",0,0.456127009901955,0,0,0.345491073472258,0.198381916625786,0,0,0,0
"931","930",0,0,0,0.478006203154391,0,0.300369246167893,0,0.221624550677716,0,0
"932","931",0,0,0,0,0.674537917368146,0.190012218057875,0,0.135449864573979,0,0
"933","932",0.156559156166623,0,0,0.480124235863316,0,0.363316607970061,0,0,0,0
"934","933",0,0.579887712830518,0,0,0,0.420112287169482,0,0,0,0
"935","934",0,0,0,0,0,0.505475010606687,0.494524989393313,0,0,0
"936","935",0,0.0627919983163807,0,0,0.64197604143624,0.295231960247379,0,0,0,0
"937","936",0,0.695694904857015,0,0,0,0.304305095142985,0,0,0,0
"938","937",0,0.310593278945983,0,0,0,0.689406721054017,0,0,0,0
"939","938",0,0.622935758902258,0,0,0,0.377064241097742,0,0,0,0
"940","939",0,0.0448579686938971,0,0,0.955142031306103,0,0,0,0,0
"941","940",0,0.284648229889247,0.225907281288468,0,0,0.489444488822285,0,0,0,0
"942","941",0.354314890798072,0.27638834029855,0,0,0,0.369296768903379,0,0,0,0
"943","942",0,0.14671848091673,0,0.631054797821951,0,0.22222672126132,0,0,0,0
"944","943",0.686366774691916,0,0,0.313633225308084,0,0,0,0,0,0
"945","944",0.236630315693167,0,0.380379829975101,0,0,0.382989854331732,0,0,0,0
"946","945",0.083546667796042,0.1101829819924,0,0,0.806270350211558,0,0,0,0,0
"947","946",0,0.334249214887068,0,0,0,0.665750785112932,0,0,0,0
"948","947",0,0.329100138677549,0,0,0,0.155372848436415,0.515527012886036,0,0,0
"949","948",0,0.715402631381106,0,0,0,0.284597368618894,0,0,0,0
"950","949",0,0,0.199485048540585,0,0,0.462131458130178,0,0.338383493329236,0,0
"951","950",0,0.417538149788802,0,0.224752456659719,0.203214361232867,0.154495032318611,0,0,0,0
"952","951",0,0,0,0,0,0.696665015611101,0.120598869797708,0.182736114591191,0,0
"953","952",0,0.36881817135948,0.174705072016395,0,0,0,0.456476756624125,0,0,0
"954","953",0,0,0,0,0.17083822546881,0.608658258390705,0,0.220503516140485,0,0
"955","954",0,0.214149443579284,0,0,0.627140949148435,0.158709607272281,0,0,0,0
"956","955",0,0.393158591895418,0,0,0,0,0.606841408104582,0,0,0
"957","956",0,0,0,0,0.47695198743555,0.52304801256445,0,0,0,0
"958","957",0,1,0,0,0,0,0,0,0,0
"959","958",0,0,0,0,0,1,0,0,0,0
"960","959",0.352998017917512,0,0,0,0,0.647001982082488,0,0,0,0
"961","960",0,0.720611218549186,0,0.110209112393478,0,0.169179669057336,0,0,0,0
"962","961",0.16994487600207,0,0,0,0.597193240260096,0.232861883737835,0,0,0,0
"963","962",0.505307789502802,0,0,0,0.3101815873797,0,0,0.184510623117498,0,0
"964","963",0,0.658702188954806,0,0,0,0.341297811045194,0,0,0,0
"965","964",0,0.474637468811527,0,0,0,0.525362531188473,0,0,0,0
"966","965",0,0.182955375908522,0,0,0.817044624091478,0,0,0,0,0
"967","966",0,0.214153249869927,0,0,0,0.785846750130073,0,0,0,0
"968","967",0,0.331174594420995,0,0,0.247449134393753,0.279737704714933,0.141638566470318,0,0,0
"969","968",0,0.377351039627234,0,0,0,0.328118405312251,0.294530555060515,0,0,0
"970","969",0,0.440462367083854,0,0,0,0,0.559537632916146,0,0,0
"971","970",0,0,0.251740776649551,0,0,0.748259223350449,0,0,0,0
"972","971",0,0,0,0.227042129872289,0,0,0.772957870127711,0,0,0
"973","972",0.297515442129219,0,0,0,0.702484557870781,0,0,0,0,0
"974","973",0,0,0.39869878160933,0,0,0.60130121839067,0,0,0,0
"975","974",0,0.472765680977776,0,0.110793742947357,0.123049066960473,0.293391509114394,0,0,0,0
"976","975",0,0.548854548899665,0,0.255557168936945,0,0.195588282163389,0,0,0,0
"977","976",0,0.00667669723766246,0,0,0,0.923250254613671,0,0.0700730481486662,0,0
"978","977",0,0.462984574909455,0,0.537015425090545,0,0,0,0,0,0
"979","978",0,0.569512874987879,0,0.181981579972009,0,0,0,0.248505545040113,0,0
"980","979",0,0.569083936108768,0,0,0,0.430916063891232,0,0,0,0
"981","980",0.173198427552881,0,0,0,0.610020013732854,0,0,0.216781558714265,0,0
"982","981",0,0.456612449346748,0,0.18268785092274,0,0.360699699730512,0,0,0,0
"983","982",0,0.453907186781709,0.209283353368288,0,0,0.188219712224687,0.148589747625317,0,0,0
"984","983",0,0.26997473242094,0.140151069146506,0.377620106295542,0,0.212254092137012,0,0,0,0
"985","984",0,0,0,0.163350727659654,0.392306594092187,0.444342678248159,0,0,0,0
"986","985",0.210876898589291,0.58297237602119,0,0.206150725389519,0,0,0,0,0,0
"987","986",0,0.29421576934265,0,0,0,0.70578423065735,0,0,0,0
"988","987",0,0,0,0,1,0,0,0,0,0
"989","988",0,0,0,0.0210916229634551,0.978908377036545,0,0,0,0,0
"990","989",0,0.260286817639039,0,0.301121441778196,0.204854436776676,0.233737303806089,0,0,0,0
"991","990",0,0.306789888279999,0,0,0,0.44289021012676,0,0.250319901593241,0,0
"992","991",0,0,0,0.343078013630158,0.656921986369842,0,0,0,0,0
"993","992",0,0,0.350894618721319,0,0.649105381278681,0,0,0,0,0
"994","993",0,0.451704507666781,0,0,0,0.376043564705243,0.172251927627977,0,0,0
"995","994",0,0,0,0,0.830225238942922,0.169774761057078,0,0,0,0
"996","995",0,0.109781931523482,0,0,0,0.557249891203034,0,0.332968177273484,0,0
"997","996",0,0.167655880947065,0,0,0.486017932177969,0.346326186874965,0,0,0,0
"998","997",0,0.640881886994163,0,0,0,0.359118113005837,0,0,0,0
"999","998",0,0.569241944255286,0.103186512022449,0,0,0,0,0.327571543722265,0,0
"1000","999",0,0,0,0,0.843498839836283,0.156501160163717,0,0,0,0
