,0,1,2,3,4
0,0.046425007,0.4611368,0.29621795,0.11820427,0.07801604
1,0.04466728,0.49224484,0.33153448,0.05894544,0.07260797
2,0.061244193,0.51529557,0.31864846,0.03045319,0.07435858
3,0.06803024,0.5504438,0.16193722,0.06941747,0.15017127
4,0.15303133,0.5519726,0.041600157,0.032777004,0.2206189
5,0.13455234,0.52812773,0.13473143,0.0463696,0.15621884
6,0.07530873,0.5666462,0.023103902,0.07857424,0.2563669
7,0.04610927,0.5285886,0.10673165,0.09506879,0.22350179
8,0.036568016,0.49700952,0.08987238,0.07445651,0.30209357
9,0.06673106,0.5119781,0.03561777,0.041953657,0.34371936
10,0.025108911,0.54124755,0.12093962,0.043474574,0.26922944
11,0.011993282,0.5746962,0.08980132,0.03583723,0.28767198
12,2.2098243e-08,0.5300749,0.12498602,0.045882687,0.29905644
13,1.6558724e-08,0.55483556,0.13703734,0.049028248,0.2590989
14,0.016534317,0.5742488,0.16089612,0.04895713,0.1993637
15,0.014104417,0.5455676,0.15374021,0.03420474,0.25238305
16,8.068259e-09,0.58519346,0.13149537,0.05372758,0.22958358
17,0.02018351,0.54868674,0.07765173,0.06491692,0.28856114
18,2.8053012e-07,0.5231855,0.07908827,0.070679136,0.32704687
19,3.0227692e-08,0.50002915,0.059669968,0.14980079,0.29050002
20,0.018064488,0.54291236,0.0046000686,0.18549836,0.24892475
21,0.03890918,0.4265895,1.33486155e-05,0.29344282,0.24104519
22,0.056768436,0.4613774,0.041842885,0.30175966,0.13825159
23,0.08048927,0.24036352,0.024655227,0.48293653,0.17155546
24,0.11900718,0.28029758,0.10062016,0.4154219,0.08465322
25,0.12645888,0.30060533,0.109467536,0.31098107,0.15248722
26,0.16055769,0.033513602,0.2419282,0.4471797,0.11682084
27,0.195503,0.001532984,0.41517726,0.27235335,0.11543338
28,0.18896979,0.09949328,0.1977196,0.2932048,0.22061244
29,0.27676997,0.07352319,0.15592356,0.20320904,0.29057422
30,0.31390738,7.986871e-06,0.11188393,0.15724702,0.41695374
31,0.3118658,5.957671e-05,0.18104915,0.11015532,0.39687008
32,0.31801358,7.940798e-06,0.20218293,0.192642,0.2871535
33,0.3803326,2.6918306e-06,0.19502321,0.19389023,0.23075122
34,0.45696437,0.03731011,0.21530078,0.17622574,0.1141989
35,0.44391337,8.18379e-06,0.2613397,0.15651755,0.13822116
36,0.40288407,1.8437927e-06,0.28956077,0.23038776,0.077165514
37,0.33092737,8.249074e-06,0.28105223,0.25628445,0.13172765
38,0.44450638,1.4768742e-06,0.19186771,0.24017242,0.12345205
39,0.30220127,6.9684334e-06,0.32195148,0.3234561,0.05238418
40,0.021179298,0.4784404,0.30148,0.10284307,0.09605726
41,0.052129228,0.50237,0.33453307,0.07958641,0.031381346
42,0.04956164,0.53252155,0.29216,0.071824625,0.053932182
43,0.055600222,0.51934725,0.26122046,0.04311409,0.12071798
44,0.06732808,0.54594773,0.17902182,0.04964641,0.15805604
45,0.07666703,0.53456104,0.1252636,0.029572455,0.23393576
46,0.09394732,0.5452724,0.12331541,0.07004218,0.16742267
47,0.0650316,0.5496558,0.18536378,0.036108404,0.16384041
48,0.027508732,0.5255275,0.17547314,0.0456364,0.22585422
49,0.028681215,0.51897085,0.17270188,0.044884354,0.23476171
50,0.02962535,0.542027,0.14669506,0.036944143,0.24470845
51,2.0684348e-08,0.528959,0.16903895,0.03242871,0.26957324
52,0.0231114,0.57020843,0.14245068,0.0074988855,0.2567306
53,0.020914359,0.5441892,0.104024105,0.036953077,0.29391927
54,0.0169235,0.5555504,0.088052526,0.034479782,0.30499384
55,0.00026694004,0.5766496,0.12394172,0.044901446,0.25424024
56,0.023998654,0.5365681,0.072218694,0.06896414,0.29825035
57,3.803321e-05,0.5381724,0.11948397,0.06512877,0.2771769
58,0.020736437,0.5189626,0.07681552,0.10232277,0.28116262
59,0.031337705,0.5452256,0.02904174,0.14221571,0.2521792
60,0.0548545,0.5252454,0.00023142046,0.22265868,0.1970099
61,0.041683596,0.52909994,0.015814615,0.19031528,0.22308661
62,0.057534907,0.35401946,0.056059893,0.34589127,0.18649448
63,0.14224958,0.41725627,3.9246577e-05,0.33917245,0.10128252
64,0.14935723,0.30315077,0.1115607,0.27272472,0.16320658
65,0.16436177,0.24990195,0.106115095,0.37131253,0.10830871
66,0.09390538,0.15997161,0.25352165,0.36522648,0.12737487
67,0.13593565,0.19564922,0.31473273,0.24328636,0.11039615
68,0.19464616,0.06265652,0.43336207,0.15507704,0.15425819
69,0.26880562,6.0110266e-05,0.40992096,0.12548321,0.19573012
70,0.24562527,8.284581e-05,0.30695084,0.10644403,0.34089705
71,0.41890043,0.04757549,0.17119607,0.13599762,0.22633035
72,0.35305992,2.7089409e-06,0.19599174,0.20128371,0.24966198
73,0.44662935,5.657555e-06,0.22547658,0.10306413,0.22482425
74,0.42125452,7.009777e-06,0.32200393,0.18436489,0.07236966
75,0.539881,1.6154909e-06,0.20447975,0.15478024,0.10085739
76,0.49638864,2.183352e-06,0.30527326,0.15324996,0.045085885
77,0.5612437,9.479328e-07,0.23126721,0.17681903,0.030669067
78,0.46020168,8.539048e-07,0.2928708,0.19175556,0.05517108
79,0.36467117,9.0915523e-07,0.29724014,0.27834648,0.059741408
80,0.077634804,0.51030713,0.25173566,0.09588932,0.06443318
81,7.501707e-09,0.499921,0.30140334,0.10916724,0.08950836
82,0.021716464,0.53189605,0.33316946,0.032435823,0.08078226
83,0.053780545,0.5613763,0.2636513,0.00691435,0.114277534
84,0.047896266,0.5239094,0.24802057,0.01513907,0.16503468
85,0.08410568,0.5458358,0.255736,0.014265521,0.10005704
86,0.07476008,0.50772774,0.23184551,0.045016874,0.14064981
87,0.03268704,0.49281955,0.33975652,0.00828055,0.12645635
88,0.02598447,0.5018158,0.3315055,0.033061903,0.10763225
89,0.019313287,0.5440235,0.22580679,0.04228196,0.16857444
90,0.030503789,0.53184086,0.2090006,0.00685049,0.22180422
91,2.2512623e-08,0.51354647,0.23420912,0.03218504,0.22005935
92,0.033443086,0.550566,0.14957389,0.011997605,0.25441945
93,2.546545e-08,0.53848225,0.289366,0.0500882,0.12206349
94,2.478098e-08,0.55996615,0.13490224,0.033574846,0.27155674
95,6.810822e-09,0.5146643,0.1610825,0.035796437,0.28845677
96,0.0101262275,0.53006476,0.0784757,0.09094567,0.2903876
97,0.0164467,0.5233779,0.085606836,0.111270174,0.26329848
98,0.039015986,0.507259,0.01009415,0.1345036,0.30912724
99,0.009460435,0.5008275,0.054316517,0.14266261,0.29273295
100,0.07758639,0.5166134,0.0002925114,0.20143388,0.20407376
101,0.081445,0.4670183,0.07450481,0.24160309,0.13542874
102,0.095488705,0.41410962,0.042370163,0.27738142,0.1706501
103,0.10650186,0.27661085,0.08690822,0.36039782,0.16958122
104,0.14542155,0.30618155,0.14012101,0.36799896,0.040276933
105,0.11933711,0.30689406,0.34684184,0.19804138,0.028885573
106,0.17331605,0.2628947,0.29229304,0.19135453,0.08014168
107,0.16682474,0.2446538,0.33781317,0.18103799,0.069670364
108,0.17805558,0.19133814,0.44805273,0.12881897,0.053734563
109,0.175305,0.10645566,0.4706074,0.14430732,0.10332463
110,0.18488187,0.09495036,0.45281947,0.07738981,0.18995847
111,0.34211156,0.15544191,0.25963336,0.07330562,0.16950752
112,0.31711626,0.0848173,0.26441735,0.22334935,0.11029975
113,0.41232035,5.8786467e-05,0.36819023,0.12624033,0.09319034
114,0.5570825,5.9120325e-06,0.26820615,0.13442826,0.040277217
115,0.4859415,0.005654072,0.24565971,0.1739112,0.08883341
116,0.6065622,3.3461815e-06,0.22066224,0.1290536,0.043718737
117,0.6841052,5.474214e-07,0.101340875,0.1652511,0.04930223
118,0.5015214,9.7549755e-06,0.29634732,0.1518282,0.05029326
119,0.44534135,0.029118005,0.31963733,0.16909076,0.03681257
120,0.08796201,0.47086197,0.27664876,0.09709539,0.06743194
121,0.034894217,0.51833093,0.31421915,0.03605583,0.09649979
122,0.029311791,0.55471444,0.25918913,0.057211917,0.09957274
123,0.023935925,0.5207691,0.3208517,0.03826995,0.096173294
124,0.018687,0.53946775,0.30574036,0.02380366,0.112301305
125,0.042476438,0.5153463,0.32071233,0.006869122,0.114595845
126,0.011551024,0.4955423,0.40181756,0.017878328,0.07321078
127,0.023312297,0.4908243,0.3840019,0.014503711,0.08735782
128,0.033202704,0.50702786,0.3291445,0.022680195,0.1079447
129,0.04978894,0.4712015,0.41706604,0.0067605353,0.05518297
130,6.5426513e-09,0.4905984,0.41688704,0.004252331,0.08826217
131,0.05743936,0.5000617,0.23665273,0.041605547,0.16424067
132,2.994186e-08,0.5253773,0.3310511,0.039191466,0.104380146
133,0.036098983,0.5271444,0.18470947,0.063308775,0.18873844
134,7.1027326e-09,0.5077418,0.21637931,0.052866932,0.22301193
135,0.019721612,0.54135364,0.14637159,0.050790012,0.2417632
136,2.3372053e-08,0.5279893,0.14564574,0.0782689,0.248096
137,0.025142895,0.50834405,0.05434014,0.118731335,0.29344153
138,0.02447013,0.474188,0.11453641,0.054811772,0.33199367
139,0.027963605,0.50316447,0.08143733,0.15721384,0.23022082
140,0.046224784,0.5283997,0.07543701,0.13138148,0.21855707
141,0.106228285,0.46574432,0.05312748,0.23667596,0.13822396
142,0.18491131,0.5162023,0.04508467,0.23061489,0.023186814
143,0.16276343,0.3067688,0.16638178,0.23572832,0.1283577
144,0.095379874,0.25829774,0.2817096,0.25350812,0.11110464
145,0.16151701,0.36025882,0.23443839,0.2437786,7.1036343e-06
146,0.15009572,0.18933418,0.45050055,0.1510002,0.059069343
147,0.13024712,0.30206126,0.38607857,0.14138691,0.040226102
148,0.13514547,0.187917,0.53480995,0.059423503,0.08270407
149,0.18016274,0.21369754,0.47188944,0.08553789,0.048712343
150,0.19131829,0.12984665,0.51094884,0.079185344,0.08870093
151,0.25231925,0.07818356,0.38994738,0.13936825,0.14018159
152,0.3755888,0.102755,0.3774258,0.12568659,0.018543756
153,0.38652822,0.08851303,0.2529025,0.2298171,0.04223913
154,0.5789067,6.402382e-06,0.19644675,0.15512906,0.069511026
155,0.43339992,4.664359e-06,0.36832926,0.11838521,0.07988093
156,0.6261641,2.0897e-06,0.2367088,0.10898272,0.028142365
157,0.58834887,1.2763493e-06,0.19863172,0.16787727,0.045140844
158,0.60893905,1.2193806e-06,0.260396,0.10175823,0.02890547
159,0.31843075,8.771822e-06,0.5107977,0.12721758,0.04354519
160,0.064047515,0.4869562,0.1760484,0.09406319,0.17888466
161,0.05364822,0.47926122,0.38578627,0.027264025,0.05404021
162,0.021429125,0.5065723,0.35265046,0.03417267,0.08517549
163,0.050375346,0.5098278,0.396449,0.0063829985,0.036964882
164,0.03229914,0.49976698,0.37337467,0.06868522,0.025873978
165,0.043181255,0.5037113,0.4000801,0.02363231,0.029395038
166,0.030992731,0.47704437,0.4010568,0.05166334,0.039242793
167,0.035636023,0.40965697,0.4415988,0.03244393,0.080664225
168,0.037755027,0.41938454,0.4411288,0.032663256,0.06906836
169,0.018553086,0.44638127,0.4797967,0.013667707,0.041601263
170,0.029944323,0.39363074,0.4613599,0.028352443,0.08671259
171,0.02762555,0.43453556,0.39522275,0.018633109,0.12398306
172,2.4281173e-08,0.47311318,0.46080267,0.034259077,0.03182506
173,6.712471e-09,0.46760494,0.42119166,0.02599755,0.08520584
174,6.484076e-09,0.4950206,0.39830485,0.020931877,0.08574271
175,6.7077384e-09,0.4881711,0.44590926,0.03492281,0.030996889
176,7.1994677e-09,0.5182425,0.2992065,0.06612051,0.11643056
177,0.029373437,0.41560128,0.2266037,0.02911002,0.29931158
178,0.038297404,0.51479346,0.19280282,0.08044256,0.17366375
179,0.045835998,0.5056815,0.086138226,0.081355676,0.2809886
180,0.06805332,0.34217593,0.20368001,0.20396295,0.18212773
181,0.07967123,0.35471702,0.19577084,0.2424781,0.12736282
182,0.16909519,0.33953652,0.144211,0.30784288,0.039314397
183,0.20522253,0.34187338,0.16585433,0.23323372,0.053816058
184,0.12656993,0.37354618,0.27415064,0.198605,0.027128274
185,0.14393392,0.32794136,0.35790846,0.15901129,0.011204949
186,0.1236914,0.45051697,0.32332706,0.10137027,0.0010942991
187,0.08103546,0.30642167,0.4189319,0.16274479,0.030866241
188,0.08615679,0.32142437,0.40692532,0.09719297,0.088300444
189,0.109103054,0.312645,0.47162843,0.09539691,0.0112265935
190,0.09803465,0.28452295,0.42095026,0.104416445,0.09207568
191,0.20864454,0.16863132,0.47201425,0.093916,0.05679391
192,0.25897944,0.09808337,0.3334038,0.25247818,0.057055272
193,0.30655974,0.143662,0.3973268,0.15244605,5.335137e-06
194,0.44587043,0.0831443,0.28145766,0.1773975,0.012130151
195,0.5249099,0.097521216,0.22646329,0.09700866,0.054096848
196,0.61037725,2.400825e-06,0.27837658,0.07724497,0.033998705
197,0.6414565,2.8591392e-06,0.28733504,0.025527023,0.045678552
198,0.56680965,0.023528539,0.29593092,0.08024826,0.033482682
199,0.4650501,0.010125371,0.42320454,0.085109085,0.016510937
200,0.048653655,0.4523966,0.28949913,0.049534164,0.15991646
201,0.012997734,0.46888384,0.41668466,0.04088456,0.060549185
202,0.046927325,0.47425833,0.45029658,1.34513956e-08,0.028517785
203,0.036263052,0.47451857,0.45100218,0.036672685,0.0015434588
204,0.027066534,0.4660227,0.4719019,0.030527674,0.0044811536
205,0.020611791,0.39889452,0.5140741,0.00629574,0.06012386
206,0.06210212,0.4011845,0.5228036,0.013871209,3.8565344e-05
207,0.049796086,0.3418491,0.5211924,0.03655191,0.05061049
208,0.010923027,0.4011819,0.53509146,0.033085626,0.019718004
209,0.03208565,0.34949216,0.5119137,0.013345206,0.09316329
210,0.0113671655,0.4119328,0.5395852,0.03625709,0.0008577598
211,2.0474374e-08,0.41379535,0.52291703,0.021143137,0.042144515
212,1.9420293e-08,0.4157611,0.5100101,0.021764599,0.052464217
213,0.011074617,0.4684853,0.5048611,1.7745249e-08,0.015578993
214,2.2321144e-08,0.47932032,0.4640177,0.011994053,0.04466792
215,7.1707515e-09,0.47151616,0.47647196,0.019964695,0.032047197
216,7.769556e-08,0.3771448,0.43775675,0.045861542,0.1392368
217,5.946525e-08,0.43151715,0.4217733,0.027627403,0.11908199
218,0.022403752,0.4609135,0.31653476,0.057913356,0.14223456
219,0.04221447,0.36849642,0.31831184,0.09947069,0.1715066
220,0.12790872,0.33622226,0.21301046,0.17044488,0.15241371
221,0.15821204,0.3702256,0.18437977,0.18817689,0.09900568
222,0.12625527,0.45500752,0.21733393,0.18523583,0.01616748
223,0.18555604,0.45361874,0.16241051,0.15682583,0.04158891
224,0.22361569,0.41485128,0.25374556,0.08795516,0.019832408
225,0.098185316,0.45637667,0.29819074,0.1299659,0.017281491
226,0.1402052,0.49603063,0.24063824,0.097943395,0.025182603
227,0.060885973,0.36752972,0.45127666,0.07288773,0.047419958
228,0.071643084,0.32924423,0.48228997,0.09355415,0.023268528
229,0.07061221,0.36549634,0.39552534,0.077852786,0.09051336
230,0.10852277,0.24346764,0.51383,0.09413989,0.04003975
231,0.11918804,0.1538175,0.49494666,0.1399923,0.092055574
232,0.18467702,0.22955504,0.4226308,0.15427007,0.008867089
233,0.332336,0.08483561,0.36230263,0.16697685,0.053548984
234,0.3400832,0.079985574,0.2579271,0.1732406,0.14876354
235,0.4026325,0.052673027,0.33511376,0.19509856,0.014482032
236,0.59998715,0.047527194,0.24272218,0.09861861,0.011144927
237,0.57893384,0.04707995,0.33333942,0.040638644,8.189863e-06
238,0.41823977,1.2946556e-05,0.4808114,0.035954725,0.06498119
239,0.37817857,1.2150868e-05,0.4622012,0.12111138,0.03849675
240,0.11797548,0.30534285,0.45348036,0.0753955,0.047805775
241,0.0623639,0.39783275,0.453003,0.02209646,0.06470396
242,0.06549954,0.44758382,0.44668704,0.0189454,0.021284228
243,0.02136786,0.4537289,0.5091469,0.01568019,7.61011e-05
244,0.033244245,0.42570838,0.5129338,0.027639898,0.00047365192
245,0.032898057,0.41677934,0.51122975,0.031109987,0.0079827905
246,2.7024516e-08,0.43498075,0.5308577,0.029365452,0.004796036
247,0.023246253,0.37738052,0.52411544,0.039216217,0.03604155
248,7.157114e-09,0.402836,0.55174845,0.030918311,0.014497224
249,4.3331113e-08,0.41957498,0.53919107,0.04059696,0.00063692615
250,0.04909918,0.3278529,0.57956505,0.04343959,4.322914e-05
251,7.881491e-09,0.3781946,0.56792206,0.049466025,0.0044172956
252,7.041376e-09,0.45201126,0.5304108,0.017480634,9.721414e-05
253,0.024458366,0.44496605,0.53052115,1.2173233e-08,5.439574e-05
254,2.994689e-08,0.44042346,0.5374704,0.015801156,0.006304872
255,7.1002004e-09,0.43064266,0.5273451,0.041839942,0.00017228718
256,0.013755892,0.36513048,0.52683806,0.026707387,0.06756814
257,3.5118774e-08,0.38815302,0.47152358,0.019736001,0.12058736
258,0.011679662,0.43461245,0.4180667,0.042181067,0.09346008
259,0.071655706,0.48000368,0.35426232,0.07800537,0.016072879
260,0.08811446,0.43229115,0.3035019,0.08235772,0.093734734
261,0.09956273,0.49307114,0.2976535,0.036635395,0.07307728
262,0.15816735,0.46090263,0.20120619,0.1644473,0.015276548
263,0.19690113,0.40174618,0.25337008,0.124535054,0.023447586
264,0.2987918,0.4181709,0.20770083,0.0719533,0.0033831429
265,0.16411702,0.43713483,0.2988558,0.090813704,0.009078601
266,0.024126684,0.5152104,0.33111784,0.10249096,0.027054157
267,0.07156193,0.42684147,0.37913334,0.096024126,0.026439155
268,0.07794789,0.43004912,0.3766427,0.05217255,0.06318775
269,0.05050222,0.48382187,0.36145008,0.09134475,0.012881024
270,0.07027761,0.49816677,0.27560857,0.14940631,0.0065407264
271,0.123933405,0.33030948,0.28049332,0.16380529,0.1014585
272,0.1359849,0.20227458,0.36730367,0.2612009,0.033235982
273,0.18839104,0.121687055,0.30151242,0.33059612,0.057813346
274,0.3544004,0.14324445,0.2292889,0.22898957,0.044076677
275,0.4112883,0.11603802,0.30896732,0.12815759,0.035548806
276,0.48974267,0.01702753,0.36836112,0.07403889,0.050829872
277,0.4651182,0.042875387,0.41797858,0.060925763,0.013102067
278,0.49390855,0.08163484,0.3887793,0.035674505,2.741112e-06
279,0.42059794,0.015347792,0.5071011,0.042972736,0.013980452
280,0.14978674,0.26945564,0.4931174,0.035779215,0.051861037
281,0.059750687,0.3129686,0.49594635,0.048523866,0.08281048
282,0.077863865,0.41398486,0.46706608,0.027136937,0.01394819
283,0.04290502,0.35729277,0.5219965,0.07769391,0.000111664056
284,0.014633594,0.44896686,0.51605964,0.015100956,0.0052388874
285,7.556249e-09,0.40034914,0.5514504,0.036611985,0.011588428
286,0.023656402,0.3725167,0.5579659,0.04565218,0.00020889837
287,7.1933477e-09,0.36457485,0.55167174,0.044829234,0.038924128
288,3.3938132e-08,0.37544504,0.57636255,0.04796477,0.00022751214
289,6.9440254e-09,0.4238419,0.56201386,0.0057062805,0.008437897
290,0.036983088,0.34455344,0.5889804,0.029433677,4.9407798e-05
291,2.8760969e-08,0.4682101,0.5306783,1.4069508e-08,0.0011115774
292,7.567091e-09,0.43710026,0.545975,0.016792526,0.00013215422
293,6.803973e-09,0.42876095,0.5543655,0.010860087,0.006013475
294,7.4353608e-09,0.4601475,0.51751775,0.022101339,0.0002334674
295,0.012618354,0.4146543,0.51984364,0.051364012,0.0015196147
296,6.6852245e-08,0.3881184,0.52665377,0.013637284,0.07159054
297,7.138094e-09,0.3621996,0.5063894,0.059606828,0.0718042
298,1.01089e-07,0.4390237,0.443205,0.03465274,0.08311847
299,0.018203508,0.4931583,0.356088,0.062081054,0.070469074
300,0.13314144,0.5105963,0.22241099,0.07553201,0.058319256
301,0.18658997,0.50117594,0.21864778,0.081114866,0.01247135
302,0.26892048,0.50207555,0.16134669,0.058477994,0.009179293
303,0.3930242,0.29695103,0.14713977,0.16284811,3.686153e-05
304,0.26205117,0.48743394,0.13527422,0.091764815,0.023475828
305,0.23655553,0.53445065,0.16576844,0.06319859,2.6786227e-05
306,0.23188381,0.40236482,0.30598444,0.059760943,5.994284e-06
307,0.14838958,0.4191219,0.3301327,0.1023219,3.406233e-05
308,0.066071324,0.52508724,0.3363455,0.05315863,0.019337386
309,0.06894605,0.51431805,0.2449577,0.13423136,0.037546773
310,0.07025631,0.4022472,0.29548964,0.21150143,0.020505426
311,0.0747104,0.400338,0.28168473,0.19825397,0.045012973
312,0.09287267,0.33970448,0.2632517,0.24756832,0.056602806
313,0.14733528,0.09110575,0.37660366,0.3436734,0.04128192
314,0.2430353,0.04328027,0.31321648,0.3230967,0.07737128
315,0.3754033,0.11747978,0.22952625,0.19084556,0.086745024
316,0.532621,0.08349319,0.26524323,0.066543,0.052099627
317,0.4504717,0.041634683,0.34826428,0.09006454,0.06956483
318,0.4953095,1.1773303e-05,0.4521373,0.017051907,0.035489514
319,0.47273874,0.0026641248,0.46195033,0.029183311,0.03346354
320,0.20604098,0.3458088,0.32832262,0.08482571,0.035001945
321,0.103998594,0.3323468,0.5072556,0.036798783,0.019600123
322,0.07534109,0.32982004,0.52532023,0.06948271,3.6021982e-05
323,0.022138355,0.33452958,0.5445173,0.098686144,0.0001286289
324,0.012572816,0.3337434,0.55465436,0.0712859,0.027743531
325,0.029093498,0.35545212,0.57095855,0.044178598,0.0003172385
326,6.9417063e-09,0.40515748,0.55736786,0.036954913,0.00051961606
327,4.8716664e-08,0.40420392,0.5757409,0.019958364,9.673823e-05
328,7.820996e-09,0.37171134,0.5754749,0.045011308,0.007802422
329,2.1811568e-08,0.36757958,0.57711643,0.05523085,7.308421e-05
330,0.0168787,0.378159,0.59042823,0.01450905,2.5009087e-05
331,7.32694e-09,0.41656572,0.5622451,0.021064965,0.00012425608
332,7.570538e-09,0.41305366,0.5651884,0.021521874,0.0002361429
333,6.507882e-08,0.4058872,0.5653748,0.02779147,0.00094649615
334,3.3056412e-07,0.3534267,0.58906657,0.019874088,0.037632313
335,6.7902004e-09,0.48627514,0.50758,0.003435751,0.002709108
336,1.2362207e-07,0.4118227,0.5046386,0.011990757,0.07154782
337,0.00011832224,0.35332692,0.5011114,0.035709094,0.109734274
338,6.7445844e-09,0.49644086,0.42734885,0.019399045,0.056811303
339,0.026018756,0.49954826,0.39382643,0.034981187,0.045625314
340,0.1294759,0.48092076,0.22857916,0.09502752,0.06599668
341,0.18507211,0.45790696,0.24251977,0.09493642,0.019564709
342,0.41673255,0.34082675,0.12090896,0.073497914,0.048033845
343,0.46867168,0.4049062,0.042745348,0.083661094,1.5677486e-05
344,0.35473642,0.4886373,0.09966827,0.03952655,0.01743148
345,0.28823972,0.5148607,0.14971839,0.03933268,0.007848592
346,0.27459896,0.51399475,0.1599997,0.051400058,6.51377e-06
347,0.20178497,0.5041469,0.2545611,0.039482407,2.4643881e-05
348,0.12834418,0.5138785,0.26026025,0.080314256,0.017202836
349,0.10111894,0.5278877,0.2269923,0.11548097,0.028520163
350,0.103166014,0.5206585,0.1681554,0.20763783,0.000382225
351,0.06458527,0.41904438,0.16525558,0.29238993,0.05872493
352,0.15193123,0.3247459,0.17490858,0.32177982,0.02663454
353,0.13717313,0.2900318,0.1561723,0.39930567,0.017317157
354,0.20863338,0.20505002,0.06875608,0.3939085,0.12365202
355,0.34557492,0.12468824,0.16767628,0.26384443,0.0982161
356,0.4199012,0.084762655,0.26736674,0.13128525,0.0966842
357,0.41174284,0.12946303,0.3750653,0.07280614,0.010922769
358,0.44762707,0.007366899,0.45320302,0.046338838,0.045464143
359,0.4441051,0.028517641,0.4293463,0.031050261,0.06698071
360,0.12680952,0.19375551,0.4066667,0.08275507,0.19001323
361,0.19726868,0.28909546,0.4104751,0.038406536,0.0647542
362,0.02553443,0.31042528,0.5273977,0.080359675,0.05628292
363,0.034883197,0.291992,0.5507952,0.054883264,0.06744626
364,0.022575032,0.32996476,0.5944974,0.036640696,0.0163222
365,2.7819366e-08,0.31619874,0.60049206,0.083238624,7.053475e-05
366,8.12783e-08,0.32509327,0.58518344,0.05747339,0.03224983
367,0.013499996,0.35306886,0.5601852,0.0717162,0.0015297745
368,0.02934094,0.32848686,0.59888864,0.04324283,4.0699644e-05
369,4.2519563e-08,0.40623236,0.57640743,0.017197235,0.00016301582
370,7.783839e-09,0.4045378,0.5930076,0.0023683019,8.623591e-05
371,7.47196e-09,0.41452616,0.5666184,0.005209318,0.013646136
372,7.66435e-09,0.41827428,0.56742615,0.006056427,0.008243049
373,7.3478184e-09,0.42172703,0.5668535,0.011342599,7.692523e-05
374,8.928805e-08,0.3784762,0.5740308,0.02287834,0.024614524
375,6.341181e-09,0.45293635,0.5063566,0.012788502,0.027918516
376,1.2641549e-07,0.4725557,0.51962256,1.4180861e-08,0.0078215785
377,1.748789e-07,0.49370086,0.46843064,0.024546722,0.013321648
378,6.7150445e-09,0.503436,0.34956878,0.010855739,0.13613945
379,0.04869051,0.4963294,0.38981482,0.018825503,0.04633978
380,0.22149071,0.51132524,0.19111969,0.055245336,0.020818995
381,0.28515083,0.49516362,0.1424153,0.044020455,0.03324977
382,0.39386344,0.44538352,0.05915277,0.07516375,0.026436485
383,0.505596,0.4525838,0.018750396,0.02304587,2.3877772e-05
384,0.53773826,0.36499614,0.03012427,0.04989446,0.017246937
385,0.39526263,0.49455455,0.057264116,0.036070332,0.016848307
386,0.32262486,0.53239673,0.057746097,0.06398603,0.023246206
387,0.21995153,0.55052227,0.15295036,0.06974184,0.006833973
388,0.17569067,0.52898943,0.21952806,0.04848958,0.027302224
389,0.1757392,0.54412186,0.07669827,0.16238014,0.04106051
390,0.044019993,0.47074133,0.25321752,0.23183122,0.00018986817
391,0.08086625,0.38322002,0.09640557,0.37375987,0.0657482
392,0.11188174,0.2528568,0.0643378,0.52711105,0.043812636
393,0.14126238,0.15239856,0.08297533,0.45988292,0.16348076
394,0.17661971,0.15061375,0.10954976,0.41698354,0.14623323
395,0.276259,0.09886534,0.17239603,0.29490408,0.15757559
396,0.3497139,0.09199241,0.18191445,0.19969927,0.17667998
397,0.5334071,0.14350648,0.13272831,0.09657127,0.09378689
398,0.57751894,0.00021477613,0.2558024,0.054762945,0.1117009
399,0.4066672,1.1813386e-05,0.33718163,0.13895181,0.11718757
400,0.23952271,0.19103004,0.3239694,0.08270632,0.16277154
401,0.16265635,0.15827177,0.5111436,0.096692346,0.07123585
402,0.09233256,0.16905828,0.54643244,0.12344573,0.068731
403,0.059923943,0.2774475,0.5187845,0.14379254,5.1521765e-05
404,1.4043349e-07,0.32734394,0.5936826,0.0788658,0.00010753823
405,7.755245e-08,0.30717227,0.58398694,0.108566545,0.00027419257
406,0.01363778,0.34963024,0.5582971,0.07808857,0.0003462148
407,8.07594e-09,0.31540316,0.58393466,0.086021945,0.014640258
408,0.014251741,0.27128214,0.5982915,0.068678476,0.0474961
409,0.015375398,0.39712974,0.56158215,0.019388521,0.0065243263
410,0.016298287,0.36877257,0.6052084,0.009651809,6.897446e-05
411,4.043329e-08,0.4110801,0.57236236,0.004885178,0.011672283
412,6.8033787e-09,0.43642628,0.56332916,1.1848889e-08,0.0002445697
413,6.8993753e-09,0.40979013,0.5588898,0.011511457,0.01980865
414,6.940914e-09,0.38892046,0.54982156,0.044490222,0.01676784
415,6.987329e-09,0.42488137,0.5485836,0.004806748,0.021728275
416,7.4341764e-09,0.45320386,0.51897526,0.010201576,0.017619316
417,6.9296786e-09,0.5095344,0.4271851,0.009932678,0.053347867
418,8.771239e-07,0.4926544,0.38287827,0.03568539,0.08878108
419,0.07157178,0.52588266,0.2889237,0.020890022,0.092731774
420,0.15711264,0.51283485,0.2512257,0.020806607,0.05802025
421,0.21556994,0.521908,0.19835456,0.055625696,0.00854186
422,0.37380922,0.51191485,0.08313718,0.031137412,1.4590371e-06
423,0.51422113,0.38342687,0.032293025,0.039042242,0.03101669
424,0.5931065,0.36901128,2.6169846e-06,0.037877068,2.5606419e-06
425,0.5646384,0.32337984,0.059377536,0.049852904,0.0027513253
426,0.4877364,0.45484748,0.017843444,0.0395577,1.4917415e-05
427,0.4428444,0.49198985,0.015574442,0.048014577,0.0015766998
428,0.3420488,0.490025,0.047732126,0.09478411,0.025409907
429,0.17100184,0.50391525,0.13248646,0.16242762,0.030168911
430,0.16515931,0.40512446,0.039340913,0.38950554,0.00086984894
431,0.09885996,0.38614723,0.052948423,0.42571416,0.03633032
432,0.084195875,0.25380751,0.03193742,0.5233778,0.10668142
433,0.13886406,0.2621899,0.022663938,0.43374276,0.1425393
434,0.22317183,0.19696383,0.04624558,0.2865058,0.24711291
435,0.3017018,0.18146655,0.040617976,0.2678262,0.20838751
436,0.38244087,0.13301869,0.10727766,0.1823426,0.19492018
437,0.5035614,0.08403594,0.1022484,0.075257115,0.23489717
438,0.46649325,0.04970312,0.19265582,0.10933655,0.1818113
439,0.4994099,1.6127722e-05,0.2419421,0.07654446,0.18208732
440,0.21239607,0.17764847,0.45427242,0.05131836,0.10436465
441,0.12576674,0.33905712,0.37557858,0.11200237,0.047595207
442,0.09240889,0.1833722,0.53947365,0.13876462,0.04598064
443,0.04252025,0.24635494,0.55536854,0.14150928,0.014246939
444,0.019102627,0.20111164,0.555165,0.22108348,0.003537275
445,0.01414132,0.24173558,0.5846907,0.1590062,0.0004262312
446,8.975387e-08,0.24772009,0.5837437,0.16849779,3.8295173e-05
447,4.159941e-08,0.27101898,0.5628043,0.1471633,0.019013483
448,8.914097e-09,0.2839199,0.58238226,0.09301321,0.0406846
449,7.8763485e-09,0.35992822,0.5852116,0.05475846,0.00010171954
450,4.556652e-08,0.29470298,0.59328896,0.111902766,0.00010525069
451,7.35135e-09,0.36195353,0.57908535,0.037311006,0.021650175
452,7.733745e-09,0.3844661,0.5726393,0.038687337,0.004207331
453,5.8780774e-08,0.34156275,0.5864111,0.019280283,0.05274577
454,7.4077233e-09,0.3592592,0.56201977,0.029421585,0.049299538
455,1.0934217e-07,0.3853717,0.52996635,0.029746255,0.05491561
456,6.9868187e-09,0.44381317,0.51057744,1.6221092e-08,0.045609362
457,6.945305e-09,0.50801593,0.45819533,1.535434e-08,0.033788703
458,0.01856153,0.4992387,0.4488938,1.26074795e-08,0.033305988
459,0.018079665,0.5239127,0.36927977,0.038843747,0.04988407
460,0.09273381,0.5321411,0.2508128,0.03807292,0.0862394
461,0.29077816,0.5090137,0.14909014,0.029232383,0.021885604
462,0.4822147,0.489346,0.0025983017,0.023071855,0.0027691938
463,0.49061713,0.4724451,0.0057142815,0.031219695,3.8648477e-06
464,0.59598774,0.36171848,7.90875e-07,0.02912673,0.013166288
465,0.5790339,0.3700856,7.886986e-07,0.028921941,0.021957647
466,0.52750987,0.37889642,4.48787e-05,0.051560257,0.041988578
467,0.47659338,0.3936699,0.020468036,0.08922224,0.020046495
468,0.40436104,0.44460785,0.030848583,0.09476201,0.025420496
469,0.3130125,0.38670787,1.8423384e-06,0.26556927,0.034708444
470,0.23072344,0.45461944,1.8997953e-05,0.29457083,0.020067342
471,0.15644707,0.41996428,2.056812e-05,0.35998538,0.06358271
472,0.1389514,0.24810243,0.007804444,0.46350756,0.14163414
473,0.20709145,0.16493963,2.767602e-06,0.43434185,0.19362439
474,0.23134695,0.09234275,0.05655799,0.32781228,0.29194
475,0.31750664,0.19342747,0.02220532,0.19162787,0.27523267
476,0.36634544,0.17691082,0.023963764,0.1793831,0.2533968
477,0.47525957,7.865883e-06,0.08456748,0.12935364,0.3108115
478,0.54992205,0.056092598,0.08928712,0.108449414,0.19624878
479,0.5831043,0.03623544,0.04507695,0.09699508,0.2385882
480,0.20496751,0.13839205,0.39575368,0.08583878,0.175048
481,0.1809145,0.21583876,0.42540368,0.10252722,0.07531577
482,0.09992886,0.31277674,0.36081442,0.18623346,0.04024646
483,0.03449241,0.24132536,0.41414806,0.23656248,0.07347169
484,0.047816917,0.14094244,0.58313584,0.22026879,0.007836038
485,0.04071674,0.14603162,0.5724865,0.24074934,1.5756787e-05
486,8.698816e-08,0.08918606,0.6030559,0.28144562,0.02631232
487,0.034986872,0.24837783,0.53123516,0.18538298,1.717897e-05
488,8.519694e-09,0.23332912,0.5794467,0.1586479,0.028576337
489,8.797085e-09,0.2450584,0.59726346,0.13534252,0.022335608
490,6.611528e-08,0.34145048,0.56832844,0.08486624,0.005354798
491,8.587863e-09,0.24396437,0.58354133,0.093106814,0.07938747
492,0.018978728,0.26512542,0.5902527,0.03253027,0.09311293
493,7.9319165e-09,0.3959041,0.5659368,0.037709024,0.00045007802
494,1.6165328e-07,0.36155394,0.5498754,0.013016206,0.07555425
495,7.2961712e-09,0.39352143,0.5094942,0.012676888,0.0843074
496,3.1154943e-07,0.43914616,0.4507611,0.025657691,0.08443473
497,8.189453e-06,0.4804898,0.48396897,0.005219309,0.030313687
498,6.562097e-09,0.49965838,0.4373642,0.011464943,0.051512513
499,0.059670217,0.50856006,0.36517242,0.02766067,0.03893662
500,0.13165769,0.5307074,0.17406978,0.05677209,0.10679307
501,0.23692758,0.51367736,0.20468192,0.014009516,0.030703614
502,0.54825944,0.37233144,0.015822131,0.060277622,0.0033092753
503,0.5703507,0.37377703,0.00058835873,0.011723678,0.043560196
504,0.62171316,0.36747667,4.7537387e-07,0.010780264,2.9414705e-05
505,0.67953557,0.26856482,5.1354925e-07,0.04494495,0.0069541847
506,0.51493627,0.43369085,6.1516994e-07,0.051371597,6.8984394e-07
507,0.5826938,0.31875926,5.348427e-07,0.07453402,0.024012363
508,0.45845872,0.3900462,8.732596e-07,0.15149122,2.9308362e-06
509,0.32840055,0.4051719,0.020984136,0.21123086,0.034212604
510,0.2805335,0.37920293,9.51017e-06,0.29855648,0.041697606
511,0.20146869,0.32404846,3.5389014e-06,0.41939616,0.055083137
512,0.2247097,0.28413293,1.0103438e-05,0.3360381,0.1551091
513,0.24275921,0.16171867,7.716323e-06,0.4196507,0.17586361
514,0.33345783,0.15463206,1.0650051e-05,0.28211036,0.22978912
515,0.4730109,0.031564977,5.191764e-05,0.2157368,0.2796354
516,0.4796729,0.11228034,0.017572127,0.14300193,0.24747266
517,0.45694366,0.0506707,0.04686331,0.13527575,0.3102466
518,0.579797,1.0469614e-06,3.601564e-06,0.1415925,0.27860582
519,0.4975212,1.5280213e-05,0.05217933,0.16189952,0.2883847
520,0.18522179,0.12539668,0.33707616,0.044711787,0.3075936
521,0.13232033,0.1615034,0.49619678,0.11869439,0.09128509
522,0.1583701,0.1501362,0.40469694,0.16392182,0.12287494
523,0.04028414,0.122108206,0.50199103,0.2398626,0.095754005
524,0.029430756,0.10565439,0.4084762,0.3418918,0.11454687
525,0.046891615,0.12715752,0.35910112,0.3201652,0.1466846
526,0.01812308,0.07350436,0.41902012,0.35875958,0.13059284
527,0.019112378,0.13637681,0.40490198,0.3551959,0.08441287
528,0.023310773,0.16227572,0.48070574,0.24297236,0.09073539
529,0.043525744,0.14766604,0.53133374,0.19948043,0.077994056
530,0.01754125,0.1984001,0.53800654,0.13391928,0.11213279
531,0.028734157,0.21487862,0.5573505,0.099917755,0.09911892
532,0.029418707,0.23681147,0.5561601,0.060094446,0.117515214
533,7.7313196e-08,0.30823544,0.5212816,0.032257475,0.13822538
534,7.612432e-09,0.30308402,0.5481868,0.022696143,0.12603302
535,1.3421808e-07,0.38062695,0.53060645,0.005750654,0.083015814
536,1.7628195e-06,0.32832995,0.5202663,0.01916505,0.13223696
537,0.00930678,0.46177623,0.4759204,0.014837377,0.038159285
538,1.283254e-07,0.49422544,0.43594435,0.01671272,0.05311741
539,0.10057636,0.43299398,0.43123016,0.010226599,0.024972908
540,0.11828097,0.52922845,0.28625965,0.044581972,0.021648904
541,0.30128688,0.46217972,0.18755963,0.048188616,0.0007851521
542,0.46516973,0.44180757,0.06529556,0.027716478,1.0635086e-05
543,0.5572545,0.39574468,1.9115378e-06,0.046995267,3.676051e-06
544,0.54432416,0.43885475,6.929434e-06,0.016813295,7.478258e-07
545,0.60889524,0.3275171,0.022447417,0.029686302,0.01145396
546,0.539431,0.36561912,0.021430697,0.04914273,0.024376545
547,0.53723884,0.34993795,5.994565e-05,0.071175486,0.041587792
548,0.47381756,0.3553224,6.9325375e-07,0.14264219,0.02821715
549,0.43432117,0.31868047,9.271129e-06,0.18325293,0.06373624
550,0.34484738,0.29866177,1.4381642e-06,0.34856173,0.007927623
551,0.26930302,0.25831357,1.1361899e-06,0.3306659,0.14171633
552,0.30822438,0.20457967,6.946351e-07,0.36030644,0.12688886
553,0.45003247,0.103421405,4.974036e-07,0.28374374,0.16280192
554,0.47358352,0.08330234,2.747231e-06,0.19139782,0.25171354
555,0.4619218,0.056057565,6.730409e-06,0.11133348,0.37068042
556,0.4884834,0.048329733,8.76684e-07,0.13605534,0.32713062
557,0.5452213,0.030997727,1.0946819e-06,0.11989864,0.30388123
558,0.43269244,0.051474713,0.019005539,0.1402073,0.35661995
559,0.5179715,1.4049848e-05,0.03293731,0.1669137,0.28216344
560,0.06939341,0.111629486,0.5418221,0.06622818,0.21092685
561,0.14655079,0.084016606,0.39885405,0.117905535,0.25267306
562,0.09070526,0.10454339,0.37481153,0.1698521,0.26008773
563,0.05015868,0.040424407,0.51511943,0.18330835,0.2109891
564,0.06572836,7.227985e-05,0.43029764,0.37065035,0.13325141
565,0.025535217,0.02125174,0.3153858,0.48254883,0.15527847
566,0.052942317,0.081232205,0.20393237,0.47343358,0.18845953
567,0.016266251,0.020285934,0.265425,0.42843422,0.26958856
568,0.024325792,0.07627709,0.40186045,0.285243,0.21229362
569,0.03495288,0.06605693,0.38379848,0.32397664,0.19121501
570,0.07061858,0.082272656,0.38213974,0.21330772,0.25166127
571,0.027118407,0.14741564,0.5215154,0.12781823,0.17613228
572,0.0002058339,0.095181815,0.5003964,0.08594936,0.31826663
573,5.0975533e-08,0.17804316,0.55948186,0.05509345,0.2073815
574,6.967477e-09,0.18338086,0.4881627,0.022580517,0.30587593
575,0.0075436807,0.2720863,0.509026,0.026232105,0.18511194
576,3.0592793e-07,0.29814306,0.5189489,0.022493558,0.16041416
577,7.1755646e-09,0.28741637,0.4722242,0.057847086,0.18251231
578,6.650104e-09,0.4642104,0.48239172,0.041575197,0.0118226735
579,0.036644056,0.4921382,0.40322372,0.036133036,0.031860996
580,0.033966005,0.488115,0.40266427,1.41089656e-08,0.07525466
581,0.16536795,0.48547634,0.28270835,0.033823173,0.032624185
582,0.4031829,0.42740884,0.14447148,0.023571163,0.0013655984
583,0.5209253,0.31656438,0.06373672,0.056389652,0.04238398
584,0.5438241,0.34326676,0.08596221,0.02236445,0.0045824554
585,0.5265864,0.33083355,0.041116178,0.04980637,0.051657464
586,0.5254743,0.38885418,0.009631365,0.03908972,0.036950417
587,0.49226564,0.3397674,0.016419394,0.12980047,0.02174707
588,0.4802279,0.27581823,0.035400163,0.12218,0.08637367
589,0.49996778,0.27714175,2.2731097e-06,0.17294219,0.049945995
590,0.34844407,0.30552396,0.00060820323,0.2270966,0.118327215
591,0.33382398,0.25507075,1.1958188e-06,0.2911106,0.11999348
592,0.4180504,0.12731178,6.975101e-07,0.28923714,0.1654
593,0.44724965,0.1947671,7.986174e-07,0.2010587,0.15692376
594,0.517281,0.09938997,1.7165279e-06,0.08955341,0.29377386
595,0.50607675,0.07175848,2.2294707e-06,0.112865396,0.30929708
596,0.48307693,0.09469937,9.357791e-06,0.068608895,0.35360545
597,0.5147861,0.024498152,1.2454951e-06,0.08971943,0.37099501
598,0.5352501,0.042622045,7.544716e-06,0.124377914,0.29774234
599,0.46720526,0.060945507,0.023377225,0.18285751,0.26561445
600,0.08723276,0.14027482,0.5154483,0.035174407,0.22186972
601,0.041445196,0.14932303,0.509003,0.083030835,0.21719797
602,0.10522597,0.08205078,0.32664263,0.14250925,0.34357134
603,0.082536064,0.16945826,0.24348676,0.23594974,0.26856917
604,0.06560667,4.5473247e-05,0.16828518,0.30130506,0.46475762
605,0.046496116,2.1812006e-05,0.17039904,0.5398849,0.24319813
606,0.028057633,0.00013261169,0.20651078,0.5781486,0.18715039
607,0.113466725,1.1182772e-05,0.2991094,0.3867203,0.20069247
608,0.055957504,0.052421264,0.1379211,0.48452255,0.26917756
609,0.045860294,0.00012914768,0.23817968,0.38567755,0.33015335
610,0.099912085,0.00018297219,0.26336938,0.27637357,0.360162
611,0.05391979,0.0011391263,0.38499272,0.17259152,0.38735685
612,6.110591e-08,0.12830436,0.41755578,0.08437067,0.36976922
613,7.742205e-09,0.13698149,0.47227198,0.052493192,0.33825335
614,6.801437e-09,0.18762913,0.45790827,0.01790363,0.33655894
615,9.547908e-06,0.103660636,0.4827776,0.040108785,0.37344345
616,7.5845e-09,0.20974368,0.52049893,0.036440745,0.23331659
617,6.5041506e-09,0.29004675,0.48128468,0.026810093,0.20185846
618,2.83479e-07,0.41111657,0.489526,0.031274933,0.06808224
619,0.036673464,0.35714707,0.5035612,0.03212057,0.07049772
620,0.07065616,0.46012926,0.39901426,0.044744674,0.025455615
621,0.2083128,0.47996625,0.2848714,0.026819846,2.9707046e-05
622,0.38014695,0.3329074,0.22242458,0.044974525,0.019546539
623,0.35183898,0.38703164,0.17075978,0.041291863,0.04907774
624,0.50500786,0.31874973,0.12406271,0.033531815,0.018647855
625,0.49266216,0.36293,0.097658165,0.029351458,0.017398208
626,0.35284442,0.3756712,0.115189224,0.052699406,0.10359573
627,0.46128136,0.32217044,0.044674877,0.10128092,0.07059232
628,0.34931135,0.38776636,0.004886478,0.1532517,0.104784146
629,0.38490415,0.22291629,2.6427442e-06,0.26223466,0.12994233
630,0.48042908,0.1637425,4.4391672e-06,0.22261994,0.133204
631,0.39283192,0.20518634,0.011448318,0.16879602,0.22173737
632,0.48230553,0.13919185,8.456403e-07,0.18038535,0.1981164
633,0.56128967,0.042319044,6.627525e-07,0.10797038,0.28842026
634,0.49054033,0.09058566,1.021414e-06,0.116816,0.30205697
635,0.51133907,0.08156949,8.87522e-07,0.11069552,0.29639494
636,0.48476514,0.09579173,3.2960595e-06,0.06419276,0.35524714
637,0.52890724,8.675093e-06,7.323218e-07,0.10412414,0.36695918
638,0.50076115,0.048839703,9.283515e-07,0.15638512,0.29401308
639,0.4844673,0.06880884,1.2899573e-06,0.23282799,0.21389458
640,0.065623246,0.10513259,0.48823848,0.057483364,0.28352225
641,0.057036992,0.12948793,0.45416605,0.06626062,0.2930484
642,0.048508372,0.07585385,0.3549585,0.09657684,0.42410243
643,0.04191313,0.020835351,0.19310185,0.2719532,0.4721964
644,0.10782113,0.00012861477,0.093785636,0.34571806,0.45254657
645,0.040816814,0.0010936537,0.15223019,0.39996454,0.40589482
646,0.0913348,0.00015786142,0.17098066,0.37078097,0.36674565
647,0.11255041,1.2628076e-05,0.08395134,0.45318466,0.350301
648,0.06800034,0.000118909986,0.1660703,0.33483016,0.43098027
649,0.08520074,7.0503054e-05,0.16256063,0.36306247,0.3891057
650,0.108896755,0.000105697836,0.2844524,0.21145079,0.3950943
651,0.13219137,0.00387382,0.24277599,0.13437584,0.48678297
652,0.04097053,0.08865596,0.24976331,0.10093285,0.5196773
653,0.01934508,0.15152231,0.3020723,0.09736662,0.42969373
654,0.02233899,0.12291945,0.3711369,0.02048485,0.46311975
655,0.01813459,0.18081719,0.51174986,0.044889677,0.24440871
656,0.02400957,0.2668433,0.4942684,0.004211135,0.21066755
657,0.0066255587,0.28248203,0.49499688,0.010829613,0.20506601
658,7.3633766e-09,0.33223218,0.5248633,0.040923562,0.10198106
659,3.6181613e-05,0.41207635,0.4984779,0.021948723,0.067460775
660,0.021928435,0.37578553,0.49051455,0.031338714,0.08043278
661,0.12206338,0.37311822,0.493771,0.011016461,3.083284e-05
662,0.20588364,0.33231324,0.44679055,0.014911394,0.000101221165
663,0.19041747,0.3529876,0.39360327,0.032359615,0.030632073
664,0.3831913,0.20929225,0.34475356,0.025519123,0.037243783
665,0.39550495,0.29804295,0.17693433,0.07825877,0.051258992
666,0.2504793,0.41393206,0.15155701,0.13838312,0.045648467
667,0.34083048,0.23311049,0.14114626,0.11040271,0.17451008
668,0.32217443,0.27505374,0.09427717,0.13750964,0.170985
669,0.3610943,0.2785413,3.8139758e-06,0.13236383,0.22799675
670,0.3898533,0.17436777,2.523857e-06,0.1601425,0.2756339
671,0.41324732,0.18712094,4.4905833e-06,0.12894651,0.27068076
672,0.4015317,0.19707471,3.0498171e-05,0.106634885,0.2947282
673,0.48506463,0.08897746,3.222284e-06,0.066481754,0.3594729
674,0.5425105,0.059648003,1.3204502e-06,0.047563095,0.35027716
675,0.5255969,0.0005528741,7.86344e-07,0.10492445,0.36892495
676,0.53337514,0.1106951,1.2243006e-06,0.07756695,0.2783616
677,0.4862584,0.051332302,1.6886063e-06,0.08255689,0.37985078
678,0.45556566,0.061888423,1.3096188e-06,0.16366495,0.31887966
679,0.29041332,0.08270263,0.032790437,0.27589798,0.3181956
680,0.033492513,0.12806472,0.48724037,0.043263204,0.30793917
681,0.09306931,0.090923965,0.3359596,0.077758744,0.40228835
682,0.08996662,0.08077033,0.21513262,0.07299829,0.5411322
683,0.032300092,0.06341664,0.062334545,0.27056146,0.5713873
684,0.056237508,0.0007080728,0.17333697,0.21917118,0.5505462
685,0.032708738,0.00069093186,0.071940415,0.33539546,0.5592645
686,0.07369315,0.04256512,0.12404575,0.23810597,0.52159
687,0.103166014,5.4375836e-05,0.08469266,0.33124986,0.48083708
688,0.19276609,3.9393824e-05,0.06761483,0.2211154,0.5184643
689,0.07796496,4.6023084e-05,0.14710394,0.27058598,0.50429916
690,0.07060149,0.01982484,0.13670829,0.20750546,0.56536
691,0.08931299,0.14194417,0.14059475,0.09160886,0.5365392
692,0.0723899,0.116817266,0.20636141,0.0922736,0.51215786
693,0.02070955,0.11429618,0.30957603,0.060605828,0.4948124
694,8.6846666e-07,0.16426697,0.40357977,0.032503,0.39964938
695,6.542936e-05,0.12762246,0.47554535,0.0817016,0.3150652
696,6.5881722e-09,0.33164236,0.45114073,0.024761073,0.19245587
697,0.010706899,0.14320005,0.52432066,0.03399164,0.2877807
698,7.4152657e-09,0.32398304,0.5412427,0.06474176,0.0700325
699,0.061225016,0.36291122,0.5111308,0.017984055,0.046748932
700,0.024612771,0.3792614,0.52636474,0.03598955,0.033771448
701,0.047310315,0.38056725,0.51599574,0.016969293,0.039157357
702,0.13219303,0.30018395,0.5382067,0.006605584,0.02281075
703,0.13192764,0.29791453,0.5182935,0.017186563,0.03467775
704,0.103095606,0.320999,0.5061669,0.0050941007,0.06464438
705,0.19540459,0.1949286,0.41844222,0.051003374,0.14022122
706,0.3279955,0.18638052,0.26662904,0.06747109,0.1515239
707,0.2800177,0.18420652,0.112917624,0.05970757,0.3631506
708,0.25579807,0.1273462,0.06273701,0.13770135,0.41641742
709,0.3701132,0.21466441,0.019724468,0.082609825,0.31288806
710,0.29426184,0.12464846,9.371888e-05,0.10725604,0.4737399
711,0.48306313,0.017194245,2.4066e-06,0.08206943,0.41767076
712,0.31974456,0.1436374,0.00072615844,0.09837231,0.43751952
713,0.44137833,0.08647957,3.7402986e-06,0.06989837,0.40224
714,0.46644723,0.13256498,6.925883e-06,0.04344367,0.3575372
715,0.46021247,0.06416937,0.010003918,0.061162855,0.40445143
716,0.5103327,0.067170106,0.010881442,0.042718504,0.36889723
717,0.48144552,0.031547826,0.017388979,0.092104845,0.37751287
718,0.3124275,0.0935591,1.2810393e-05,0.19370636,0.40029418
719,0.31985128,0.04552086,1.1255087e-06,0.3767208,0.25790593
720,0.06947676,0.119650126,0.38483062,0.0768534,0.3491891
721,0.07628926,0.14183053,0.24604261,0.044834338,0.4910033
722,0.08820228,0.059867978,0.1547396,0.13911812,0.55807203
723,0.041126408,0.08396288,0.13056844,0.20159407,0.5427482
724,0.10912795,0.030444674,0.08180182,0.19234018,0.58628535
725,0.043582506,0.0525273,0.06780439,0.26171064,0.5743752
726,0.11120699,0.0032137702,0.04281454,0.27402663,0.56873816
727,0.13163646,2.4250003e-05,0.018151058,0.34025303,0.5099352
728,0.092036635,0.0023417783,0.08816827,0.25624418,0.56120914
729,0.17467341,0.003876891,0.14817403,0.14353436,0.5297412
730,0.18188854,0.0005970232,0.07936559,0.16925046,0.5688984
731,0.15877016,0.011247594,0.0954978,0.20086415,0.5336203
732,0.073438734,0.101917356,0.2184174,0.100622065,0.50560445
733,0.09034727,0.085269414,0.27220234,0.13274308,0.4194379
734,0.032812543,0.22060786,0.27082366,0.09777403,0.37798187
735,0.01861192,0.17393745,0.34332886,0.040234793,0.42388695
736,7.531281e-09,0.23065779,0.4135815,0.093368284,0.26239246
737,7.2151582e-09,0.20822021,0.51659715,0.053779803,0.22140282
738,0.022516822,0.36622167,0.45431215,0.017866176,0.13908315
739,0.030785732,0.40252787,0.45562077,0.032118257,0.07894738
740,0.022825353,0.41525242,0.51192504,0.013917053,0.036080156
741,0.084561154,0.3820586,0.49204358,0.020856626,0.020480111
742,0.08138885,0.34569412,0.5268147,0.005550923,0.04055142
743,0.03462704,0.2786741,0.5402833,0.008361682,0.13805394
744,0.058165725,0.28662416,0.54079103,0.020013943,0.09440504
745,0.06332665,0.19491184,0.53294647,0.036398795,0.1724163
746,0.12035181,0.098931074,0.46732777,0.04741462,0.26597473
747,0.073801614,0.15782222,0.2258971,0.06481048,0.47766867
748,0.15109344,0.21909447,0.094754726,0.05253572,0.48252162
749,0.18976961,0.16528916,0.039759133,0.08247695,0.52270514
750,0.24876347,0.15645993,0.003378069,0.07811537,0.5132832
751,0.27050993,0.16881804,0.0093815485,0.05238854,0.4989019
752,0.43146637,0.10863209,3.047698e-05,0.043930847,0.41594025
753,0.41966772,0.051336113,5.8181727e-06,0.084118076,0.44487226
754,0.44839558,0.08958453,1.812518e-05,0.022879384,0.43912244
755,0.5268726,0.07882697,5.0361464e-06,0.05425558,0.34003988
756,0.405157,0.0981852,0.00011930444,0.112672724,0.38386583
757,0.50394964,0.09473215,1.5287367e-06,0.09442281,0.30689386
758,0.26819304,0.12554799,0.021634378,0.17689922,0.4077253
759,0.24009062,0.09020801,0.047706466,0.32826096,0.293734
760,0.06153552,0.15921642,0.24393712,0.044416536,0.49089444
761,0.02136184,0.19742091,0.19818512,0.054761052,0.5282711
762,0.119270705,0.14178506,0.09764332,0.17142296,0.46987796
763,0.06950192,0.115315996,0.06283983,0.19332704,0.5590153
764,0.087964326,0.09076593,7.701362e-05,0.2510646,0.57012814
765,0.079327635,0.08120772,0.0071628666,0.24143939,0.59086233
766,0.08392967,0.05362328,0.03459978,0.29893613,0.52891105
767,0.09975665,0.08324562,0.017592518,0.21504022,0.584365
768,0.1379489,0.050375693,0.073253945,0.16440581,0.5740156
769,0.16605954,0.00055298035,0.06947945,0.21626028,0.54764783
770,0.24350643,0.041135762,0.03434224,0.15035208,0.5306635
771,0.16976738,0.11173105,0.0966034,0.0893342,0.532564
772,0.07322594,0.0609056,0.19205925,0.1557913,0.51801795
773,0.1525762,0.15975228,0.19580804,0.13308741,0.35877603
774,0.018362693,0.2589997,0.34990135,0.094888344,0.27784795
775,0.03816665,0.34596974,0.34529388,0.10358997,0.16697975
776,0.008832292,0.31314036,0.42551592,0.087007225,0.16550416
777,0.04546575,0.29659614,0.49587026,0.03646635,0.12560146
778,0.02267362,0.33593333,0.48933873,0.03596971,0.11608463
779,0.03822883,0.32652655,0.49940115,0.013477921,0.12236555
780,0.0073257433,0.32572624,0.5312423,0.012287619,0.12341809
781,0.054949787,0.32384682,0.52262807,0.018623296,0.07995204
782,6.9171606e-09,0.39965817,0.5486131,0.0056458293,0.046082847
783,0.034668922,0.32843345,0.54413813,0.021531437,0.071227975
784,0.045240983,0.27275738,0.5585621,0.013943968,0.10949551
785,0.04998712,0.1605674,0.5222792,0.028773662,0.23839265
786,0.058628187,0.13158363,0.32222044,0.047975816,0.43959197
787,0.03738395,0.16060252,0.1779605,0.07041606,0.5536369
788,0.09026431,0.24374565,0.11156252,0.040505897,0.5139216
789,0.16530925,0.20744343,0.06291799,0.051383767,0.51294553
790,0.110793255,0.19275425,0.11151591,0.066604175,0.5183324
791,0.23098156,0.1858497,0.03940983,0.045506712,0.49825224
792,0.3031595,0.17219931,0.0004685466,0.04070342,0.4834692
793,0.46556965,0.1290196,0.01121697,0.025490953,0.3687029
794,0.45512465,0.051487245,0.014523927,0.036263864,0.44260028
795,0.4250031,0.08794261,1.4977119e-05,0.06830081,0.41873842
796,0.4860796,0.049168874,1.290895e-06,0.15767634,0.30707395
797,0.42098808,0.109273344,2.3690432e-06,0.17386678,0.2958694
798,0.21647388,0.18286198,2.7086167e-05,0.30398357,0.29665348
799,0.18410878,0.09680175,0.036427844,0.35641643,0.32624525
800,0.09810994,0.18685247,0.27445403,0.0784167,0.36216682
801,0.15188739,0.1851284,0.121874824,0.11004274,0.43106666
802,0.094682425,0.12195697,0.03483533,0.15875976,0.5897655
803,0.094458334,0.05298499,0.00011799604,0.25647944,0.59595925
804,0.08227772,0.020282038,0.03504586,0.33220795,0.5301864
805,0.08276327,0.12142764,0.0010160787,0.2443882,0.5504048
806,0.0904221,0.087063596,0.06485163,0.20556343,0.5520993
807,0.06780143,0.13947715,0.058572758,0.18573415,0.5484146
808,0.1566016,0.056390338,0.0017509614,0.18141241,0.6038447
809,0.26989692,0.032321427,0.04964721,0.11391228,0.5342221
810,0.11914508,0.16167086,0.058780164,0.103921495,0.55648243
811,0.23876403,0.068562135,0.030952744,0.15158778,0.5101333
812,0.15335876,0.10473334,0.14641795,0.12420031,0.4712896
813,0.08986778,0.16365288,0.22710252,0.12710504,0.39227176
814,0.057296492,0.2765448,0.30416673,0.15531248,0.20667951
815,0.057001747,0.45679718,0.26881766,0.09299757,0.12438583
816,0.061171908,0.335092,0.36433372,0.13558856,0.10381378
817,0.031537395,0.3429347,0.36043176,0.058312554,0.20678353
818,0.0077761477,0.42239842,0.39026004,0.034511156,0.1450542
819,0.07375707,0.3189976,0.48225504,0.04259091,0.08239932
820,0.050690893,0.28853908,0.54152775,0.024137605,0.09510475
821,0.038109876,0.35433152,0.53056043,0.011014299,0.06598384
822,7.4630035e-09,0.22673705,0.54480714,0.0055676643,0.22288811
823,0.0012890596,0.29336566,0.5631843,0.014181224,0.12797977
824,4.646694e-07,0.2587353,0.54774165,0.0037978084,0.18972479
825,0.020770162,0.16547099,0.5253852,0.039030485,0.24934313
826,0.042996876,0.111028515,0.381081,0.07550161,0.38939202
827,0.07566926,0.1324091,0.24663804,0.030036563,0.515247
828,0.069664605,0.18929394,0.15462352,0.057494048,0.52892387
829,0.14325346,0.19079939,0.10207392,0.042921964,0.5209512
830,0.1254909,0.1723419,0.06531093,0.09145246,0.5454037
831,0.23334506,0.18626942,0.040454425,0.04785238,0.49207872
832,0.29482037,0.17845486,0.00865069,0.058467064,0.459607
833,0.44461828,0.07491858,1.8479597e-06,0.11190376,0.3685575
834,0.49602008,0.11678757,2.460839e-06,0.0683532,0.3188367
835,0.46694186,0.13506214,0.014303468,0.077312164,0.30638042
836,0.5282373,0.08776981,2.5880472e-06,0.11934036,0.26464996
837,0.46853217,0.12862365,0.0008530075,0.12779225,0.27419892
838,0.32545108,0.16537568,2.2413331e-05,0.2917365,0.21741433
839,0.16193743,0.10791737,2.8129054e-06,0.5134384,0.21670401
840,0.1411641,0.298649,0.12828092,0.07711977,0.3547862
841,0.07108259,0.24793258,0.028756034,0.0895551,0.5626736
842,0.15436389,0.04705302,0.06907878,0.20099339,0.528511
843,0.06864238,0.21391952,0.0067004776,0.20221743,0.5085202
844,0.06149417,0.12684448,0.0006981346,0.23250209,0.57846117
845,0.046414692,0.10348387,0.0004000872,0.30011004,0.54959124
846,0.12048595,0.10701896,0.00017546485,0.1913522,0.5809674
847,0.11226936,0.06546529,3.5969086e-05,0.24619092,0.57603854
848,0.1364702,0.08070589,0.06272022,0.16590786,0.5541958
849,0.15441008,0.15189128,0.00017813113,0.2337916,0.4597289
850,0.10831182,0.16851434,0.07339099,0.14094958,0.50883335
851,0.20264731,0.21441975,0.094823174,0.15527269,0.33283705
852,0.13931072,0.25014034,0.16791178,0.11798284,0.3246543
853,0.18777822,0.24605946,0.15694915,0.21893983,0.19027334
854,0.12667313,0.30013916,0.2151716,0.14982198,0.20819409
855,0.055932555,0.37741718,0.17083406,0.1481084,0.24770777
856,0.032481257,0.48588064,0.20445196,0.08619423,0.19099185
857,0.06712045,0.32922965,0.3178394,0.1232037,0.16260673
858,0.037438527,0.2866805,0.50005823,0.07328118,0.102541655
859,0.033594888,0.32979244,0.4823102,0.050804418,0.10349808
860,0.051639974,0.30241707,0.511102,0.04817784,0.08666308
861,0.046435885,0.18350667,0.5753152,0.08274148,0.11200074
862,0.006939888,0.339174,0.5276723,0.032680474,0.09353333
863,0.020360626,0.23961489,0.571341,0.029169371,0.13951415
864,0.01880642,0.1765259,0.50262624,1.6524481e-08,0.30204144
865,0.019626383,0.08454281,0.5061929,0.0430388,0.3465991
866,0.054839134,0.14072195,0.32346722,0.03401933,0.4469523
867,0.06297329,0.1686421,0.20736033,0.05054787,0.51047635
868,0.10481495,0.18450418,0.13042495,0.06453606,0.51571983
869,0.024987413,0.21554574,0.15744776,0.08235676,0.5196623
870,0.13145505,0.17692713,0.10541486,0.060046207,0.5261567
871,0.34168985,0.07176738,8.856368e-05,0.079527445,0.5069268
872,0.39175022,0.11131966,0.011698373,0.03644539,0.44878638
873,0.5063655,0.06346607,9.521528e-06,0.04115014,0.3890088
874,0.5424018,2.6145286e-05,0.03613546,0.0807757,0.3406609
875,0.50694025,0.12551762,0.005305947,0.1046206,0.25761554
876,0.49230573,0.13219646,0.02352685,0.11888752,0.23308341
877,0.39830765,0.04035881,0.06778538,0.1926017,0.30094647
878,0.30463693,0.1658193,0.041878298,0.19249025,0.29517522
879,0.2841232,0.14525068,0.009538968,0.3046191,0.25646806
880,0.13293557,0.3336791,0.029506173,0.11823025,0.38564888
881,0.19996484,0.22887196,0.058549862,0.07577558,0.43683773
882,0.07159252,0.12693433,0.0007717086,0.24380945,0.556892
883,0.15375131,0.16436316,1.4921363e-05,0.23771755,0.44415307
884,0.046363037,0.17814027,0.0001607045,0.26589996,0.5094361
885,0.041253522,0.14737824,0.00032155565,0.31586638,0.4951803
886,0.0890178,0.20140576,0.0009960403,0.14990722,0.5586732
887,0.07216188,0.1627584,0.021868624,0.19775613,0.5454549
888,0.1359165,0.21504465,0.0026657882,0.08924698,0.5571261
889,0.12436358,0.16256435,0.062465835,0.13156056,0.51904565
890,0.103271306,0.20372447,0.057185087,0.14198938,0.4938297
891,0.18427375,0.19658792,0.10865369,0.14785989,0.3626247
892,0.27213565,0.16226223,0.19381809,0.17072989,0.20105416
893,0.17881945,0.35928485,0.056899082,0.13746235,0.26753435
894,0.15091504,0.31238332,0.14178118,0.18354815,0.21137226
895,0.099495135,0.35373953,0.1644201,0.1883845,0.19396073
896,0.090453066,0.3448506,0.19633304,0.18996118,0.17840213
897,0.03491105,0.45983866,0.16968535,0.18091425,0.15465067
898,0.102438524,0.32481766,0.28459525,0.110362306,0.17778629
899,0.09729049,0.19030218,0.36417088,0.124867685,0.2233687
900,0.11942751,0.2496505,0.48470983,0.029957527,0.116254635
901,0.062062655,0.19226822,0.52199715,0.058453064,0.16521885
902,0.04656397,0.1896883,0.5305106,0.051446762,0.18179034
903,0.02207111,0.10430242,0.5460145,0.03581616,0.29179582
904,0.049060296,0.13680293,0.5190094,0.0851775,0.20994984
905,0.031426672,0.11395026,0.48261604,0.04707524,0.32493183
906,0.021484358,0.096278764,0.3902642,0.07389075,0.4180819
907,0.046207152,0.15319888,0.21848136,0.079474844,0.50263774
908,0.04821547,0.15862487,0.15253992,0.09321749,0.5474022
909,0.095397264,0.19892067,0.089460015,0.09250187,0.52372015
910,0.18115476,0.15308201,0.08376209,0.08134639,0.50065476
911,0.25568333,0.15091048,0.07463726,0.069351636,0.44941726
912,0.4140122,0.10092801,0.031042216,0.061617143,0.39240044
913,0.4924096,0.0457885,0.12651247,0.06600616,0.2692833
914,0.5222908,0.07936844,0.06409707,0.10581032,0.22843342
915,0.5171742,0.111192554,0.12680943,0.12416589,0.1206579
916,0.4676945,0.13600253,0.09787665,0.06908318,0.22934318
917,0.44958535,0.092266865,0.19096702,0.107514985,0.15966576
918,0.35254452,0.13934645,0.071769446,0.20218378,0.23415574
919,0.29894054,0.09746705,0.08282117,0.32110173,0.19966951
920,0.17193405,0.28123614,0.060740013,0.11089527,0.37519452
921,0.12322795,0.39860886,0.00044437102,0.13628016,0.34143865
922,0.112150624,0.25987178,0.0261105,0.16972107,0.4321461
923,0.1281745,0.10538936,0.00012327028,0.19230683,0.5740061
924,0.04449515,0.21130314,0.04280789,0.17403582,0.527358
925,0.047135174,0.19815081,0.008675552,0.20866542,0.53737307
926,0.07184748,0.2475063,0.024491848,0.16871592,0.48743844
927,0.07237367,0.20056471,0.0011602059,0.18521948,0.54068196
928,0.08037577,0.15132698,0.0071210857,0.21768527,0.5434908
929,0.07770545,0.17906977,0.085969314,0.15644939,0.5008061
930,0.1601618,0.227957,0.025594136,0.1360754,0.45021164
931,0.2071917,0.40037754,0.03025027,0.09918478,0.26299566
932,0.1916278,0.37712228,0.04672483,0.18477271,0.1997524
933,0.19020629,0.31087902,0.06915807,0.22063695,0.20911963
934,0.11345898,0.38052237,0.09094956,0.2057046,0.20936446
935,0.114986196,0.3283418,0.129695,0.23856255,0.18841447
936,0.10266459,0.36836293,0.07515129,0.24246708,0.21135414
937,0.09532697,0.28546226,0.17841052,0.23941885,0.2013814
938,0.14423239,0.15611067,0.18150117,0.24320298,0.27495274
939,0.12908307,0.1780212,0.36104876,0.117123544,0.21472345
940,0.04561329,0.15497865,0.49961072,0.13001251,0.16978484
941,0.09009732,0.124708354,0.49920526,0.059948537,0.22604056
942,0.035587873,0.1918928,0.5246062,0.041743316,0.20616974
943,7.983334e-09,0.14540833,0.546872,0.07962292,0.2280967
944,0.0433573,0.109945655,0.505001,0.053216763,0.2884793
945,7.2890955e-09,0.13580523,0.4577331,0.07135379,0.3351078
946,0.03237169,0.07966581,0.3689016,0.10139073,0.41767022
947,0.023740249,0.13146554,0.24172224,0.12115638,0.4819156
948,0.07266469,0.17114043,0.16157351,0.081971094,0.5126502
949,0.1856284,0.1405839,0.1494015,0.08924208,0.4351441
950,0.14468284,0.16645448,0.09553612,0.08260151,0.51072496
951,0.37304243,0.15085131,0.130903,0.1103475,0.23485576
952,0.35094982,0.17509511,0.1511246,0.10722137,0.21560907
953,0.47984746,0.02564157,0.23143433,0.10725844,0.15581815
954,0.5327667,0.042700965,0.12596035,0.112667136,0.18590477
955,0.5095518,0.07941939,0.1619275,0.118401684,0.13069959
956,0.49595907,0.06113613,0.17973693,0.08092464,0.1822433
957,0.48164794,0.11887245,0.11652054,0.12018406,0.162775
958,0.33730146,0.16279285,0.20813112,0.11456571,0.17720883
959,0.2263595,0.2633171,0.045725115,0.26603875,0.19855952
960,0.18530826,0.32936835,0.000337745,0.12362382,0.36136186
961,0.13344263,0.30587584,5.0134786e-05,0.19232844,0.368303
962,0.17659761,0.11779668,2.9092136e-05,0.2117763,0.49380028
963,0.21622096,7.2520335e-05,3.5965413e-06,0.23979191,0.54391104
964,0.07490087,0.22773008,0.00030994424,0.27213258,0.42492652
965,0.011229365,0.1955581,0.08110584,0.2010004,0.5111063
966,0.044736803,0.20869717,0.0074534696,0.21461503,0.5244975
967,0.06294416,0.25058708,0.059734233,0.11332349,0.51341105
968,0.037899714,0.27422878,0.096317865,0.09012618,0.5014275
969,0.06320903,0.2360246,0.0418384,0.16778195,0.49114603
970,0.046969358,0.26850942,0.119361624,0.16687067,0.39828897
971,0.18697354,0.24277955,0.112467155,0.17134435,0.28643546
972,0.1394163,0.2896794,0.092131205,0.23537365,0.24339941
973,0.18248947,0.27347612,0.11116033,0.20439008,0.22848405
974,0.15523234,0.3323913,0.064702675,0.21831414,0.22935952
975,0.06576902,0.40250015,0.060163822,0.27050376,0.20106329
976,0.09226846,0.3065622,0.07619999,0.3546232,0.17034619
977,0.1611095,0.2299156,0.07676423,0.28762582,0.24458481
978,0.09996689,0.2478381,0.07279236,0.2385497,0.34085295
979,0.13931488,0.15127093,0.30317637,0.20616046,0.20007738
980,0.092627175,0.018642163,0.36666647,0.20833996,0.31372428
981,0.031247128,0.090306066,0.47357258,0.09967793,0.3051963
982,0.055991266,0.09256267,0.46097222,0.09550483,0.294969
983,6.9806037e-09,0.09787599,0.51800424,0.10113413,0.2829856
984,0.017176999,0.097021274,0.50860184,0.08956454,0.28763536
985,0.0010851327,0.10868021,0.4193076,0.091063835,0.37986323
986,0.03985657,0.08908632,0.3365226,0.1055684,0.4289661
987,0.04344404,0.15287733,0.21702634,0.075121365,0.5115309
988,0.05169174,0.117725804,0.24287865,0.13225368,0.45545015
989,0.10332784,0.087255865,0.22021659,0.16664279,0.42255694
990,0.20714255,0.17373353,0.124799564,0.17988771,0.3144366
991,0.24709165,0.16850208,0.20671642,0.18216817,0.1955217
992,0.22290875,0.086508505,0.41849607,0.129129,0.14295767
993,0.41669792,0.10573616,0.20534642,0.1265581,0.14566141
994,0.45660856,0.04968269,0.28748682,0.06372597,0.14249592
995,0.47351992,0.08002758,0.20198879,0.09151325,0.15295051
996,0.51781696,0.009186168,0.2683467,0.10139569,0.10325443
997,0.3685067,0.106452994,0.31083962,0.13109827,0.08310241
998,0.32692498,0.07293007,0.35105932,0.09569968,0.1533859
999,0.2813448,0.09441776,0.19644988,0.20270643,0.2250811
1000,0.17576656,0.50087786,0.030240599,0.065641396,0.22747353
1001,0.1400476,0.38554814,8.791768e-05,0.15493263,0.3193837
1002,0.16314088,0.22611968,3.945227e-05,0.1867481,0.42395192
1003,0.15243924,0.12418415,0.00016148725,0.16389087,0.55932426
1004,0.08244709,0.20622395,0.0027189646,0.18874149,0.5198685
1005,0.007918289,0.15881301,0.069829784,0.24116984,0.52226907
1006,0.034706756,0.21234933,0.07387226,0.15442546,0.5246462
1007,0.0212975,0.22767192,0.07727808,0.1317536,0.54199886
1008,0.025531096,0.2070347,0.12512569,0.1501201,0.4921884
1009,0.05734486,0.24407172,0.092203975,0.13120054,0.4751789
1010,0.07570407,0.16908196,0.08923926,0.17912376,0.486851
1011,0.18170345,0.3008803,0.13671413,0.123200715,0.2575014
1012,0.12711765,0.26093334,0.16325662,0.24386135,0.20483105
1013,0.14065023,0.26767153,0.10011319,0.21531427,0.27625078
1014,0.13285308,0.1952184,0.114020236,0.35027424,0.20763396
1015,0.1623845,0.1855437,0.09499268,0.3982555,0.15882356
1016,0.13982055,0.20419367,0.058474552,0.4163988,0.18111244
1017,0.08342873,0.08069156,0.0011790838,0.43562105,0.39907956
1018,0.118961245,0.10474813,0.11249706,0.3436931,0.3201004
1019,0.100784056,0.059478924,0.3140224,0.17915674,0.3465579
1020,0.06607168,0.0846759,0.31212807,0.15861818,0.3785062
1021,0.008400367,0.11898817,0.39522308,0.13047801,0.34691033
1022,0.04274244,0.056670867,0.51526487,0.1257257,0.25959614
1023,6.9977464e-09,0.12478326,0.46009806,0.092952095,0.3221666
1024,7.9425675e-09,0.092498146,0.5045213,0.081474416,0.32150602
1025,0.0201811,0.10620638,0.46687555,0.0827545,0.32398248
1026,8.103066e-09,0.13514364,0.38725695,0.13755848,0.34004092
1027,0.029830422,0.0564379,0.3444722,0.20439748,0.364862
1028,0.072745375,0.13964799,0.34551027,0.1687093,0.2733871
1029,0.093394525,0.27164194,0.23816411,0.1529475,0.24385189
1030,0.11505291,0.28882486,0.23503801,0.111027,0.25005722
1031,0.25285402,0.20222615,0.24547522,0.14774382,0.15170078
1032,0.26374546,0.2109767,0.2862944,0.13560998,0.103373446
1033,0.36678028,0.10006627,0.2698797,0.13229351,0.13098031
1034,0.30079478,0.10294854,0.39177084,0.10313906,0.10134677
1035,0.3342122,0.031332426,0.39165705,0.13608982,0.10670851
1036,0.33200237,0.1015129,0.34434548,0.07086943,0.15126985
1037,0.29592663,0.103841126,0.3188307,0.12763384,0.1537677
1038,0.32856688,9.1866505e-06,0.35474977,0.14541286,0.17126116
1039,0.318477,0.08436544,0.31204408,0.05835028,0.22676317
1040,0.21372597,0.39960414,0.025905285,0.058520716,0.30224386
1041,0.16363499,0.38928455,0.021779438,0.16919124,0.2561098
1042,0.13202676,0.31221357,8.93601e-05,0.18443519,0.37123507
1043,0.06962035,0.23589808,0.0019247422,0.15147574,0.54108113
1044,0.058905132,0.21821983,0.057129312,0.13333106,0.5324147
1045,0.028929623,0.21574205,0.0607429,0.16076191,0.53382355
1046,1.7315163e-07,0.24936666,0.13377902,0.12438157,0.49247256
1047,0.020458866,0.23870699,0.09680626,0.08802857,0.5559993
1048,0.02835055,0.22460009,0.116523795,0.112970404,0.51755506
1049,0.063166074,0.13075829,0.16338332,0.121777885,0.52091444
1050,0.029095674,0.16292101,0.18920629,0.1989384,0.41983864
1051,0.10064139,0.2454542,0.11378913,0.1843503,0.35576493
1052,0.13501292,0.26679137,0.17870958,0.14760704,0.2718791
1053,0.09242056,0.07503848,0.23280725,0.292028,0.30770573
1054,0.06554673,0.19847158,0.088783085,0.47037736,0.17682125
1055,0.18167508,0.17878568,5.4058664e-06,0.4280616,0.21147229
1056,0.12262464,0.13052662,0.014675037,0.47692597,0.25524774
1057,0.13652387,0.13817653,0.030079382,0.44133878,0.25388142
1058,0.092220545,0.063405775,0.13570775,0.40139237,0.30727357
1059,0.16686805,0.065453134,0.13278146,0.25953707,0.3753603
1060,0.044568546,0.059168313,0.263694,0.19695035,0.43561885
1061,7.3380777e-09,0.16033077,0.30731046,0.13052244,0.4018363
1062,0.051383138,0.06257387,0.30711848,0.11352971,0.46539477
1063,7.2519293e-09,0.13214332,0.49316004,0.056206495,0.3184902
1064,7.2511464e-09,0.12839879,0.48989454,0.115221895,0.26648474
1065,0.019405486,0.11103455,0.47205275,0.10230008,0.29520708
1066,0.008569239,0.09424361,0.42992902,0.1338241,0.33343405
1067,0.015743526,0.1290648,0.38456887,0.143177,0.32744578
1068,0.04842945,0.15490296,0.36347055,0.153599,0.27959806
1069,0.05162639,0.15266176,0.31781676,0.25624993,0.22164516
1070,0.056127332,0.3392327,0.18149337,0.18507183,0.23807478
1071,0.1412457,0.33345136,0.27308062,0.14206144,0.11016089
1072,0.18128239,0.18250017,0.40040806,0.14985178,0.08595758
1073,0.252079,0.19273357,0.30156887,0.13357373,0.120044835
1074,0.29479468,0.13336414,0.39792594,0.06515326,0.108762056
1075,0.29202616,0.06336836,0.40066886,0.11904599,0.12489072
1076,0.22638477,0.12135407,0.3244058,0.1187988,0.20905662
1077,0.26995036,0.10699923,0.42393774,0.04099572,0.15811694
1078,0.23899075,0.1406989,0.36633325,0.07308559,0.18089148
1079,0.40393746,0.16797541,0.19110751,0.11353102,0.12344856
1080,0.1422374,0.51166606,0.04976822,0.11548364,0.18084463
1081,0.17150216,0.304307,0.004792438,0.122294046,0.39710435
1082,0.12105269,0.21134973,0.031337067,0.11620089,0.52005965
1083,0.11972424,0.16865277,0.024929464,0.12902184,0.5576717
1084,0.033534847,0.20683403,0.11386254,0.09198661,0.5537819
1085,0.029869646,0.20965172,0.10458349,0.11453419,0.5413609
1086,0.010814207,0.2620755,0.15904851,0.055662986,0.51239884
1087,0.029851308,0.21334559,0.15515484,0.07134122,0.530307
1088,0.042065423,0.2176573,0.095602445,0.115216866,0.529458
1089,0.0139400475,0.19920702,0.14230616,0.15235443,0.49219233
1090,0.09509772,0.24670173,0.1172618,0.19242588,0.3485129
1091,0.13007955,0.12549652,0.2467716,0.21534006,0.28231227
1092,0.14017905,0.21246944,0.06806088,0.35015622,0.22913434
1093,0.115968,0.2683513,0.09975161,0.34743115,0.16849796
1094,0.11973363,0.1968375,0.0527665,0.40720809,0.2234543
1095,0.1308071,0.114329085,5.204065e-06,0.5510941,0.20376447
1096,0.1233918,0.23258585,0.043652315,0.48172325,0.118646756
1097,0.08012773,0.19814388,0.023172826,0.42032406,0.2782315
1098,0.032449394,0.09849839,0.04061866,0.44034082,0.38809276
1099,0.104105674,0.13278526,0.07207926,0.32048857,0.37054116
1100,0.055153653,0.069308646,0.119170286,0.259635,0.49673244
1101,0.01754032,0.10815534,0.2784912,0.17337237,0.4224407
1102,0.006887994,0.10128365,0.35668027,0.1737973,0.36135072
1103,0.035844836,0.06573116,0.44085813,0.14051029,0.31705552
1104,7.111085e-09,0.12525773,0.45394808,0.08480125,0.33599293
1105,7.61096e-09,0.15266222,0.45176786,0.08667619,0.30889374
1106,0.016068565,0.12841341,0.5018951,0.116771646,0.23685135
1107,0.017756488,0.11288613,0.39489555,0.15947819,0.3149836
1108,1.0065124e-07,0.20765825,0.34649226,0.16989988,0.2759495
1109,0.095584236,0.39363584,0.22835734,0.18031499,0.10210753
1110,0.13373555,0.3060873,0.29999828,0.14086032,0.119318604
1111,0.096222684,0.19950798,0.37788132,0.16633399,0.16005406
1112,0.14857866,0.2181312,0.4438458,0.16386655,0.025577767
1113,0.25245145,0.19685806,0.36398947,0.1501966,0.036504388
1114,0.25614008,0.26389444,0.26992768,0.10077688,0.10926092
1115,0.20190342,0.26746282,0.2726399,0.11629848,0.14169537
1116,0.26113176,0.13352695,0.34365276,0.07314009,0.18854852
1117,0.33345887,0.19204086,0.22587687,0.12786576,0.120757654
1118,0.22159664,0.07175629,0.46552503,0.045575906,0.19554618
1119,0.30534163,0.16791935,0.22763683,0.07612694,0.2229753
1120,0.09919291,0.45440596,0.007151595,0.13065282,0.30859673
1121,0.057292894,0.2968152,0.09555661,0.09188451,0.45845082
1122,0.052690584,0.27558592,0.095481955,0.092706054,0.48353544
1123,0.061319042,0.22164947,0.055638097,0.13012885,0.53126454
1124,0.02272239,0.20804034,0.14654605,0.12520808,0.49748316
1125,0.017714245,0.2030666,0.14027329,0.10072088,0.538225
1126,2.546017e-07,0.20918435,0.112673394,0.1483083,0.5298337
1127,0.012131435,0.2253005,0.17389016,0.096457824,0.4922201
1128,3.326739e-08,0.21524872,0.18031566,0.111751586,0.49268398
1129,0.10989979,0.12867522,0.079551466,0.16169555,0.5201779
1130,0.08686914,0.07900176,0.27823505,0.2070385,0.34885556
1131,0.076003976,0.042718843,0.22697052,0.2509005,0.40340617
1132,0.18142226,0.10347999,0.21900769,0.25998816,0.23610191
1133,0.16375835,0.20368053,0.076755926,0.38691837,0.1688868
1134,0.18603851,0.15093973,0.08102584,0.49888754,0.083108455
1135,0.069367655,0.18732549,0.044863746,0.5538544,0.14458868
1136,0.10933748,0.21363145,0.05446204,0.4643401,0.15822896
1137,0.075115785,0.09889754,0.123795934,0.4771743,0.22501639
1138,0.09663959,0.13788876,0.12718998,0.37936908,0.25891253
1139,0.066865586,0.1870499,0.075165264,0.20756297,0.4633563
1140,0.050247043,0.21834551,0.16391481,0.17085108,0.39664158
1141,0.0071453657,0.24806832,0.19353515,0.15683654,0.3944146
1142,0.012374602,0.13208874,0.40818247,0.044670876,0.40268335
1143,1.3212873e-06,0.13953702,0.49588552,0.11933049,0.24524562
1144,0.022847023,0.13765256,0.47655156,0.039404746,0.32354406
1145,4.5791086e-08,0.13526484,0.47963625,0.073881425,0.31121743
1146,1.7167002e-07,0.23060508,0.47274143,0.12938276,0.16727054
1147,3.365317e-07,0.25392607,0.45326832,0.10303478,0.18977045
1148,0.055642158,0.24650832,0.3873986,0.09929376,0.21115722
1149,0.07280497,0.28544563,0.22755918,0.13380998,0.28038028
1150,0.044346407,0.4272625,0.2220048,0.16394864,0.14243765
1151,0.15295732,0.28418493,0.25172156,0.20206192,0.109074235
1152,0.09784009,0.33544835,0.22983101,0.2039478,0.1329328
1153,0.16862889,0.29297972,0.27006674,0.16803424,0.100290455
1154,0.2247595,0.15756324,0.30539,0.20788494,0.104402326
1155,0.20607883,0.29571447,0.2510965,0.13495335,0.11215683
1156,0.20339409,0.19691512,0.16195805,0.19580305,0.24192974
1157,0.26260102,0.30825052,0.18009618,0.109158024,0.13989428
1158,0.3770046,0.11829589,0.28161874,0.08419456,0.13888624
1159,0.25985622,0.13646775,0.39896116,0.085631825,0.119083025
1160,0.13091485,0.35822758,0.070525415,0.12274875,0.31758335
1161,0.07598366,0.25738063,0.07451475,0.07013604,0.521985
1162,0.12767506,0.20062858,0.0012865883,0.08210527,0.5883045
1163,0.037150573,0.2614305,0.11491625,0.060987685,0.525515
1164,0.035554834,0.23582217,0.1400324,0.037445515,0.5511451
1165,0.019043827,0.1995472,0.15915725,0.095388986,0.5268627
1166,0.05036321,0.24807133,0.13016321,0.03389321,0.5375091
1167,0.03777335,0.19204503,0.116104916,0.13526757,0.51880914
1168,0.04384638,0.18991429,0.12037795,0.12801103,0.51785034
1169,0.05631169,0.105920814,0.1473244,0.19112168,0.4993214
1170,0.12965214,0.06349186,0.2158002,0.21737096,0.3736848
1171,0.19655052,0.053762753,0.20697217,0.25194815,0.2907664
1172,0.17370929,0.14964561,0.16637973,0.2302226,0.28004274
1173,0.13592936,0.14743692,0.110666074,0.46578604,0.14018157
1174,0.111553684,0.15624139,0.06666601,0.46529692,0.20024206
1175,0.118374065,0.115275815,0.016400533,0.56351835,0.1864313
1176,0.072886035,0.2197317,1.7698449e-05,0.5170522,0.19031239
1177,0.1815131,0.17187095,0.027955143,0.3927874,0.22587337
1178,0.0065168557,0.2499644,0.018704215,0.4405265,0.28428805
1179,0.041520864,0.25099444,0.09205005,0.1955414,0.41989326
1180,0.019890785,0.16891864,0.1995429,0.13505632,0.47659138
1181,0.025309747,0.15523419,0.23587449,0.09486246,0.48871914
1182,3.6112651e-06,0.1677264,0.36529377,0.068763785,0.3982124
1183,0.013176358,0.1599144,0.42747515,0.025272943,0.37416115
1184,7.3223596e-08,0.16700429,0.5108439,0.11640112,0.20575067
1185,1.2720828e-07,0.18046898,0.50423574,0.092806645,0.22248851
1186,7.643587e-09,0.17092119,0.5169492,0.12199639,0.19013329
1187,5.109795e-08,0.2736609,0.46671936,0.09975221,0.15986747
1188,1.7915279e-07,0.44102916,0.3458463,0.13638648,0.076737925
1189,0.061973844,0.33099693,0.31121045,0.16298565,0.13283311
1190,0.101656884,0.37142017,0.18780868,0.13994259,0.19917165
1191,0.13649373,0.30020112,0.0760183,0.2037663,0.28352055
1192,0.17674719,0.35576537,0.1591826,0.15782447,0.15048034
1193,0.20871137,0.28912926,0.18480337,0.14032556,0.17703046
1194,0.21332936,0.18012992,0.14040083,0.30225435,0.16388556
1195,0.26687944,0.1747516,0.21045434,0.18063186,0.16728275
1196,0.2772169,0.2406728,0.104488544,0.15114358,0.22647816
1197,0.20300403,0.28700945,0.15641166,0.1345129,0.21906196
1198,0.26119393,0.32549322,0.21289451,0.078138925,0.12227941
1199,0.47391394,0.1774784,0.11324351,0.07160295,0.1637612
1200,0.10451452,0.3007357,0.075665206,0.07734708,0.44173753
1201,0.08546012,0.27515692,0.07754954,0.06040393,0.5014295
1202,0.13792491,0.21655162,0.024066946,0.0738091,0.5476474
1203,0.058112495,0.2406473,0.13515706,0.032788746,0.5332944
1204,0.04047423,0.18802072,0.17066889,0.045112778,0.55572337
1205,0.02598806,0.22198686,0.14882416,0.04760577,0.55559516
1206,0.04797611,0.21307544,0.1320769,0.08384354,0.52302796
1207,0.08598593,0.15318961,0.1168501,0.09739394,0.54658043
1208,0.05672026,0.19263075,0.14690259,0.09147053,0.51227593
1209,0.14292683,0.11956757,0.055176742,0.20563212,0.47669667
1210,0.22857997,0.057831928,0.06771838,0.16978365,0.47608605
1211,0.14037053,0.058423642,0.19070758,0.32181272,0.28868553
1212,0.17270167,0.18559356,0.06342376,0.4442733,0.13400768
1213,0.1299959,0.042323545,0.20748721,0.46120065,0.15899277
1214,0.19165191,0.16006388,0.0500364,0.4621755,0.13607231
1215,0.098035276,0.23766375,0.019550852,0.5065369,0.13821325
1216,0.060113914,0.21723825,2.569179e-06,0.5356218,0.18702343
1217,0.0684496,0.24116771,0.045466185,0.48762506,0.15729144
1218,0.07865157,0.28445292,0.038041737,0.29854026,0.3003135
1219,0.07611195,0.18696557,0.11658061,0.22101797,0.3993239
1220,0.038255256,0.16866764,0.11111444,0.18551302,0.49644962
1221,0.035165545,0.16884045,0.23974934,0.078147836,0.47809684
1222,5.4121962e-08,0.16143313,0.43521836,0.06903383,0.33431464
1223,6.827418e-09,0.16824657,0.4782971,0.05358458,0.29987174
1224,3.2300598e-08,0.18002073,0.50330144,0.11167789,0.20499994
1225,6.4424572e-09,0.31542087,0.49745083,0.04669286,0.14043537
1226,3.6206583e-08,0.3070382,0.48198232,0.10146553,0.10951396
1227,0.009899398,0.29777238,0.45919222,0.059165098,0.17397097
1228,0.051141307,0.43244395,0.3436531,0.096286885,0.07647478
1229,0.10590607,0.37540326,0.2029656,0.16154847,0.15417662
1230,0.109546416,0.3449608,0.14706701,0.22393136,0.17449439
1231,0.28260598,0.18800482,0.13583161,0.22702491,0.16653268
1232,0.19646356,0.2360099,0.031794485,0.26705566,0.2686764
1233,0.33506307,0.17392617,0.07930027,0.20937599,0.20233446
1234,0.14784168,0.27051687,0.19474135,0.2100369,0.17686318
1235,0.13993108,0.22787409,0.13978235,0.25976297,0.2326495
1236,0.21069178,0.340678,0.08244637,0.14125217,0.22493175
1237,0.27057442,0.2667616,0.12473239,0.12863094,0.20930073
1238,0.24353635,0.24469335,0.2694972,0.11729773,0.124975406
1239,0.3922735,0.18683001,0.19892478,0.1414083,0.080563396
1240,0.17589825,0.23831007,0.0002960798,0.05182656,0.53366905
1241,0.12829505,0.22186868,0.048764177,0.0511719,0.54990023
1242,0.075103484,0.25747356,0.1324675,0.021031838,0.51392365
1243,0.07794444,0.255221,0.14099139,2.5790012e-08,0.5258431
1244,0.07392701,0.20721939,0.09669688,0.04373531,0.5784214
1245,0.052732475,0.22660755,0.11068049,0.047589023,0.5623904
1246,0.08319041,0.17804654,0.15698335,0.06272261,0.51905704
1247,0.0595668,0.15695725,0.11627782,0.13889018,0.5283079
1248,0.105646566,0.10317703,0.19056918,0.08991771,0.5106895
1249,0.2213802,7.9084704e-05,0.1576521,0.25400934,0.36687928
1250,0.36810657,0.07232952,0.05584326,0.22668147,0.27703917
1251,0.2958142,0.09856541,0.107384846,0.23825191,0.2599837
1252,0.27691448,0.06138328,0.11210956,0.34760016,0.20199256
1253,0.2613269,0.09473825,0.06768781,0.4905928,0.08565417
1254,0.13561912,0.15685114,0.076067284,0.5419948,0.08946767
1255,0.14140497,0.192053,0.0068507507,0.41666868,0.24302264
1256,0.066080414,0.31276363,0.06583839,0.4609754,0.09434225
1257,0.057636086,0.3334945,0.06503773,0.38421822,0.1596134
1258,0.08692375,0.28256166,0.07520713,0.32021028,0.23509711
1259,0.030991172,0.15054978,0.09796442,0.2767956,0.44369903
1260,0.03382436,0.15065794,0.14135723,0.17877729,0.49538317
1261,3.1222694e-07,0.21680595,0.26362458,0.091868766,0.4277003
1262,0.02396306,0.12802707,0.4589776,0.087509915,0.3015224
1263,6.7654664e-09,0.18087192,0.46280152,0.04999742,0.30632916
1264,3.205037e-08,0.22175334,0.48408836,0.04138476,0.25277355
1265,6.5421086e-09,0.36216408,0.47533563,0.032892127,0.12960817
1266,0.012174223,0.3263134,0.50003,0.023072733,0.1384097
1267,0.020105494,0.28537562,0.4933963,0.06323598,0.13788655
1268,0.02528131,0.39263266,0.40029985,0.13511315,0.046673033
1269,0.027833177,0.26406989,0.37517557,0.22146489,0.11145648
1270,0.06935448,0.28663346,0.28440794,0.14913611,0.21046801
1271,0.13403518,0.23680161,0.12157923,0.26551768,0.2420663
1272,0.28237966,0.21775678,0.037398294,0.25990012,0.20256515
1273,0.18638635,0.15316723,0.008776571,0.31377333,0.3378965
1274,0.24733435,0.16752242,0.029673066,0.3100834,0.24538673
1275,0.24943751,0.22995767,8.8214125e-05,0.23108026,0.28943634
1276,0.32055798,0.26278272,0.024202444,0.16356237,0.22889446
1277,0.28284627,0.3004827,0.070471644,0.16226687,0.18393254
1278,0.37300843,0.20972872,0.09742344,0.11140649,0.20843285
1279,0.46122712,0.15720937,0.16329025,0.12586683,0.0924065
1280,0.14179127,0.25114518,0.011051105,0.036810994,0.5592014
1281,0.084776476,0.2434215,0.055705678,0.05214471,0.5639517
1282,0.12006858,0.21340531,0.03645967,0.062914625,0.5671518
1283,0.04527972,0.25942615,0.15680236,0.008055885,0.5304359
1284,0.06723588,0.23060067,0.14864883,0.02058784,0.53292674
1285,0.09951646,0.20433944,0.12522897,0.028929746,0.54198533
1286,0.13163325,0.20938355,0.0474798,0.066068105,0.5454353
1287,0.21095657,0.04522426,0.1253458,0.09471505,0.5237583
1288,0.3534528,0.07287883,0.008243811,0.11714217,0.44828233
1289,0.44637468,1.9708762e-06,0.0969009,0.18072465,0.2759978
1290,0.45477787,0.13139692,1.6933288e-06,0.22680469,0.18701881
1291,0.3756919,0.09275707,0.21226409,0.19716698,0.122120015
1292,0.28982285,0.08169192,0.11038261,0.41959167,0.098510996
1293,0.29015028,0.19768111,0.05967276,0.3388663,0.11362952
1294,0.22368528,0.11377629,0.049945723,0.46871832,0.14387442
1295,0.15594976,0.131666,0.053250954,0.48334432,0.17578892
1296,0.112271935,0.12396574,1.109468e-05,0.52730924,0.23644195
1297,0.08750264,0.28748176,3.8449678e-05,0.3918191,0.23315808
1298,0.039953105,0.23391338,0.08180651,0.30301237,0.34131464
1299,0.047273997,0.22880441,0.09709918,0.17822829,0.4485941
1300,0.03755768,0.2684738,0.16520523,0.06402275,0.46474054
1301,3.648709e-08,0.23545808,0.37193277,0.071620636,0.32098842
1302,4.976094e-07,0.29736993,0.45109624,0.061821584,0.18971178
1303,2.2321997e-08,0.25643325,0.47642708,0.07257478,0.19456492
1304,2.4140082e-08,0.28787857,0.49046516,0.046316624,0.17533961
1305,0.013108775,0.28347054,0.5087805,0.07650171,0.1181385
1306,3.6884224e-08,0.24733867,0.49192056,0.10640776,0.154333
1307,0.01667357,0.26397988,0.51004976,0.15715793,0.05213888
1308,0.027884752,0.21047679,0.48279354,0.15456179,0.12428311
1309,0.037932172,0.29243162,0.36381257,0.22093219,0.084891416
1310,0.1121583,0.24856843,0.22152653,0.24831083,0.1694359
1311,0.18111575,0.19933201,0.3091984,0.23915604,0.07119787
1312,0.15882643,0.24805139,0.024259398,0.286741,0.28212187
1313,0.19698922,0.16273353,0.041908424,0.30842102,0.2899477
1314,0.20115149,0.15938373,0.07226914,0.2046016,0.36259404
1315,0.2405631,0.1363845,1.0609745e-05,0.2259142,0.39712766
1316,0.29792377,0.1466656,0.080900945,0.23012899,0.24438061
1317,0.34095985,0.31559205,0.034015596,0.11959658,0.18983595
1318,0.3640854,0.21440277,0.124598436,0.11084893,0.18606445
1319,0.45459935,0.25927463,0.1851908,0.06481204,0.03612327
1320,0.15805878,0.25067165,0.016638178,0.010253899,0.56437755
1321,0.15001445,0.2349794,0.027271025,0.023287533,0.56444764
1322,0.15818405,0.20859817,0.06481312,0.019797392,0.54860723
1323,0.13250454,0.2266911,0.033918332,0.05175474,0.55513126
1324,0.27176726,0.12742499,0.00014946387,0.030613203,0.57004505
1325,0.2045655,0.13954706,0.062154874,0.05597965,0.5377529
1326,0.23279391,0.1104553,0.06267321,0.06858807,0.5254895
1327,0.30929852,0.042476915,0.06922966,0.1745417,0.40445322
1328,0.45087117,0.041827943,0.14629602,0.14492802,0.21607685
1329,0.54572076,3.4411914e-06,0.08827393,0.1838177,0.1821842
1330,0.51165515,0.021034671,0.12774476,0.20615363,0.13341184
1331,0.4225067,0.03728965,0.13139315,0.28556538,0.12324514
1332,0.51055133,0.07687745,0.08782671,0.21501185,0.109732635
1333,0.3199166,0.08068194,0.098102234,0.38472837,0.11657083
1334,0.18977049,0.12883303,0.064313,0.4643194,0.15276404
1335,0.12039741,0.17083396,0.17090066,0.39690953,0.14095838
1336,0.10870456,0.21727179,0.01553697,0.44002658,0.21846008
1337,0.018721519,0.25277,0.06693538,0.30931833,0.3522547
1338,0.028712535,0.24432889,0.007897278,0.30166367,0.41739762
1339,0.02525521,0.1808984,0.12075688,0.26495993,0.40812957
1340,0.013551644,0.21468234,0.26085946,0.103539966,0.4073666
1341,1.8279571e-06,0.16720931,0.41776985,0.065419264,0.34959978
1342,6.650474e-09,0.1845385,0.43060058,0.050224543,0.33463636
1343,0.02914598,0.19302844,0.5124125,0.072079666,0.1933334
1344,7.0578805e-09,0.33093753,0.4781349,0.067237,0.12369053
1345,0.008978464,0.30005556,0.50907415,0.063783176,0.11810859
1346,0.01216271,0.32780272,0.48088688,0.0353572,0.14379057
1347,0.01619645,0.31957263,0.4964908,0.09086956,0.07687053
1348,0.029044237,0.19979694,0.4693871,0.17144476,0.13032694
1349,0.04905835,0.18990985,0.4013863,0.21065915,0.1489864
1350,0.053423032,0.27722082,0.34091225,0.26729044,0.061153468
1351,0.17538407,0.17715468,0.14806579,0.32209212,0.17730334
1352,0.13905396,0.13485216,0.15838748,0.33266237,0.235044
1353,0.17983785,0.15968302,0.0010554295,0.33536458,0.3240591
1354,0.18412554,0.31487924,4.1227308e-05,0.30765432,0.19329958
1355,0.2328338,0.12310026,0.022303343,0.124713,0.49704957
1356,0.25184417,0.2904429,0.07339382,0.15296645,0.23135261
1357,0.30997133,0.20651291,0.03207741,0.1459163,0.30552205
1358,0.3910983,0.26348618,0.06661391,0.07279339,0.20600824
1359,0.5435212,0.23260714,0.08908522,0.06918965,0.06559667
1360,0.23872548,0.1605767,5.899793e-05,0.06804834,0.5325905
1361,0.15254429,0.2310949,0.011464991,0.037218872,0.5676769
1362,0.24434158,0.10959463,0.02560976,0.05715492,0.5632991
1363,0.24077892,0.11147927,0.024016045,0.042878423,0.5808473
1364,0.35654795,0.04967558,8.852283e-06,0.030782957,0.5629847
1365,0.4339245,0.0064003495,5.1791158e-06,0.04132163,0.51834834
1366,0.36026165,0.009174307,0.06715009,0.11137871,0.45203525
1367,0.5544212,9.579283e-06,0.024633976,0.16299376,0.2579415
1368,0.46814716,3.0822698e-06,0.18032901,0.16304018,0.1884805
1369,0.5652774,3.3869585e-06,0.13384072,0.14457302,0.15630548
1370,0.6099787,7.8635065e-07,2.079768e-06,0.26728642,0.12273202
1371,0.54772615,5.0646715e-05,0.06453704,0.29821694,0.08946911
1372,0.45099512,0.06599141,0.1440142,0.26402122,0.074978076
1373,0.34772503,0.0933844,0.032183543,0.43051302,0.096193954
1374,0.16810215,0.10995909,0.15812677,0.40313998,0.16067202
1375,0.14175409,0.030147804,0.14501868,0.45006293,0.23301648
1376,0.08548604,0.16360855,0.12317064,0.46450326,0.16323158
1377,0.028794637,0.19399178,0.16113319,0.4043658,0.21171463
1378,0.04461867,0.20658703,0.1550259,0.2739297,0.31983873
1379,0.031023638,0.26501724,0.24383487,0.13827868,0.32184562
1380,0.023790207,0.24044354,0.17564495,0.115380056,0.44474125
1381,0.014079681,0.2566563,0.3622839,0.0772132,0.2897669
1382,0.011663465,0.29415157,0.40667558,0.074340165,0.21316923
1383,0.0149227595,0.3091872,0.47835875,0.03182679,0.16570452
1384,0.017491825,0.31915784,0.49206617,0.046707883,0.12457623
1385,0.016177874,0.33215752,0.504226,0.054368284,0.09307033
1386,0.015898326,0.33745956,0.49238583,0.1026751,0.051581167
1387,0.014323087,0.34417838,0.522652,0.07840505,0.040441483
1388,0.03238223,0.23791893,0.4654169,0.215376,0.048905957
1389,0.05438465,0.22576699,0.4713742,0.182702,0.06577219
1390,0.08053995,0.06146241,0.45579132,0.3347298,0.06747652
1391,0.0798577,0.12395888,0.31473505,0.36816767,0.11328064
1392,0.16004075,0.09051679,0.12688318,0.35677525,0.26578403
1393,0.254868,0.10854163,0.031581007,0.29902858,0.30598077
1394,0.25858903,0.01823485,4.7422673e-06,0.34133342,0.38183802
1395,0.26122096,0.16778678,0.034779675,0.16273752,0.37347513
1396,0.3180503,0.19408303,6.3349617e-06,0.15365845,0.33420187
1397,0.31088108,0.18588942,0.042474907,0.10160084,0.35915378
1398,0.46422118,0.22919475,0.033813428,0.08993254,0.18283813
1399,0.5747297,0.18272577,0.03958611,0.08446578,0.11849278
1400,0.2526872,0.164847,9.1146336e-05,0.06456942,0.5178052
1401,0.27775982,0.16043808,8.380126e-05,0.017923746,0.5437945
1402,0.2975535,0.11165269,2.174111e-05,0.04685321,0.5439188
1403,0.3325709,0.073791206,0.013023745,0.047216214,0.53339785
1404,0.4045611,0.019559797,5.169427e-06,0.017236445,0.55863744
1405,0.5287968,0.0716096,3.1092832e-06,0.04452015,0.35507038
1406,0.55503786,1.0821313e-06,6.166671e-06,0.13568726,0.3092676
1407,0.6706832,0.03424111,2.0709886e-06,0.17850572,0.1165679
1408,0.61061734,1.4292015e-06,0.14088033,0.12157237,0.12692845
1409,0.72141343,6.4426507e-07,1.3610171e-06,0.1781431,0.10044144
1410,0.6794294,3.072596e-07,1.2131691e-05,0.2546154,0.06594281
1411,0.58759373,1.4971962e-06,0.060788848,0.22202674,0.12958914
1412,0.50680184,0.047231287,0.1060929,0.2829194,0.05695451
1413,0.29428,0.07813733,0.15061592,0.40133846,0.0756283
1414,0.20311873,0.08347692,0.1837594,0.3713978,0.15824717
1415,0.12031316,0.1136194,0.19508724,0.41901463,0.1519656
1416,0.05979984,0.16989826,0.1076578,0.41734302,0.24530105
1417,0.048956104,0.2133878,0.21965517,0.42340612,0.09459477
1418,0.008356604,0.17649032,0.20350684,0.35139427,0.26025194
1419,0.033840034,0.29921988,0.17555678,0.19857202,0.29281133
1420,0.04197476,0.29210845,0.25844723,0.13253228,0.2749373
1421,2.468843e-08,0.2760869,0.33984396,0.06046327,0.3236058
1422,0.046301764,0.23685153,0.44046733,0.1351137,0.14126568
1423,0.028207175,0.27337357,0.47494164,0.051720098,0.17175753
1424,0.026929883,0.36645627,0.4740803,0.09306901,0.03946447
1425,0.04589361,0.30117422,0.50807947,0.06914865,0.07570401
1426,0.012440825,0.37453994,0.4896033,0.069725245,0.053690698
1427,0.012554497,0.34094316,0.47137094,0.106678136,0.06845325
1428,0.006938662,0.2773716,0.46462283,0.19426805,0.05679886
1429,0.05819462,0.17724079,0.49348876,0.21774077,0.05333503
1430,0.06558904,0.098937236,0.44743526,0.29452363,0.09351482
1431,0.06077793,0.063745104,0.4485777,0.36121964,0.06567963
1432,0.17233703,0.14642979,0.111547895,0.41246554,0.15721983
1433,0.21905997,0.18519413,0.074164644,0.29374185,0.22783941
1434,0.11720732,0.20386341,0.121525176,0.23036577,0.32703832
1435,0.19861346,0.14356107,0.06313126,0.16550803,0.4291862
1436,0.2459163,0.21602938,0.08467827,0.1570419,0.29633412
1437,0.37863076,0.22878635,0.072633356,0.06067898,0.25927055
1438,0.48817065,0.21595214,0.018705664,0.04327091,0.23390062
1439,0.5169647,0.1264159,0.13674223,0.07454773,0.14532948
1440,0.2714653,0.09007329,0.00013096911,0.0990901,0.53924036
1441,0.36514592,0.025156656,3.3005879e-06,0.037705973,0.57198817
1442,0.32776198,0.06383015,7.4804702e-06,0.060856827,0.5475436
1443,0.38837686,0.056125365,3.4670684e-06,0.050542247,0.504952
1444,0.42497915,0.08229082,3.710862e-06,0.04446796,0.44825834
1445,0.56021273,3.4165474e-05,7.7896055e-07,0.15414548,0.2856068
1446,0.63232636,1.7068156e-06,0.00029468525,0.11793297,0.2494443
1447,0.5865462,1.1649608e-05,0.034225877,0.15602438,0.2231919
1448,0.6248207,7.795084e-07,0.059434373,0.21710253,0.09864163
1449,0.6147695,9.1695796e-07,0.10424982,0.23047477,0.050504986
1450,0.61804664,2.97614e-06,1.2657616e-06,0.23725633,0.14469276
1451,0.5410022,0.043287955,0.11250181,0.25812286,0.04508523
1452,0.53836936,2.7266306e-05,0.1035858,0.2541704,0.10384714
1453,0.38460264,1.2150472e-05,0.17265238,0.3935289,0.049203873
1454,0.281968,0.09045378,0.11078306,0.43651453,0.08028061
1455,0.13779338,0.16485924,0.13056028,0.4210577,0.14572938
1456,0.10160765,0.1313082,0.24163042,0.46126172,0.06419201
1457,0.030664405,0.26602903,0.13043207,0.3745499,0.19832455
1458,0.014636722,0.24224868,0.22125189,0.37474805,0.1471146
1459,0.039696697,0.45141903,0.058953386,0.32648054,0.1234504
1460,0.025303166,0.41520104,0.34636325,0.102860495,0.11027202
1461,0.024190873,0.27341992,0.45122856,0.054871205,0.19628944
1462,0.034615222,0.3123074,0.45399153,0.12879425,0.07029163
1463,0.09551051,0.24524294,0.47376138,0.10029391,0.085191175
1464,0.07896784,0.23606966,0.46393314,0.119701676,0.10132764
1465,0.052006874,0.3676638,0.504334,0.027905608,0.048089754
1466,0.04151461,0.35604697,0.4931253,0.06344317,0.045870047
1467,0.047020268,0.27804604,0.49838346,0.13879721,0.03775297
1468,0.045939345,0.1723919,0.48963383,0.21086146,0.08117336
1469,0.06811946,0.19038278,0.48127213,0.22488551,0.03534011
1470,0.04571204,0.11283266,0.39197013,0.26143697,0.18804821
1471,0.09470951,0.09566187,0.35618985,0.35436216,0.09907662
1472,0.1757841,0.091100164,0.18902165,0.27807447,0.26601958
1473,0.12641494,0.19959742,0.11073158,0.2534324,0.3098237
1474,0.23399921,0.23321308,1.3988221e-05,0.14850493,0.38426876
1475,0.22033288,0.22358455,0.09570137,0.13200004,0.32838118
1476,0.37762007,0.14521344,2.5907175e-06,0.074916154,0.40224776
1477,0.30874255,0.18976496,1.2661758e-05,0.069813594,0.43166623
1478,0.6046202,0.08824358,0.052081272,0.06333389,0.19172105
1479,0.5698008,0.12742396,0.059779692,0.041216537,0.20177901
1480,0.35263735,0.14182177,6.281977e-06,0.11829764,0.38723698
1481,0.48424855,0.09182047,1.0612266e-06,0.10441439,0.3195156
1482,0.3632962,0.10865461,0.016806774,0.06571409,0.44552833
1483,0.51110005,2.8114722e-05,1.2313118e-06,0.12548888,0.3633817
1484,0.5238994,0.08514062,1.6426617e-06,0.13409562,0.25686282
1485,0.53086686,0.12645055,1.7139739e-06,0.13907936,0.2036016
1486,0.6060341,0.07717581,1.0100179e-06,0.19018653,0.12660259
1487,0.60628945,2.2868755e-06,0.10307819,0.18689997,0.10373011
1488,0.6140966,0.060203236,0.049877927,0.17799273,0.09782951
1489,0.66922456,1.6179289e-06,0.018911645,0.21827672,0.09358544
1490,0.5962309,1.6132772e-06,0.056343324,0.28415656,0.063267566
1491,0.539437,0.12066389,0.023961626,0.31593382,3.672372e-06
1492,0.4901239,0.038698137,0.111856334,0.31824055,0.041081082
1493,0.31748542,0.07587308,0.12084235,0.41678604,0.0690131
1494,0.17562784,0.09922012,0.21621889,0.45251998,0.056413125
1495,0.13950843,0.07145636,0.108672075,0.5317414,0.14862175
1496,0.14563663,0.110530846,0.17643392,0.44227573,0.12512282
1497,0.049780395,0.08783029,0.24788618,0.45229617,0.16220689
1498,0.11402891,0.18819189,0.27774194,0.35765404,0.062383153
1499,0.05698937,0.2410037,0.23460162,0.35037115,0.11703416
1500,0.097677015,0.4610584,0.19038513,0.17834327,0.0725362
1501,0.06541878,0.22977158,0.45850936,0.18196115,0.06433912
1502,0.11948581,0.29698992,0.3489785,0.19013795,0.044407956
1503,0.12808527,0.2557976,0.4839771,0.11174292,0.020397158
1504,0.059592992,0.26920804,0.47843048,0.080010206,0.112758204
1505,0.10512982,0.21907778,0.5124063,0.13171874,0.031667277
1506,0.084694445,0.26515734,0.466497,0.1469725,0.03667874
1507,0.04843717,0.25041693,0.45672005,0.2206324,0.023793425
1508,0.060481742,0.25603354,0.4747483,0.16315222,0.045584116
1509,0.06982945,0.10545113,0.47949767,0.3089446,0.036277145
1510,0.06372946,0.04239411,0.4381876,0.30008525,0.15560363
1511,0.06358649,0.16287504,0.44894758,0.23129267,0.09329819
1512,0.12427239,0.050109133,0.30864775,0.2957569,0.22121385
1513,0.12016485,0.11968476,0.20656763,0.2540671,0.29951558
1514,0.1997654,0.1767857,0.078298666,0.1368512,0.4082991
1515,0.24238373,0.24228491,0.0040901066,0.10926792,0.40197328
1516,0.2507262,0.20209819,0.00024412404,0.1131276,0.43380386
1517,0.3697203,0.15775862,1.5765227e-05,0.05689402,0.41561127
1518,0.4362859,0.15993142,0.015405737,0.03089199,0.35748497
1519,0.624244,0.057520274,4.4649256e-05,0.015331721,0.30285925
1520,0.3330109,0.097587526,0.1200746,0.07703952,0.37228754
1521,0.4538387,0.22055055,2.6943392e-06,0.108460456,0.2171476
1522,0.4626555,0.14722952,7.086128e-07,0.15081286,0.23930134
1523,0.6131329,9.348367e-06,7.6642056e-07,0.11474309,0.2721139
1524,0.5489785,0.19567256,1.0865085e-06,0.107477345,0.14787053
1525,0.57570374,0.00090023945,4.4715517e-07,0.18389368,0.23950197
1526,0.6063481,5.286807e-06,5.2726847e-07,0.22833587,0.16531022
1527,0.5455894,1.2052157e-06,0.049238823,0.28363943,0.121531144
1528,0.54023516,0.105785586,0.12207428,0.19882967,0.033075333
1529,0.5735748,1.6894808e-06,0.07092536,0.24383047,0.1116677
1530,0.52382654,0.03957775,0.14791217,0.2214556,0.06722799
1531,0.4992058,2.1662227e-06,0.09959017,0.3535913,0.04761061
1532,0.4427661,0.09099267,0.060893875,0.3535653,0.051782135
1533,0.37540373,0.12187969,0.05902941,0.36095124,0.08273582
1534,0.21857294,0.16963159,0.116899796,0.36876976,0.12612593
1535,0.21668993,0.1859187,0.054675367,0.41997778,0.12273814
1536,0.08257033,0.13354678,0.19433688,0.5129045,0.0766414
1537,0.06934955,0.2527822,0.1517686,0.41358376,0.11251591
1538,0.07765911,0.31779504,0.1352519,0.4304159,0.038878128
1539,0.14579034,0.22695833,0.13473079,0.4006127,0.09190781
1540,0.098417744,0.24523409,0.28065953,0.31146452,0.06422414
1541,0.11119985,0.29365304,0.19750804,0.29675546,0.10088359
1542,0.13402052,0.13106148,0.48180214,0.21339956,0.03971636
1543,0.16347392,0.098238796,0.49466214,0.14692597,0.09669919
1544,0.17036436,0.15259556,0.5090371,0.10019112,0.06781186
1545,0.11550447,0.20620212,0.4979278,0.14905803,0.03130753
1546,0.117848836,0.15191886,0.5029613,0.13278875,0.094482325
1547,0.09324777,0.11831976,0.509954,0.2288206,0.049657922
1548,0.06257377,0.19997631,0.47217208,0.26454717,0.00073061977
1549,0.053468354,0.19406185,0.4474368,0.24489848,0.06013452
1550,0.058254916,0.04336508,0.4974814,0.2666259,0.13427271
1551,0.049813725,0.09328923,0.4459904,0.32725304,0.08365359
1552,0.040664647,0.00088433485,0.3330846,0.31250724,0.31285915
1553,0.12792224,0.009681477,0.26618543,0.19613855,0.40007228
1554,0.13790347,0.18264754,0.14981398,0.21136487,0.3182701
1555,0.19949943,0.15359406,0.024080453,0.16214463,0.4606815
1556,0.19407462,0.26522458,5.9127568e-05,0.081757106,0.4588846
1557,0.36173242,0.19971123,5.310228e-06,0.0501007,0.38845035
1558,0.47977751,0.08623218,3.543489e-06,0.036068693,0.3979181
1559,0.51573217,0.0013927512,0.0349181,0.01325246,0.43470448
1560,0.45528504,0.2639059,0.0064606504,0.096216366,0.17813206
1561,0.49220017,0.31139162,1.5421036e-06,0.06906158,0.12734504
1562,0.5447823,0.1965901,0.031093182,0.051262833,0.17627162
1563,0.60300624,0.13801906,0.0019046521,0.1483919,0.10867824
1564,0.56855196,0.129297,1.2602227e-06,0.16550614,0.1366437
1565,0.4921348,0.11008284,0.059401054,0.23930404,0.09907729
1566,0.5097038,0.11314256,0.03783844,0.25581315,0.08350206
1567,0.3981815,0.08382238,0.124763004,0.34404737,0.049185794
1568,0.5096352,2.666477e-06,0.10826086,0.32437974,0.057721518
1569,0.41489875,0.12400735,0.116410434,0.28100866,0.06367482
1570,0.44091737,0.030280178,0.14152186,0.2913918,0.095888846
1571,0.34884548,0.13466847,0.16904446,0.3421171,0.0053245146
1572,0.4086028,0.112552375,0.0940649,0.33167705,0.053102884
1573,0.36680263,0.1234283,0.11276534,0.3327087,0.06429502
1574,0.3012136,0.1120153,0.123935424,0.43791562,0.024920093
1575,0.22911377,0.13518862,0.14688921,0.38422826,0.10458014
1576,0.15105104,0.07651544,0.043687217,0.62858856,0.10015768
1577,0.1565244,0.21264002,0.039429538,0.51100105,0.080405034
1578,0.114067666,0.20383947,0.11889698,0.5228359,0.04035997
1579,0.1528507,0.16794224,0.2321104,0.38439116,0.06270551
1580,0.163054,0.1889466,0.0677028,0.48322603,0.097070575
1581,0.12743014,0.20459025,0.2897999,0.3324315,0.045748267
1582,0.24895424,0.06410141,0.28654054,0.30220416,0.09819959
1583,0.123686984,8.305413e-06,0.30403635,0.43632868,0.1359397
1584,0.14358427,0.14996213,0.48316586,0.20844632,0.014841488
1585,0.152514,0.017542731,0.31950623,0.41622737,0.09420958
1586,0.13410895,0.025117446,0.49136868,0.26482207,0.08458295
1587,0.12193937,0.017735949,0.46946988,0.30090687,0.08994795
1588,0.06719086,0.018704854,0.43114293,0.41862437,0.06433699
1589,0.03883533,0.10282073,0.4286816,0.34338018,0.08628211
1590,0.05296658,0.13932972,0.45938626,0.25904018,0.08927723
1591,0.015772631,0.08187058,0.4235686,0.30244786,0.17634037
1592,0.028039055,0.11957217,0.3054142,0.3245417,0.22243291
1593,0.05864186,0.08438304,0.1517519,0.2382403,0.4669829
1594,0.09668215,0.11248833,0.124149784,0.12686512,0.5398146
1595,0.11324134,0.22666639,0.039535914,0.043041993,0.5775144
1596,0.23168105,0.15618993,0.047153547,0.11040676,0.4545687
1597,0.26566014,0.1000907,1.4496055e-05,0.03305225,0.60118234
1598,0.37921718,0.12710501,3.541307e-06,0.04687915,0.44679508
1599,0.5018388,1.9655038e-06,6.13624e-07,0.016611958,0.4815467
